{
"type": "FeatureCollection",
"name": "signal_lah_cells_v2_enriched",
"crs": { "type": "name", "properties": { "name": "urn:ogc:def:crs:OGC:1.3:CRS84" } },
"features": [
{ "type": "Feature", "properties": { "cell_id": "KS_001", "cell_area_km2": 1.3528033881201409, "center_lon": 101.31796471430584, "center_lat": 3.5858602482900244, "study_area": "Kuala Selangor", "dataset_version": "2.0.0", "geoai_model_version": "kmeans-k3-v1", "network_tiles": 0, "network_tests": 0, "avg_download_mbps": null, "avg_upload_mbps": null, "avg_latency_ms": null, "network_data_present": false, "population": null, "population_pixels": 0, "population_data_present": false, "school_count": 0, "hospital_count": 0, "clinic_count": 0, "doctor_count": 0, "healthcare_count": 0, "download_gap": null, "upload_gap": null, "latency_gap": null, "connectivity_gap_score": null, "population_exposure": null, "school_exposure": 0.0, "healthcare_exposure": 0.0, "general_exposure": null, "education_exposure": null, "healthcare_exposure_mode": null, "score_general": null, "score_education": null, "score_healthcare": null, "priority_general": "Evidence Gap", "priority_education": "Evidence Gap", "priority_healthcare": "Evidence Gap", "decision_general": "Evidence Gap", "decision_education": "Evidence Gap", "decision_healthcare": "Evidence Gap", "analysis_status": "Evidence Gap", "evidence_label": "Evidence Gap", "evidence_strength_score": null, "evidence_gap_exposure": null, "evidence_gap_rank": null, "validation_needed": false, "top5_general": false, "top5_education": false, "top5_healthcare": false, "top5_evidence_gap": false, "ai_cluster_id": null, "ai_profile": "Unclassified - Evidence Gap", "ai_profile_status": "Unclassified - insufficient connectivity observations", "ai_profile_description": "Insufficient observed connectivity data for GeoAI profiling.", "ai_profile_interpretation": "Not classified", "cluster_silhouette": null, "nearest_locality": "Kampung Ampangan", "nearest_locality_type": "hamlet", "nearest_major_locality": "Kampung Seri Tiram Jaya", "nearest_major_locality_type": "village", "nearest_locality_distance_km": 15.95, "nearest_major_locality_distance_km": 19.09, "locality_source": "OpenStreetMap / Geofabrik" }, "geometry": { "type": "Polygon", "coordinates": [ [ [ 101.322447704629525, 3.579734476330958 ], [ 101.304454083083982, 3.579780080341481 ], [ 101.304460977615193, 3.582535949055401 ], [ 101.322471610830604, 3.589207278939239 ], [ 101.322447704629525, 3.579734476330958 ] ] ] } },
{ "type": "Feature", "properties": { "cell_id": "KS_002", "cell_area_km2": 3.7107627394478815, "center_lon": 101.34945211830885, "center_lat": 3.5853152450734118, "study_area": "Kuala Selangor", "dataset_version": "2.0.0", "geoai_model_version": "kmeans-k3-v1", "network_tiles": 0, "network_tests": 0, "avg_download_mbps": null, "avg_upload_mbps": null, "avg_latency_ms": null, "network_data_present": false, "population": null, "population_pixels": 0, "population_data_present": false, "school_count": 0, "hospital_count": 0, "clinic_count": 0, "doctor_count": 0, "healthcare_count": 0, "download_gap": null, "upload_gap": null, "latency_gap": null, "connectivity_gap_score": null, "population_exposure": null, "school_exposure": 0.0, "healthcare_exposure": 0.0, "general_exposure": null, "education_exposure": null, "healthcare_exposure_mode": null, "score_general": null, "score_education": null, "score_healthcare": null, "priority_general": "Evidence Gap", "priority_education": "Evidence Gap", "priority_healthcare": "Evidence Gap", "decision_general": "Evidence Gap", "decision_education": "Evidence Gap", "decision_healthcare": "Evidence Gap", "analysis_status": "Evidence Gap", "evidence_label": "Evidence Gap", "evidence_strength_score": null, "evidence_gap_exposure": null, "evidence_gap_rank": null, "validation_needed": false, "top5_general": false, "top5_education": false, "top5_healthcare": false, "top5_evidence_gap": false, "ai_cluster_id": null, "ai_profile": "Unclassified - Evidence Gap", "ai_profile_status": "Unclassified - insufficient connectivity observations", "ai_profile_description": "Insufficient observed connectivity data for GeoAI profiling.", "ai_profile_interpretation": "Not classified", "cluster_silhouette": null, "nearest_locality": "Kampung Ampangan", "nearest_locality_type": "hamlet", "nearest_major_locality": "Kampung Seri Tiram Jaya", "nearest_major_locality_type": "village", "nearest_locality_distance_km": 19.39, "nearest_major_locality_distance_km": 21.66, "locality_source": "OpenStreetMap / Geofabrik" }, "geometry": { "type": "Polygon", "coordinates": [ [ [ 101.340441094570011, 3.579688518400623 ], [ 101.340482306840897, 3.595878080656997 ], [ 101.345547921824931, 3.597754183598796 ], [ 101.349499894000076, 3.599217807000058 ], [ 101.349414112000034, 3.599783597000056 ], [ 101.351506893424045, 3.597738774971892 ], [ 101.358463216602161, 3.590941809100025 ], [ 101.358434251115085, 3.579642206573124 ], [ 101.340441094570011, 3.579688518400623 ] ] ] } },
{ "type": "Feature", "properties": { "cell_id": "KS_003", "cell_area_km2": 0.80758423668076029, "center_lon": 101.36135477518785, "center_lat": 3.5852844833566202, "study_area": "Kuala Selangor", "dataset_version": "2.0.0", "geoai_model_version": "kmeans-k3-v1", "network_tiles": 0, "network_tests": 0, "avg_download_mbps": null, "avg_upload_mbps": null, "avg_latency_ms": null, "network_data_present": false, "population": null, "population_pixels": 0, "population_data_present": false, "school_count": 0, "hospital_count": 0, "clinic_count": 0, "doctor_count": 0, "healthcare_count": 0, "download_gap": null, "upload_gap": null, "latency_gap": null, "connectivity_gap_score": null, "population_exposure": null, "school_exposure": 0.0, "healthcare_exposure": 0.0, "general_exposure": null, "education_exposure": null, "healthcare_exposure_mode": null, "score_general": null, "score_education": null, "score_healthcare": null, "priority_general": "Evidence Gap", "priority_education": "Evidence Gap", "priority_healthcare": "Evidence Gap", "decision_general": "Evidence Gap", "decision_education": "Evidence Gap", "decision_healthcare": "Evidence Gap", "analysis_status": "Evidence Gap", "evidence_label": "Evidence Gap", "evidence_strength_score": null, "evidence_gap_exposure": null, "evidence_gap_rank": null, "validation_needed": false, "top5_general": false, "top5_education": false, "top5_healthcare": false, "top5_evidence_gap": false, "ai_cluster_id": null, "ai_profile": "Unclassified - Evidence Gap", "ai_profile_status": "Unclassified - insufficient connectivity observations", "ai_profile_description": "Insufficient observed connectivity data for GeoAI profiling.", "ai_profile_interpretation": "Not classified", "cluster_silhouette": null, "nearest_locality": "Sime Darby Plantation Ladang Tennamaram", "nearest_locality_type": "hamlet", "nearest_major_locality": "Kampung Seri Tiram Jaya", "nearest_major_locality_type": "village", "nearest_locality_distance_km": 18.27, "nearest_major_locality_distance_km": 22.19, "locality_source": "OpenStreetMap / Geofabrik" }, "geometry": { "type": "Polygon", "coordinates": [ [ [ 101.358434251115085, 3.579642206573124 ], [ 101.358463216602161, 3.590941809100025 ], [ 101.370058354324215, 3.57961209930589 ], [ 101.358434251115085, 3.579642206573124 ] ] ] } },
{ "type": "Feature", "properties": { "cell_id": "KS_004", "cell_area_km2": 2.8389444275568239, "center_lon": 101.33145641998571, "center_lat": 3.5844479127523421, "study_area": "Kuala Selangor", "dataset_version": "2.0.0", "geoai_model_version": "kmeans-k3-v1", "network_tiles": 0, "network_tests": 0, "avg_download_mbps": null, "avg_upload_mbps": null, "avg_latency_ms": null, "network_data_present": false, "population": null, "population_pixels": 0, "population_data_present": false, "school_count": 0, "hospital_count": 0, "clinic_count": 0, "doctor_count": 0, "healthcare_count": 0, "download_gap": null, "upload_gap": null, "latency_gap": null, "connectivity_gap_score": null, "population_exposure": null, "school_exposure": 0.0, "healthcare_exposure": 0.0, "general_exposure": null, "education_exposure": null, "healthcare_exposure_mode": null, "score_general": null, "score_education": null, "score_healthcare": null, "priority_general": "Evidence Gap", "priority_education": "Evidence Gap", "priority_healthcare": "Evidence Gap", "decision_general": "Evidence Gap", "decision_education": "Evidence Gap", "decision_healthcare": "Evidence Gap", "analysis_status": "Evidence Gap", "evidence_label": "Evidence Gap", "evidence_strength_score": null, "evidence_gap_exposure": null, "evidence_gap_rank": null, "validation_needed": false, "top5_general": false, "top5_education": false, "top5_healthcare": false, "top5_evidence_gap": false, "ai_cluster_id": null, "ai_profile": "Unclassified - Evidence Gap", "ai_profile_status": "Unclassified - insufficient connectivity observations", "ai_profile_description": "Insufficient observed connectivity data for GeoAI profiling.", "ai_profile_interpretation": "Not classified", "cluster_silhouette": null, "nearest_locality": "Kampung Ampangan", "nearest_locality_type": "hamlet", "nearest_major_locality": "Kampung Seri Tiram Jaya", "nearest_major_locality_type": "village", "nearest_locality_distance_km": 17.7, "nearest_major_locality_distance_km": 20.4, "locality_source": "OpenStreetMap / Geofabrik" }, "geometry": { "type": "Polygon", "coordinates": [ [ [ 101.340441094570011, 3.579688518400623 ], [ 101.322447704629525, 3.579734476330958 ], [ 101.322471610830604, 3.589207278939239 ], [ 101.340482306840897, 3.595878080656997 ], [ 101.340441094570011, 3.579688518400623 ] ] ] } },
{ "type": "Feature", "properties": { "cell_id": "KS_005", "cell_area_km2": 4.0, "center_lon": 101.31342825730235, "center_lat": 3.5707177851791569, "study_area": "Kuala Selangor", "dataset_version": "2.0.0", "geoai_model_version": "kmeans-k3-v1", "network_tiles": 0, "network_tests": 0, "avg_download_mbps": null, "avg_upload_mbps": null, "avg_latency_ms": null, "network_data_present": false, "population": null, "population_pixels": 0, "population_data_present": false, "school_count": 0, "hospital_count": 0, "clinic_count": 0, "doctor_count": 0, "healthcare_count": 0, "download_gap": null, "upload_gap": null, "latency_gap": null, "connectivity_gap_score": null, "population_exposure": null, "school_exposure": 0.0, "healthcare_exposure": 0.0, "general_exposure": null, "education_exposure": null, "healthcare_exposure_mode": null, "score_general": null, "score_education": null, "score_healthcare": null, "priority_general": "Evidence Gap", "priority_education": "Evidence Gap", "priority_healthcare": "Evidence Gap", "decision_general": "Evidence Gap", "decision_education": "Evidence Gap", "decision_healthcare": "Evidence Gap", "analysis_status": "Evidence Gap", "evidence_label": "Evidence Gap", "evidence_strength_score": null, "evidence_gap_exposure": null, "evidence_gap_rank": null, "validation_needed": false, "top5_general": false, "top5_education": false, "top5_healthcare": false, "top5_evidence_gap": false, "ai_cluster_id": null, "ai_profile": "Unclassified - Evidence Gap", "ai_profile_status": "Unclassified - insufficient connectivity observations", "ai_profile_description": "Insufficient observed connectivity data for GeoAI profiling.", "ai_profile_interpretation": "Not classified", "cluster_silhouette": null, "nearest_locality": "Kampung Ampangan", "nearest_locality_type": "hamlet", "nearest_major_locality": "Kampung Seri Tiram Jaya", "nearest_major_locality_type": "village", "nearest_locality_distance_km": 15.01, "nearest_major_locality_distance_km": 17.82, "locality_source": "OpenStreetMap / Geofabrik" }, "geometry": { "type": "Polygon", "coordinates": [ [ [ 101.304408985655527, 3.561700888400396 ], [ 101.304454083083982, 3.579780080341481 ], [ 101.322447704629525, 3.579734476330958 ], [ 101.322402255840345, 3.5616555152788 ], [ 101.304408985655527, 3.561700888400396 ] ] ] } },
{ "type": "Feature", "properties": { "cell_id": "KS_006", "cell_area_km2": 4.0, "center_lon": 101.33142158737061, "center_lat": 3.570672120099422, "study_area": "Kuala Selangor", "dataset_version": "2.0.0", "geoai_model_version": "kmeans-k3-v1", "network_tiles": 0, "network_tests": 0, "avg_download_mbps": null, "avg_upload_mbps": null, "avg_latency_ms": null, "network_data_present": false, "population": null, "population_pixels": 0, "population_data_present": false, "school_count": 0, "hospital_count": 0, "clinic_count": 0, "doctor_count": 0, "healthcare_count": 0, "download_gap": null, "upload_gap": null, "latency_gap": null, "connectivity_gap_score": null, "population_exposure": null, "school_exposure": 0.0, "healthcare_exposure": 0.0, "general_exposure": null, "education_exposure": null, "healthcare_exposure_mode": null, "score_general": null, "score_education": null, "score_healthcare": null, "priority_general": "Evidence Gap", "priority_education": "Evidence Gap", "priority_healthcare": "Evidence Gap", "decision_general": "Evidence Gap", "decision_education": "Evidence Gap", "decision_healthcare": "Evidence Gap", "analysis_status": "Evidence Gap", "evidence_label": "Evidence Gap", "evidence_strength_score": null, "evidence_gap_exposure": null, "evidence_gap_rank": null, "validation_needed": false, "top5_general": false, "top5_education": false, "top5_healthcare": false, "top5_evidence_gap": false, "ai_cluster_id": null, "ai_profile": "Unclassified - Evidence Gap", "ai_profile_status": "Unclassified - insufficient connectivity observations", "ai_profile_description": "Insufficient observed connectivity data for GeoAI profiling.", "ai_profile_interpretation": "Not classified", "cluster_silhouette": null, "nearest_locality": "Kampung Ampangan", "nearest_locality_type": "hamlet", "nearest_major_locality": "Kampung Seri Tiram Jaya", "nearest_major_locality_type": "village", "nearest_locality_distance_km": 16.72, "nearest_major_locality_distance_km": 18.93, "locality_source": "OpenStreetMap / Geofabrik" }, "geometry": { "type": "Polygon", "coordinates": [ [ [ 101.322402255840345, 3.5616555152788 ], [ 101.322447704629525, 3.579734476330958 ], [ 101.340441094570011, 3.579688518400623 ], [ 101.340395294442573, 3.561609790029233 ], [ 101.322402255840345, 3.5616555152788 ] ] ] } },
{ "type": "Feature", "properties": { "cell_id": "KS_007", "cell_area_km2": 4.0, "center_lon": 101.34941468494991, "center_lat": 3.5706261020070769, "study_area": "Kuala Selangor", "dataset_version": "2.0.0", "geoai_model_version": "kmeans-k3-v1", "network_tiles": 0, "network_tests": 0, "avg_download_mbps": null, "avg_upload_mbps": null, "avg_latency_ms": null, "network_data_present": false, "population": null, "population_pixels": 0, "population_data_present": false, "school_count": 0, "hospital_count": 0, "clinic_count": 0, "doctor_count": 0, "healthcare_count": 0, "download_gap": null, "upload_gap": null, "latency_gap": null, "connectivity_gap_score": null, "population_exposure": null, "school_exposure": 0.0, "healthcare_exposure": 0.0, "general_exposure": null, "education_exposure": null, "healthcare_exposure_mode": null, "score_general": null, "score_education": null, "score_healthcare": null, "priority_general": "Evidence Gap", "priority_education": "Evidence Gap", "priority_healthcare": "Evidence Gap", "decision_general": "Evidence Gap", "decision_education": "Evidence Gap", "decision_healthcare": "Evidence Gap", "analysis_status": "Evidence Gap", "evidence_label": "Evidence Gap", "evidence_strength_score": null, "evidence_gap_exposure": null, "evidence_gap_rank": null, "validation_needed": false, "top5_general": false, "top5_education": false, "top5_healthcare": false, "top5_evidence_gap": false, "ai_cluster_id": null, "ai_profile": "Unclassified - Evidence Gap", "ai_profile_status": "Unclassified - insufficient connectivity observations", "ai_profile_description": "Insufficient observed connectivity data for GeoAI profiling.", "ai_profile_interpretation": "Not classified", "cluster_silhouette": null, "nearest_locality": "Sime Darby Plantation Ladang Tennamaram", "nearest_locality_type": "hamlet", "nearest_major_locality": "Kampung Seri Tiram Jaya", "nearest_major_locality_type": "village", "nearest_locality_distance_km": 18.06, "nearest_major_locality_distance_km": 20.18, "locality_source": "OpenStreetMap / Geofabrik" }, "geometry": { "type": "Polygon", "coordinates": [ [ [ 101.340395294442573, 3.561609790029233 ], [ 101.340441094570011, 3.579688518400623 ], [ 101.358434251115085, 3.579642206573124 ], [ 101.358388099671998, 3.561563712674228 ], [ 101.340395294442573, 3.561609790029233 ] ] ] } },
{ "type": "Feature", "properties": { "cell_id": "KS_008", "cell_area_km2": 3.8666623486834717, "center_lon": 101.29542977668667, "center_lat": 3.5687824906611851, "study_area": "Kuala Selangor", "dataset_version": "2.0.0", "geoai_model_version": "kmeans-k3-v1", "network_tiles": 0, "network_tests": 0, "avg_download_mbps": null, "avg_upload_mbps": null, "avg_latency_ms": null, "network_data_present": false, "population": null, "population_pixels": 0, "population_data_present": false, "school_count": 0, "hospital_count": 0, "clinic_count": 0, "doctor_count": 0, "healthcare_count": 0, "download_gap": null, "upload_gap": null, "latency_gap": null, "connectivity_gap_score": null, "population_exposure": null, "school_exposure": 0.0, "healthcare_exposure": 0.0, "general_exposure": null, "education_exposure": null, "healthcare_exposure_mode": null, "score_general": null, "score_education": null, "score_healthcare": null, "priority_general": "Evidence Gap", "priority_education": "Evidence Gap", "priority_healthcare": "Evidence Gap", "decision_general": "Evidence Gap", "decision_education": "Evidence Gap", "decision_healthcare": "Evidence Gap", "analysis_status": "Evidence Gap", "evidence_label": "Evidence Gap", "evidence_strength_score": null, "evidence_gap_exposure": null, "evidence_gap_rank": null, "validation_needed": false, "top5_general": false, "top5_education": false, "top5_healthcare": false, "top5_evidence_gap": false, "ai_cluster_id": null, "ai_profile": "Unclassified - Evidence Gap", "ai_profile_status": "Unclassified - insufficient connectivity observations", "ai_profile_description": "Insufficient observed connectivity data for GeoAI profiling.", "ai_profile_interpretation": "Not classified", "cluster_silhouette": null, "nearest_locality": "Kampung Ampangan", "nearest_locality_type": "hamlet", "nearest_major_locality": "Kampung Seri Tiram Jaya", "nearest_major_locality_type": "village", "nearest_locality_distance_km": 13.42, "nearest_major_locality_distance_km": 16.87, "locality_source": "OpenStreetMap / Geofabrik" }, "geometry": { "type": "Polygon", "coordinates": [ [ [ 101.304408985655527, 3.561700888400396 ], [ 101.286415485678361, 3.561745909371661 ], [ 101.286450408267612, 3.575864092985874 ], [ 101.297071606491144, 3.579798688326151 ], [ 101.304460977615193, 3.582535949055401 ], [ 101.304454083083982, 3.579780080341481 ], [ 101.304408985655527, 3.561700888400396 ] ] ] } },
{ "type": "Feature", "properties": { "cell_id": "KS_009", "cell_area_km2": 3.7575666759832291, "center_lon": 101.36739961924224, "center_lat": 3.5674842171055166, "study_area": "Kuala Selangor", "dataset_version": "2.0.0", "geoai_model_version": "kmeans-k3-v1", "network_tiles": 0, "network_tests": 0, "avg_download_mbps": null, "avg_upload_mbps": null, "avg_latency_ms": null, "network_data_present": false, "population": null, "population_pixels": 0, "population_data_present": false, "school_count": 0, "hospital_count": 0, "clinic_count": 0, "doctor_count": 0, "healthcare_count": 0, "download_gap": null, "upload_gap": null, "latency_gap": null, "connectivity_gap_score": null, "population_exposure": null, "school_exposure": 0.0, "healthcare_exposure": 0.0, "general_exposure": null, "education_exposure": null, "healthcare_exposure_mode": null, "score_general": null, "score_education": null, "score_healthcare": null, "priority_general": "Evidence Gap", "priority_education": "Evidence Gap", "priority_healthcare": "Evidence Gap", "decision_general": "Evidence Gap", "decision_education": "Evidence Gap", "decision_healthcare": "Evidence Gap", "analysis_status": "Evidence Gap", "evidence_label": "Evidence Gap", "evidence_strength_score": null, "evidence_gap_exposure": null, "evidence_gap_rank": null, "validation_needed": false, "top5_general": false, "top5_education": false, "top5_healthcare": false, "top5_evidence_gap": false, "ai_cluster_id": null, "ai_profile": "Unclassified - Evidence Gap", "ai_profile_status": "Unclassified - insufficient connectivity observations", "ai_profile_description": "Insufficient observed connectivity data for GeoAI profiling.", "ai_profile_interpretation": "Not classified", "cluster_silhouette": null, "nearest_locality": "Sime Darby Plantation Ladang Tennamaram", "nearest_locality_type": "hamlet", "nearest_major_locality": "Kampung Seri Tiram Jaya", "nearest_major_locality_type": "village", "nearest_locality_distance_km": 16.78, "nearest_major_locality_distance_km": 21.48, "locality_source": "OpenStreetMap / Geofabrik" }, "geometry": { "type": "Polygon", "coordinates": [ [ [ 101.376380669738552, 3.561517283236491 ], [ 101.358388099671998, 3.561563712674228 ], [ 101.358434251115085, 3.579642206573124 ], [ 101.370058354324215, 3.57961209930589 ], [ 101.376411220707453, 3.573404554861203 ], [ 101.376380669738552, 3.561517283236491 ] ] ] } },
{ "type": "Feature", "properties": { "cell_id": "KS_010", "cell_area_km2": 0.89379281306963276, "center_lon": 101.379453062612, "center_lat": 3.5674529823490539, "study_area": "Kuala Selangor", "dataset_version": "2.0.0", "geoai_model_version": "kmeans-k3-v1", "network_tiles": 0, "network_tests": 0, "avg_download_mbps": null, "avg_upload_mbps": null, "avg_latency_ms": null, "network_data_present": false, "population": null, "population_pixels": 0, "population_data_present": false, "school_count": 0, "hospital_count": 0, "clinic_count": 0, "doctor_count": 0, "healthcare_count": 0, "download_gap": null, "upload_gap": null, "latency_gap": null, "connectivity_gap_score": null, "population_exposure": null, "school_exposure": 0.0, "healthcare_exposure": 0.0, "general_exposure": null, "education_exposure": null, "healthcare_exposure_mode": null, "score_general": null, "score_education": null, "score_healthcare": null, "priority_general": "Evidence Gap", "priority_education": "Evidence Gap", "priority_healthcare": "Evidence Gap", "decision_general": "Evidence Gap", "decision_education": "Evidence Gap", "decision_healthcare": "Evidence Gap", "analysis_status": "Evidence Gap", "evidence_label": "Evidence Gap", "evidence_strength_score": null, "evidence_gap_exposure": null, "evidence_gap_rank": null, "validation_needed": false, "top5_general": false, "top5_education": false, "top5_healthcare": false, "top5_evidence_gap": false, "ai_cluster_id": null, "ai_profile": "Unclassified - Evidence Gap", "ai_profile_status": "Unclassified - insufficient connectivity observations", "ai_profile_description": "Insufficient observed connectivity data for GeoAI profiling.", "ai_profile_interpretation": "Not classified", "cluster_silhouette": null, "nearest_locality": "Sime Darby Plantation Ladang Tennamaram", "nearest_locality_type": "hamlet", "nearest_major_locality": "Bestari Jaya", "nearest_major_locality_type": "town", "nearest_locality_distance_km": 15.49, "nearest_major_locality_distance_km": 21.0, "locality_source": "OpenStreetMap / Geofabrik" }, "geometry": { "type": "Polygon", "coordinates": [ [ [ 101.376380669738552, 3.561517283236491 ], [ 101.376411220707453, 3.573404554861203 ], [ 101.388609071030388, 3.561485526812847 ], [ 101.376380669738552, 3.561517283236491 ] ] ] } },
{ "type": "Feature", "properties": { "cell_id": "KS_011", "cell_area_km2": 0.89438026981009167, "center_lon": 101.26393317747072, "center_lat": 3.5658442238403341, "study_area": "Kuala Selangor", "dataset_version": "2.0.0", "geoai_model_version": "kmeans-k3-v1", "network_tiles": 0, "network_tests": 0, "avg_download_mbps": null, "avg_upload_mbps": null, "avg_latency_ms": null, "network_data_present": false, "population": null, "population_pixels": 0, "population_data_present": false, "school_count": 0, "hospital_count": 0, "clinic_count": 0, "doctor_count": 0, "healthcare_count": 0, "download_gap": null, "upload_gap": null, "latency_gap": null, "connectivity_gap_score": null, "population_exposure": null, "school_exposure": 0.0, "healthcare_exposure": 0.0, "general_exposure": null, "education_exposure": null, "healthcare_exposure_mode": null, "score_general": null, "score_education": null, "score_healthcare": null, "priority_general": "Evidence Gap", "priority_education": "Evidence Gap", "priority_healthcare": "Evidence Gap", "decision_general": "Evidence Gap", "decision_education": "Evidence Gap", "decision_healthcare": "Evidence Gap", "analysis_status": "Evidence Gap", "evidence_label": "Evidence Gap", "evidence_strength_score": null, "evidence_gap_exposure": null, "evidence_gap_rank": null, "validation_needed": false, "top5_general": false, "top5_education": false, "top5_healthcare": false, "top5_evidence_gap": false, "ai_cluster_id": null, "ai_profile": "Unclassified - Evidence Gap", "ai_profile_status": "Unclassified - insufficient connectivity observations", "ai_profile_description": "Insufficient observed connectivity data for GeoAI profiling.", "ai_profile_interpretation": "Not classified", "cluster_silhouette": null, "nearest_locality": "Kampung Ampangan", "nearest_locality_type": "hamlet", "nearest_major_locality": "Kampung Seri Tiram Jaya", "nearest_major_locality_type": "village", "nearest_locality_distance_km": 10.13, "nearest_major_locality_distance_km": 14.93, "locality_source": "OpenStreetMap / Geofabrik" }, "geometry": { "type": "Polygon", "coordinates": [ [ [ 101.268421757699315, 3.561790578170407 ], [ 101.250427803508913, 3.561834894774619 ], [ 101.25042946546661, 3.5625188102127 ], [ 101.268439903860568, 3.569191712711324 ], [ 101.268421757699315, 3.561790578170407 ] ] ] } },
{ "type": "Feature", "properties": { "cell_id": "KS_012", "cell_area_km2": 2.3805213092467747, "center_lon": 101.27742775430993, "center_lat": 3.5654688320085963, "study_area": "Kuala Selangor", "dataset_version": "2.0.0", "geoai_model_version": "kmeans-k3-v1", "network_tiles": 0, "network_tests": 0, "avg_download_mbps": null, "avg_upload_mbps": null, "avg_latency_ms": null, "network_data_present": false, "population": null, "population_pixels": 0, "population_data_present": false, "school_count": 0, "hospital_count": 0, "clinic_count": 0, "doctor_count": 0, "healthcare_count": 0, "download_gap": null, "upload_gap": null, "latency_gap": null, "connectivity_gap_score": null, "population_exposure": null, "school_exposure": 0.0, "healthcare_exposure": 0.0, "general_exposure": null, "education_exposure": null, "healthcare_exposure_mode": null, "score_general": null, "score_education": null, "score_healthcare": null, "priority_general": "Evidence Gap", "priority_education": "Evidence Gap", "priority_healthcare": "Evidence Gap", "decision_general": "Evidence Gap", "decision_education": "Evidence Gap", "decision_healthcare": "Evidence Gap", "analysis_status": "Evidence Gap", "evidence_label": "Evidence Gap", "evidence_strength_score": null, "evidence_gap_exposure": null, "evidence_gap_rank": null, "validation_needed": false, "top5_general": false, "top5_education": false, "top5_healthcare": false, "top5_evidence_gap": false, "ai_cluster_id": null, "ai_profile": "Unclassified - Evidence Gap", "ai_profile_status": "Unclassified - insufficient connectivity observations", "ai_profile_description": "Insufficient observed connectivity data for GeoAI profiling.", "ai_profile_interpretation": "Not classified", "cluster_silhouette": null, "nearest_locality": "Kampung Ampangan", "nearest_locality_type": "hamlet", "nearest_major_locality": "Kampung Seri Tiram Jaya", "nearest_major_locality_type": "village", "nearest_locality_distance_km": 11.67, "nearest_major_locality_distance_km": 15.78, "locality_source": "OpenStreetMap / Geofabrik" }, "geometry": { "type": "Polygon", "coordinates": [ [ [ 101.286415485678361, 3.561745909371661 ], [ 101.268421757699315, 3.561790578170407 ], [ 101.268439903860568, 3.569191712711324 ], [ 101.286450408267612, 3.575864092985874 ], [ 101.286415485678361, 3.561745909371661 ] ] ] } },
{ "type": "Feature", "properties": { "cell_id": "KS_013", "cell_area_km2": 4.0, "center_lon": 101.25940278379872, "center_lat": 3.5527728969653873, "study_area": "Kuala Selangor", "dataset_version": "2.0.0", "geoai_model_version": "kmeans-k3-v1", "network_tiles": 0, "network_tests": 0, "avg_download_mbps": null, "avg_upload_mbps": null, "avg_latency_ms": null, "network_data_present": false, "population": null, "population_pixels": 0, "population_data_present": false, "school_count": 0, "hospital_count": 0, "clinic_count": 0, "doctor_count": 0, "healthcare_count": 0, "download_gap": null, "upload_gap": null, "latency_gap": null, "connectivity_gap_score": null, "population_exposure": null, "school_exposure": 0.0, "healthcare_exposure": 0.0, "general_exposure": null, "education_exposure": null, "healthcare_exposure_mode": null, "score_general": null, "score_education": null, "score_healthcare": null, "priority_general": "Evidence Gap", "priority_education": "Evidence Gap", "priority_healthcare": "Evidence Gap", "decision_general": "Evidence Gap", "decision_education": "Evidence Gap", "decision_healthcare": "Evidence Gap", "analysis_status": "Evidence Gap", "evidence_label": "Evidence Gap", "evidence_strength_score": null, "evidence_gap_exposure": null, "evidence_gap_rank": null, "validation_needed": false, "top5_general": false, "top5_education": false, "top5_healthcare": false, "top5_evidence_gap": false, "ai_cluster_id": null, "ai_profile": "Unclassified - Evidence Gap", "ai_profile_status": "Unclassified - insufficient connectivity observations", "ai_profile_description": "Insufficient observed connectivity data for GeoAI profiling.", "ai_profile_interpretation": "Not classified", "cluster_silhouette": null, "nearest_locality": "Kampung Ampangan", "nearest_locality_type": "hamlet", "nearest_major_locality": "Kampung Seri Tiram Jaya", "nearest_major_locality_type": "village", "nearest_locality_distance_km": 9.03, "nearest_major_locality_distance_km": 13.62, "locality_source": "OpenStreetMap / Geofabrik" }, "geometry": { "type": "Polygon", "coordinates": [ [ [ 101.250383984716322, 3.543755013273215 ], [ 101.250427803508913, 3.561834894774619 ], [ 101.268421757699315, 3.561790578170407 ], [ 101.268377589270344, 3.543710922173312 ], [ 101.250383984716322, 3.543755013273215 ] ] ] } },
{ "type": "Feature", "properties": { "cell_id": "KS_014", "cell_area_km2": 4.0, "center_lon": 101.27739645007073, "center_lat": 3.5527285174624099, "study_area": "Kuala Selangor", "dataset_version": "2.0.0", "geoai_model_version": "kmeans-k3-v1", "network_tiles": 0, "network_tests": 0, "avg_download_mbps": null, "avg_upload_mbps": null, "avg_latency_ms": null, "network_data_present": false, "population": null, "population_pixels": 0, "population_data_present": false, "school_count": 0, "hospital_count": 0, "clinic_count": 0, "doctor_count": 0, "healthcare_count": 0, "download_gap": null, "upload_gap": null, "latency_gap": null, "connectivity_gap_score": null, "population_exposure": null, "school_exposure": 0.0, "healthcare_exposure": 0.0, "general_exposure": null, "education_exposure": null, "healthcare_exposure_mode": null, "score_general": null, "score_education": null, "score_healthcare": null, "priority_general": "Evidence Gap", "priority_education": "Evidence Gap", "priority_healthcare": "Evidence Gap", "decision_general": "Evidence Gap", "decision_education": "Evidence Gap", "decision_healthcare": "Evidence Gap", "analysis_status": "Evidence Gap", "evidence_label": "Evidence Gap", "evidence_strength_score": null, "evidence_gap_exposure": null, "evidence_gap_rank": null, "validation_needed": false, "top5_general": false, "top5_education": false, "top5_healthcare": false, "top5_evidence_gap": false, "ai_cluster_id": null, "ai_profile": "Unclassified - Evidence Gap", "ai_profile_status": "Unclassified - insufficient connectivity observations", "ai_profile_description": "Insufficient observed connectivity data for GeoAI profiling.", "ai_profile_interpretation": "Not classified", "cluster_silhouette": null, "nearest_locality": "Kampung Ampangan", "nearest_locality_type": "hamlet", "nearest_major_locality": "Kampung Seri Tiram Jaya", "nearest_major_locality_type": "village", "nearest_locality_distance_km": 10.58, "nearest_major_locality_distance_km": 14.23, "locality_source": "OpenStreetMap / Geofabrik" }, "geometry": { "type": "Polygon", "coordinates": [ [ [ 101.268377589270344, 3.543710922173312 ], [ 101.268421757699315, 3.561790578170407 ], [ 101.286415485678361, 3.561745909371661 ], [ 101.286370967634809, 3.543666480670991 ], [ 101.268377589270344, 3.543710922173312 ] ] ] } },
{ "type": "Feature", "properties": { "cell_id": "KS_015", "cell_area_km2": 4.0, "center_lon": 101.29538988924703, "center_lat": 3.5526837866719227, "study_area": "Kuala Selangor", "dataset_version": "2.0.0", "geoai_model_version": "kmeans-k3-v1", "network_tiles": 0, "network_tests": 0, "avg_download_mbps": null, "avg_upload_mbps": null, "avg_latency_ms": null, "network_data_present": false, "population": null, "population_pixels": 0, "population_data_present": false, "school_count": 0, "hospital_count": 0, "clinic_count": 0, "doctor_count": 0, "healthcare_count": 0, "download_gap": null, "upload_gap": null, "latency_gap": null, "connectivity_gap_score": null, "population_exposure": null, "school_exposure": 0.0, "healthcare_exposure": 0.0, "general_exposure": null, "education_exposure": null, "healthcare_exposure_mode": null, "score_general": null, "score_education": null, "score_healthcare": null, "priority_general": "Evidence Gap", "priority_education": "Evidence Gap", "priority_healthcare": "Evidence Gap", "decision_general": "Evidence Gap", "decision_education": "Evidence Gap", "decision_healthcare": "Evidence Gap", "analysis_status": "Evidence Gap", "evidence_label": "Evidence Gap", "evidence_strength_score": null, "evidence_gap_exposure": null, "evidence_gap_rank": null, "validation_needed": false, "top5_general": false, "top5_education": false, "top5_healthcare": false, "top5_evidence_gap": false, "ai_cluster_id": null, "ai_profile": "Unclassified - Evidence Gap", "ai_profile_status": "Unclassified - insufficient connectivity observations", "ai_profile_description": "Insufficient observed connectivity data for GeoAI profiling.", "ai_profile_interpretation": "Not classified", "cluster_silhouette": null, "nearest_locality": "Kampung Ampangan", "nearest_locality_type": "hamlet", "nearest_major_locality": "Kampung Seri Tiram Jaya", "nearest_major_locality_type": "village", "nearest_locality_distance_km": 12.26, "nearest_major_locality_distance_km": 15.08, "locality_source": "OpenStreetMap / Geofabrik" }, "geometry": { "type": "Polygon", "coordinates": [ [ [ 101.286370967634809, 3.543666480670991 ], [ 101.286415485678361, 3.561745909371661 ], [ 101.304408985655527, 3.561700888400396 ], [ 101.304364118019393, 3.543621688788154 ], [ 101.286370967634809, 3.543666480670991 ] ] ] } },
{ "type": "Feature", "properties": { "cell_id": "KS_016", "cell_area_km2": 4.0, "center_lon": 101.31338309953726, "center_lat": 3.5526387046159713, "study_area": "Kuala Selangor", "dataset_version": "2.0.0", "geoai_model_version": "kmeans-k3-v1", "network_tiles": 0, "network_tests": 0, "avg_download_mbps": null, "avg_upload_mbps": null, "avg_latency_ms": null, "network_data_present": false, "population": null, "population_pixels": 0, "population_data_present": false, "school_count": 0, "hospital_count": 0, "clinic_count": 0, "doctor_count": 0, "healthcare_count": 0, "download_gap": null, "upload_gap": null, "latency_gap": null, "connectivity_gap_score": null, "population_exposure": null, "school_exposure": 0.0, "healthcare_exposure": 0.0, "general_exposure": null, "education_exposure": null, "healthcare_exposure_mode": null, "score_general": null, "score_education": null, "score_healthcare": null, "priority_general": "Evidence Gap", "priority_education": "Evidence Gap", "priority_healthcare": "Evidence Gap", "decision_general": "Evidence Gap", "decision_education": "Evidence Gap", "decision_healthcare": "Evidence Gap", "analysis_status": "Evidence Gap", "evidence_label": "Evidence Gap", "evidence_strength_score": null, "evidence_gap_exposure": null, "evidence_gap_rank": null, "validation_needed": false, "top5_general": false, "top5_education": false, "top5_healthcare": false, "top5_evidence_gap": false, "ai_cluster_id": null, "ai_profile": "Unclassified - Evidence Gap", "ai_profile_status": "Unclassified - insufficient connectivity observations", "ai_profile_description": "Insufficient observed connectivity data for GeoAI profiling.", "ai_profile_interpretation": "Not classified", "cluster_silhouette": null, "nearest_locality": "Kampung Ampangan", "nearest_locality_type": "hamlet", "nearest_major_locality": "Kampung Seri Tiram Jaya", "nearest_major_locality_type": "village", "nearest_locality_distance_km": 14.02, "nearest_major_locality_distance_km": 16.14, "locality_source": "OpenStreetMap / Geofabrik" }, "geometry": { "type": "Polygon", "coordinates": [ [ [ 101.304364118019393, 3.543621688788154 ], [ 101.304408985655527, 3.561700888400396 ], [ 101.322402255840345, 3.5616555152788 ], [ 101.322357038633811, 3.543576546546872 ], [ 101.304364118019393, 3.543621688788154 ] ] ] } },
{ "type": "Feature", "properties": { "cell_id": "KS_017", "cell_area_km2": 4.0, "center_lon": 101.33137607915117, "center_lat": 3.5525932713167698, "study_area": "Kuala Selangor", "dataset_version": "2.0.0", "geoai_model_version": "kmeans-k3-v1", "network_tiles": 0, "network_tests": 0, "avg_download_mbps": null, "avg_upload_mbps": null, "avg_latency_ms": null, "network_data_present": false, "population": null, "population_pixels": 0, "population_data_present": false, "school_count": 0, "hospital_count": 0, "clinic_count": 0, "doctor_count": 0, "healthcare_count": 0, "download_gap": null, "upload_gap": null, "latency_gap": null, "connectivity_gap_score": null, "population_exposure": null, "school_exposure": 0.0, "healthcare_exposure": 0.0, "general_exposure": null, "education_exposure": null, "healthcare_exposure_mode": null, "score_general": null, "score_education": null, "score_healthcare": null, "priority_general": "Evidence Gap", "priority_education": "Evidence Gap", "priority_healthcare": "Evidence Gap", "decision_general": "Evidence Gap", "decision_education": "Evidence Gap", "decision_healthcare": "Evidence Gap", "analysis_status": "Evidence Gap", "evidence_label": "Evidence Gap", "evidence_strength_score": null, "evidence_gap_exposure": null, "evidence_gap_rank": null, "validation_needed": false, "top5_general": false, "top5_education": false, "top5_healthcare": false, "top5_evidence_gap": false, "ai_cluster_id": null, "ai_profile": "Unclassified - Evidence Gap", "ai_profile_status": "Unclassified - insufficient connectivity observations", "ai_profile_description": "Insufficient observed connectivity data for GeoAI profiling.", "ai_profile_interpretation": "Not classified", "cluster_silhouette": null, "nearest_locality": "Kampung Ampangan", "nearest_locality_type": "hamlet", "nearest_major_locality": "Kampung Seri Tiram Jaya", "nearest_major_locality_type": "village", "nearest_locality_distance_km": 15.84, "nearest_major_locality_distance_km": 17.36, "locality_source": "OpenStreetMap / Geofabrik" }, "geometry": { "type": "Polygon", "coordinates": [ [ [ 101.322357038633811, 3.543576546546872 ], [ 101.322402255840345, 3.5616555152788 ], [ 101.340395294442573, 3.561609790029233 ], [ 101.340349727687951, 3.543531053969398 ], [ 101.322357038633811, 3.543576546546872 ] ] ] } },
{ "type": "Feature", "properties": { "cell_id": "KS_018", "cell_area_km2": 4.0, "center_lon": 101.34936882629857, "center_lat": 3.5525474867967102, "study_area": "Kuala Selangor", "dataset_version": "2.0.0", "geoai_model_version": "kmeans-k3-v1", "network_tiles": 0, "network_tests": 0, "avg_download_mbps": null, "avg_upload_mbps": null, "avg_latency_ms": null, "network_data_present": false, "population": null, "population_pixels": 0, "population_data_present": false, "school_count": 0, "hospital_count": 0, "clinic_count": 0, "doctor_count": 0, "healthcare_count": 0, "download_gap": null, "upload_gap": null, "latency_gap": null, "connectivity_gap_score": null, "population_exposure": null, "school_exposure": 0.0, "healthcare_exposure": 0.0, "general_exposure": null, "education_exposure": null, "healthcare_exposure_mode": null, "score_general": null, "score_education": null, "score_healthcare": null, "priority_general": "Evidence Gap", "priority_education": "Evidence Gap", "priority_healthcare": "Evidence Gap", "decision_general": "Evidence Gap", "decision_education": "Evidence Gap", "decision_healthcare": "Evidence Gap", "analysis_status": "Evidence Gap", "evidence_label": "Evidence Gap", "evidence_strength_score": null, "evidence_gap_exposure": null, "evidence_gap_rank": null, "validation_needed": false, "top5_general": false, "top5_education": false, "top5_healthcare": false, "top5_evidence_gap": false, "ai_cluster_id": null, "ai_profile": "Unclassified - Evidence Gap", "ai_profile_status": "Unclassified - insufficient connectivity observations", "ai_profile_description": "Insufficient observed connectivity data for GeoAI profiling.", "ai_profile_interpretation": "Not classified", "cluster_silhouette": null, "nearest_locality": "Sime Darby Plantation Ladang Tennamaram", "nearest_locality_type": "hamlet", "nearest_major_locality": "Kampung Seri Tiram Jaya", "nearest_major_locality_type": "village", "nearest_locality_distance_km": 16.63, "nearest_major_locality_distance_km": 18.72, "locality_source": "OpenStreetMap / Geofabrik" }, "geometry": { "type": "Polygon", "coordinates": [ [ [ 101.340349727687951, 3.543531053969398 ], [ 101.340395294442573, 3.561609790029233 ], [ 101.358388099671998, 3.561563712674228 ], [ 101.358342183391798, 3.543485211078144 ], [ 101.340349727687951, 3.543531053969398 ] ] ] } },
{ "type": "Feature", "properties": { "cell_id": "KS_019", "cell_area_km2": 4.0, "center_lon": 101.36736133918946, "center_lat": 3.5525013510783534, "study_area": "Kuala Selangor", "dataset_version": "2.0.0", "geoai_model_version": "kmeans-k3-v1", "network_tiles": 0, "network_tests": 0, "avg_download_mbps": null, "avg_upload_mbps": null, "avg_latency_ms": null, "network_data_present": false, "population": null, "population_pixels": 0, "population_data_present": false, "school_count": 0, "hospital_count": 0, "clinic_count": 0, "doctor_count": 0, "healthcare_count": 0, "download_gap": null, "upload_gap": null, "latency_gap": null, "connectivity_gap_score": null, "population_exposure": null, "school_exposure": 0.0, "healthcare_exposure": 0.0, "general_exposure": null, "education_exposure": null, "healthcare_exposure_mode": null, "score_general": null, "score_education": null, "score_healthcare": null, "priority_general": "Evidence Gap", "priority_education": "Evidence Gap", "priority_healthcare": "Evidence Gap", "decision_general": "Evidence Gap", "decision_education": "Evidence Gap", "decision_healthcare": "Evidence Gap", "analysis_status": "Evidence Gap", "evidence_label": "Evidence Gap", "evidence_strength_score": null, "evidence_gap_exposure": null, "evidence_gap_rank": null, "validation_needed": false, "top5_general": false, "top5_education": false, "top5_healthcare": false, "top5_evidence_gap": false, "ai_cluster_id": null, "ai_profile": "Unclassified - Evidence Gap", "ai_profile_status": "Unclassified - insufficient connectivity observations", "ai_profile_description": "Insufficient observed connectivity data for GeoAI profiling.", "ai_profile_interpretation": "Not classified", "cluster_silhouette": null, "nearest_locality": "Sime Darby Plantation Ladang Tennamaram", "nearest_locality_type": "hamlet", "nearest_major_locality": "Bestari Jaya", "nearest_major_locality_type": "town", "nearest_locality_distance_km": 15.24, "nearest_major_locality_distance_km": 19.88, "locality_source": "OpenStreetMap / Geofabrik" }, "geometry": { "type": "Polygon", "coordinates": [ [ [ 101.358342183391798, 3.543485211078144 ], [ 101.358388099671998, 3.561563712674228 ], [ 101.376380669738552, 3.561517283236491 ], [ 101.376334403955454, 3.543439017895701 ], [ 101.358342183391798, 3.543485211078144 ] ] ] } },
{ "type": "Feature", "properties": { "cell_id": "KS_020", "cell_area_km2": 1.922098190936842, "center_lon": 101.22791248192291, "center_lat": 3.5524975964330459, "study_area": "Kuala Selangor", "dataset_version": "2.0.0", "geoai_model_version": "kmeans-k3-v1", "network_tiles": 0, "network_tests": 0, "avg_download_mbps": null, "avg_upload_mbps": null, "avg_latency_ms": null, "network_data_present": false, "population": null, "population_pixels": 0, "population_data_present": false, "school_count": 0, "hospital_count": 0, "clinic_count": 0, "doctor_count": 0, "healthcare_count": 0, "download_gap": null, "upload_gap": null, "latency_gap": null, "connectivity_gap_score": null, "population_exposure": null, "school_exposure": 0.0, "healthcare_exposure": 0.0, "general_exposure": null, "education_exposure": null, "healthcare_exposure_mode": null, "score_general": null, "score_education": null, "score_healthcare": null, "priority_general": "Evidence Gap", "priority_education": "Evidence Gap", "priority_healthcare": "Evidence Gap", "decision_general": "Evidence Gap", "decision_education": "Evidence Gap", "decision_healthcare": "Evidence Gap", "analysis_status": "Evidence Gap", "evidence_label": "Evidence Gap", "evidence_strength_score": null, "evidence_gap_exposure": null, "evidence_gap_rank": null, "validation_needed": false, "top5_general": false, "top5_education": false, "top5_healthcare": false, "top5_evidence_gap": false, "ai_cluster_id": null, "ai_profile": "Unclassified - Evidence Gap", "ai_profile_status": "Unclassified - insufficient connectivity observations", "ai_profile_description": "Insufficient observed connectivity data for GeoAI profiling.", "ai_profile_interpretation": "Not classified", "cluster_silhouette": null, "nearest_locality": "Kampung Ampangan", "nearest_locality_type": "hamlet", "nearest_major_locality": "Kampung Seri Tiram Jaya", "nearest_major_locality_type": "village", "nearest_locality_distance_km": 6.29, "nearest_major_locality_distance_km": 12.75, "locality_source": "OpenStreetMap / Geofabrik" }, "geometry": { "type": "Polygon", "coordinates": [ [ [ 101.232390155763213, 3.543798753948971 ], [ 101.214396104201612, 3.543842144179018 ], [ 101.214408791007045, 3.549171446468381 ], [ 101.232419094158061, 3.555845387471221 ], [ 101.232390155763213, 3.543798753948971 ] ] ] } },
{ "type": "Feature", "properties": { "cell_id": "KS_021", "cell_area_km2": 3.8014175302295907, "center_lon": 101.38534642200192, "center_lat": 3.5496532938548007, "study_area": "Kuala Selangor", "dataset_version": "2.0.0", "geoai_model_version": "kmeans-k3-v1", "network_tiles": 0, "network_tests": 0, "avg_download_mbps": null, "avg_upload_mbps": null, "avg_latency_ms": null, "network_data_present": false, "population": null, "population_pixels": 0, "population_data_present": false, "school_count": 0, "hospital_count": 0, "clinic_count": 0, "doctor_count": 0, "healthcare_count": 0, "download_gap": null, "upload_gap": null, "latency_gap": null, "connectivity_gap_score": null, "population_exposure": null, "school_exposure": 0.0, "healthcare_exposure": 0.0, "general_exposure": null, "education_exposure": null, "healthcare_exposure_mode": null, "score_general": null, "score_education": null, "score_healthcare": null, "priority_general": "Evidence Gap", "priority_education": "Evidence Gap", "priority_healthcare": "Evidence Gap", "decision_general": "Evidence Gap", "decision_education": "Evidence Gap", "decision_healthcare": "Evidence Gap", "analysis_status": "Evidence Gap", "evidence_label": "Evidence Gap", "evidence_strength_score": null, "evidence_gap_exposure": null, "evidence_gap_rank": null, "validation_needed": false, "top5_general": false, "top5_education": false, "top5_healthcare": false, "top5_evidence_gap": false, "ai_cluster_id": null, "ai_profile": "Unclassified - Evidence Gap", "ai_profile_status": "Unclassified - insufficient connectivity observations", "ai_profile_description": "Insufficient observed connectivity data for GeoAI profiling.", "ai_profile_interpretation": "Not classified", "cluster_silhouette": null, "nearest_locality": "Sime Darby Plantation Ladang Tennamaram", "nearest_locality_type": "hamlet", "nearest_major_locality": "Bestari Jaya", "nearest_major_locality_type": "town", "nearest_locality_distance_km": 13.99, "nearest_major_locality_distance_km": 19.46, "locality_source": "OpenStreetMap / Geofabrik" }, "geometry": { "type": "Polygon", "coordinates": [ [ [ 101.394326387589146, 3.543392474444832 ], [ 101.376334403955454, 3.543439017895701 ], [ 101.376380669738552, 3.561517283236491 ], [ 101.388609071030388, 3.561485526812847 ], [ 101.394358529388583, 3.555867399047492 ], [ 101.394326387589146, 3.543392474444832 ] ] ] } },
{ "type": "Feature", "properties": { "cell_id": "KS_022", "cell_area_km2": 0.98437237531581356, "center_lon": 101.39755064204853, "center_lat": 3.549621586404327, "study_area": "Kuala Selangor", "dataset_version": "2.0.0", "geoai_model_version": "kmeans-k3-v1", "network_tiles": 0, "network_tests": 0, "avg_download_mbps": null, "avg_upload_mbps": null, "avg_latency_ms": null, "network_data_present": false, "population": null, "population_pixels": 0, "population_data_present": false, "school_count": 0, "hospital_count": 0, "clinic_count": 0, "doctor_count": 0, "healthcare_count": 0, "download_gap": null, "upload_gap": null, "latency_gap": null, "connectivity_gap_score": null, "population_exposure": null, "school_exposure": 0.0, "healthcare_exposure": 0.0, "general_exposure": null, "education_exposure": null, "healthcare_exposure_mode": null, "score_general": null, "score_education": null, "score_healthcare": null, "priority_general": "Evidence Gap", "priority_education": "Evidence Gap", "priority_healthcare": "Evidence Gap", "decision_general": "Evidence Gap", "decision_education": "Evidence Gap", "decision_healthcare": "Evidence Gap", "analysis_status": "Evidence Gap", "evidence_label": "Evidence Gap", "evidence_strength_score": null, "evidence_gap_exposure": null, "evidence_gap_rank": null, "validation_needed": false, "top5_general": false, "top5_education": false, "top5_healthcare": false, "top5_evidence_gap": false, "ai_cluster_id": null, "ai_profile": "Unclassified - Evidence Gap", "ai_profile_status": "Unclassified - insufficient connectivity observations", "ai_profile_description": "Insufficient observed connectivity data for GeoAI profiling.", "ai_profile_interpretation": "Not classified", "cluster_silhouette": null, "nearest_locality": "Sime Darby Plantation Ladang Tennamaram", "nearest_locality_type": "hamlet", "nearest_major_locality": "Bestari Jaya", "nearest_major_locality_type": "town", "nearest_locality_distance_km": 12.74, "nearest_major_locality_distance_km": 18.8, "locality_source": "OpenStreetMap / Geofabrik" }, "geometry": { "type": "Polygon", "coordinates": [ [ [ 101.394326387589146, 3.543392474444832 ], [ 101.394358529388583, 3.555867399047492 ], [ 101.407159047167056, 3.543359063271391 ], [ 101.394326387589146, 3.543392474444832 ] ] ] } },
{ "type": "Feature", "properties": { "cell_id": "KS_023", "cell_area_km2": 3.4082392303734674, "center_lon": 101.24140161316656, "center_lat": 3.5498002074096759, "study_area": "Kuala Selangor", "dataset_version": "2.0.0", "geoai_model_version": "kmeans-k3-v1", "network_tiles": 0, "network_tests": 0, "avg_download_mbps": null, "avg_upload_mbps": null, "avg_latency_ms": null, "network_data_present": false, "population": null, "population_pixels": 0, "population_data_present": false, "school_count": 0, "hospital_count": 0, "clinic_count": 0, "doctor_count": 0, "healthcare_count": 0, "download_gap": null, "upload_gap": null, "latency_gap": null, "connectivity_gap_score": null, "population_exposure": null, "school_exposure": 0.0, "healthcare_exposure": 0.0, "general_exposure": null, "education_exposure": null, "healthcare_exposure_mode": null, "score_general": null, "score_education": null, "score_healthcare": null, "priority_general": "Evidence Gap", "priority_education": "Evidence Gap", "priority_healthcare": "Evidence Gap", "decision_general": "Evidence Gap", "decision_education": "Evidence Gap", "decision_healthcare": "Evidence Gap", "analysis_status": "Evidence Gap", "evidence_label": "Evidence Gap", "evidence_strength_score": null, "evidence_gap_exposure": null, "evidence_gap_rank": null, "validation_needed": false, "top5_general": false, "top5_education": false, "top5_healthcare": false, "top5_evidence_gap": false, "ai_cluster_id": null, "ai_profile": "Unclassified - Evidence Gap", "ai_profile_status": "Unclassified - insufficient connectivity observations", "ai_profile_description": "Insufficient observed connectivity data for GeoAI profiling.", "ai_profile_interpretation": "Not classified", "cluster_silhouette": null, "nearest_locality": "Kampung Ampangan", "nearest_locality_type": "hamlet", "nearest_major_locality": "Kampung Seri Tiram Jaya", "nearest_major_locality_type": "village", "nearest_locality_distance_km": 7.63, "nearest_major_locality_distance_km": 13.16, "locality_source": "OpenStreetMap / Geofabrik" }, "geometry": { "type": "Polygon", "coordinates": [ [ [ 101.250383984716322, 3.543755013273215 ], [ 101.232390155763213, 3.543798753948971 ], [ 101.232419094158061, 3.555845387471221 ], [ 101.248595757026564, 3.561839387063552 ], [ 101.25042946546661, 3.5625188102127 ], [ 101.250427803508913, 3.561834894774619 ], [ 101.250383984716322, 3.543755013273215 ] ] ] } },
{ "type": "Feature", "properties": { "cell_id": "KS_024", "cell_area_km2": 0.46768988023700514, "center_lon": 101.2108335205368, "center_lat": 3.5465153661064459, "study_area": "Kuala Selangor", "dataset_version": "2.0.0", "geoai_model_version": "kmeans-k3-v1", "network_tiles": 0, "network_tests": 0, "avg_download_mbps": null, "avg_upload_mbps": null, "avg_latency_ms": null, "network_data_present": false, "population": null, "population_pixels": 0, "population_data_present": false, "school_count": 0, "hospital_count": 0, "clinic_count": 0, "doctor_count": 0, "healthcare_count": 0, "download_gap": null, "upload_gap": null, "latency_gap": null, "connectivity_gap_score": null, "population_exposure": null, "school_exposure": 0.0, "healthcare_exposure": 0.0, "general_exposure": null, "education_exposure": null, "healthcare_exposure_mode": null, "score_general": null, "score_education": null, "score_healthcare": null, "priority_general": "Evidence Gap", "priority_education": "Evidence Gap", "priority_healthcare": "Evidence Gap", "decision_general": "Evidence Gap", "decision_education": "Evidence Gap", "decision_healthcare": "Evidence Gap", "analysis_status": "Evidence Gap", "evidence_label": "Evidence Gap", "evidence_strength_score": null, "evidence_gap_exposure": null, "evidence_gap_rank": null, "validation_needed": false, "top5_general": false, "top5_education": false, "top5_healthcare": false, "top5_evidence_gap": false, "ai_cluster_id": null, "ai_profile": "Unclassified - Evidence Gap", "ai_profile_status": "Unclassified - insufficient connectivity observations", "ai_profile_description": "Insufficient observed connectivity data for GeoAI profiling.", "ai_profile_interpretation": "Not classified", "cluster_silhouette": null, "nearest_locality": "Kampung Ampangan", "nearest_locality_type": "hamlet", "nearest_major_locality": "Kampung Seri Tiram Jaya", "nearest_major_locality_type": "village", "nearest_locality_distance_km": 5.47, "nearest_major_locality_distance_km": 12.63, "locality_source": "OpenStreetMap / Geofabrik" }, "geometry": { "type": "Polygon", "coordinates": [ [ [ 101.214396104201612, 3.543842144179018 ], [ 101.20012039434279, 3.543876318437704 ], [ 101.214408791007045, 3.549171446468381 ], [ 101.214396104201612, 3.543842144179018 ] ] ] } },
{ "type": "Feature", "properties": { "cell_id": "KS_025", "cell_area_km2": 4.0, "center_lon": 101.2233715936916, "center_lat": 3.5347803818219385, "study_area": "Kuala Selangor", "dataset_version": "2.0.0", "geoai_model_version": "kmeans-k3-v1", "network_tiles": 0, "network_tests": 0, "avg_download_mbps": null, "avg_upload_mbps": null, "avg_latency_ms": null, "network_data_present": false, "population": null, "population_pixels": 0, "population_data_present": false, "school_count": 0, "hospital_count": 0, "clinic_count": 0, "doctor_count": 0, "healthcare_count": 0, "download_gap": null, "upload_gap": null, "latency_gap": null, "connectivity_gap_score": null, "population_exposure": null, "school_exposure": 0.0, "healthcare_exposure": 0.0, "general_exposure": null, "education_exposure": null, "healthcare_exposure_mode": null, "score_general": null, "score_education": null, "score_healthcare": null, "priority_general": "Evidence Gap", "priority_education": "Evidence Gap", "priority_healthcare": "Evidence Gap", "decision_general": "Evidence Gap", "decision_education": "Evidence Gap", "decision_healthcare": "Evidence Gap", "analysis_status": "Evidence Gap", "evidence_label": "Evidence Gap", "evidence_strength_score": null, "evidence_gap_exposure": null, "evidence_gap_rank": null, "validation_needed": false, "top5_general": false, "top5_education": false, "top5_healthcare": false, "top5_evidence_gap": false, "ai_cluster_id": null, "ai_profile": "Unclassified - Evidence Gap", "ai_profile_status": "Unclassified - insufficient connectivity observations", "ai_profile_description": "Insufficient observed connectivity data for GeoAI profiling.", "ai_profile_interpretation": "Not classified", "cluster_silhouette": null, "nearest_locality": "Kampung Ampangan", "nearest_locality_type": "hamlet", "nearest_major_locality": "Kampung Seri Tiram Jaya", "nearest_major_locality_type": "village", "nearest_locality_distance_km": 4.91, "nearest_major_locality_distance_km": 11.26, "locality_source": "OpenStreetMap / Geofabrik" }, "geometry": { "type": "Polygon", "coordinates": [ [ [ 101.214353205564379, 3.525761809455246 ], [ 101.214396104201612, 3.543842144179018 ], [ 101.232390155763213, 3.543798753948971 ], [ 101.232346909237165, 3.525718641136708 ], [ 101.214353205564379, 3.525761809455246 ] ] ] } },
{ "type": "Feature", "properties": { "cell_id": "KS_026", "cell_area_km2": 4.0, "center_lon": 101.24136536000988, "center_lat": 3.5347369277712133, "study_area": "Kuala Selangor", "dataset_version": "2.0.0", "geoai_model_version": "kmeans-k3-v1", "network_tiles": 0, "network_tests": 0, "avg_download_mbps": null, "avg_upload_mbps": null, "avg_latency_ms": null, "network_data_present": false, "population": null, "population_pixels": 0, "population_data_present": false, "school_count": 0, "hospital_count": 0, "clinic_count": 0, "doctor_count": 0, "healthcare_count": 0, "download_gap": null, "upload_gap": null, "latency_gap": null, "connectivity_gap_score": null, "population_exposure": null, "school_exposure": 0.0, "healthcare_exposure": 0.0, "general_exposure": null, "education_exposure": null, "healthcare_exposure_mode": null, "score_general": null, "score_education": null, "score_healthcare": null, "priority_general": "Evidence Gap", "priority_education": "Evidence Gap", "priority_healthcare": "Evidence Gap", "decision_general": "Evidence Gap", "decision_education": "Evidence Gap", "decision_healthcare": "Evidence Gap", "analysis_status": "Evidence Gap", "evidence_label": "Evidence Gap", "evidence_strength_score": null, "evidence_gap_exposure": null, "evidence_gap_rank": null, "validation_needed": false, "top5_general": false, "top5_education": false, "top5_healthcare": false, "top5_evidence_gap": false, "ai_cluster_id": null, "ai_profile": "Unclassified - Evidence Gap", "ai_profile_status": "Unclassified - insufficient connectivity observations", "ai_profile_description": "Insufficient observed connectivity data for GeoAI profiling.", "ai_profile_interpretation": "Not classified", "cluster_silhouette": null, "nearest_locality": "Kampung Ampangan", "nearest_locality_type": "hamlet", "nearest_major_locality": "Kampung Seri Tiram Jaya", "nearest_major_locality_type": "village", "nearest_locality_distance_km": 6.2, "nearest_major_locality_distance_km": 11.3, "locality_source": "OpenStreetMap / Geofabrik" }, "geometry": { "type": "Polygon", "coordinates": [ [ [ 101.232346909237165, 3.525718641136708 ], [ 101.232390155763213, 3.543798753948971 ], [ 101.250383984716322, 3.543755013273215 ], [ 101.250340390322819, 3.525675124164734 ], [ 101.232346909237165, 3.525718641136708 ] ] ] } },
{ "type": "Feature", "properties": { "cell_id": "KS_027", "cell_area_km2": 4.0, "center_lon": 101.2593589028351, "center_lat": 3.5346931241816564, "study_area": "Kuala Selangor", "dataset_version": "2.0.0", "geoai_model_version": "kmeans-k3-v1", "network_tiles": 0, "network_tests": 0, "avg_download_mbps": null, "avg_upload_mbps": null, "avg_latency_ms": null, "network_data_present": false, "population": null, "population_pixels": 0, "population_data_present": false, "school_count": 0, "hospital_count": 0, "clinic_count": 0, "doctor_count": 0, "healthcare_count": 0, "download_gap": null, "upload_gap": null, "latency_gap": null, "connectivity_gap_score": null, "population_exposure": null, "school_exposure": 0.0, "healthcare_exposure": 0.0, "general_exposure": null, "education_exposure": null, "healthcare_exposure_mode": null, "score_general": null, "score_education": null, "score_healthcare": null, "priority_general": "Evidence Gap", "priority_education": "Evidence Gap", "priority_healthcare": "Evidence Gap", "decision_general": "Evidence Gap", "decision_education": "Evidence Gap", "decision_healthcare": "Evidence Gap", "analysis_status": "Evidence Gap", "evidence_label": "Evidence Gap", "evidence_strength_score": null, "evidence_gap_exposure": null, "evidence_gap_rank": null, "validation_needed": false, "top5_general": false, "top5_education": false, "top5_healthcare": false, "top5_evidence_gap": false, "ai_cluster_id": null, "ai_profile": "Unclassified - Evidence Gap", "ai_profile_status": "Unclassified - insufficient connectivity observations", "ai_profile_description": "Insufficient observed connectivity data for GeoAI profiling.", "ai_profile_interpretation": "Not classified", "cluster_silhouette": null, "nearest_locality": "Kampung Ampangan", "nearest_locality_type": "hamlet", "nearest_major_locality": "Kampung Seri Tiram Jaya", "nearest_major_locality_type": "village", "nearest_locality_distance_km": 7.8, "nearest_major_locality_distance_km": 11.69, "locality_source": "OpenStreetMap / Geofabrik" }, "geometry": { "type": "Polygon", "coordinates": [ [ [ 101.250340390322819, 3.525675124164734 ], [ 101.250383984716322, 3.543755013273215 ], [ 101.268377589270344, 3.543710922173312 ], [ 101.268333647030929, 3.525631258560773 ], [ 101.250340390322819, 3.525675124164734 ] ] ] } },
{ "type": "Feature", "properties": { "cell_id": "KS_028", "cell_area_km2": 4.0, "center_lon": 101.27735222037681, "center_lat": 3.5346489710748541, "study_area": "Kuala Selangor", "dataset_version": "2.0.0", "geoai_model_version": "kmeans-k3-v1", "network_tiles": 0, "network_tests": 0, "avg_download_mbps": null, "avg_upload_mbps": null, "avg_latency_ms": null, "network_data_present": false, "population": null, "population_pixels": 0, "population_data_present": false, "school_count": 0, "hospital_count": 0, "clinic_count": 0, "doctor_count": 0, "healthcare_count": 0, "download_gap": null, "upload_gap": null, "latency_gap": null, "connectivity_gap_score": null, "population_exposure": null, "school_exposure": 0.0, "healthcare_exposure": 0.0, "general_exposure": null, "education_exposure": null, "healthcare_exposure_mode": null, "score_general": null, "score_education": null, "score_healthcare": null, "priority_general": "Evidence Gap", "priority_education": "Evidence Gap", "priority_healthcare": "Evidence Gap", "decision_general": "Evidence Gap", "decision_education": "Evidence Gap", "decision_healthcare": "Evidence Gap", "analysis_status": "Evidence Gap", "evidence_label": "Evidence Gap", "evidence_strength_score": null, "evidence_gap_exposure": null, "evidence_gap_rank": null, "validation_needed": false, "top5_general": false, "top5_education": false, "top5_healthcare": false, "top5_evidence_gap": false, "ai_cluster_id": null, "ai_profile": "Unclassified - Evidence Gap", "ai_profile_status": "Unclassified - insufficient connectivity observations", "ai_profile_description": "Insufficient observed connectivity data for GeoAI profiling.", "ai_profile_interpretation": "Not classified", "cluster_silhouette": null, "nearest_locality": "Kampung Ampangan", "nearest_locality_type": "hamlet", "nearest_major_locality": "Kampung Seri Tiram Jaya", "nearest_major_locality_type": "village", "nearest_locality_distance_km": 9.55, "nearest_major_locality_distance_km": 12.4, "locality_source": "OpenStreetMap / Geofabrik" }, "geometry": { "type": "Polygon", "coordinates": [ [ [ 101.268333647030929, 3.525631258560773 ], [ 101.268377589270344, 3.543710922173312 ], [ 101.286370967634809, 3.543666480670991 ], [ 101.286326677571196, 3.525587044346443 ], [ 101.268333647030929, 3.525631258560773 ] ] ] } },
{ "type": "Feature", "properties": { "cell_id": "KS_029", "cell_area_km2": 4.0, "center_lon": 101.29534531084471, "center_lat": 3.5346044684725686, "study_area": "Kuala Selangor", "dataset_version": "2.0.0", "geoai_model_version": "kmeans-k3-v1", "network_tiles": 0, "network_tests": 0, "avg_download_mbps": null, "avg_upload_mbps": null, "avg_latency_ms": null, "network_data_present": false, "population": null, "population_pixels": 0, "population_data_present": false, "school_count": 0, "hospital_count": 0, "clinic_count": 0, "doctor_count": 0, "healthcare_count": 0, "download_gap": null, "upload_gap": null, "latency_gap": null, "connectivity_gap_score": null, "population_exposure": null, "school_exposure": 0.0, "healthcare_exposure": 0.0, "general_exposure": null, "education_exposure": null, "healthcare_exposure_mode": null, "score_general": null, "score_education": null, "score_healthcare": null, "priority_general": "Evidence Gap", "priority_education": "Evidence Gap", "priority_healthcare": "Evidence Gap", "decision_general": "Evidence Gap", "decision_education": "Evidence Gap", "decision_healthcare": "Evidence Gap", "analysis_status": "Evidence Gap", "evidence_label": "Evidence Gap", "evidence_strength_score": null, "evidence_gap_exposure": null, "evidence_gap_rank": null, "validation_needed": false, "top5_general": false, "top5_education": false, "top5_healthcare": false, "top5_evidence_gap": false, "ai_cluster_id": null, "ai_profile": "Unclassified - Evidence Gap", "ai_profile_status": "Unclassified - insufficient connectivity observations", "ai_profile_description": "Insufficient observed connectivity data for GeoAI profiling.", "ai_profile_interpretation": "Not classified", "cluster_silhouette": null, "nearest_locality": "Kampung Ampangan", "nearest_locality_type": "hamlet", "nearest_major_locality": "Kampung Seri Tiram Jaya", "nearest_major_locality_type": "village", "nearest_locality_distance_km": 11.38, "nearest_major_locality_distance_km": 13.37, "locality_source": "OpenStreetMap / Geofabrik" }, "geometry": { "type": "Polygon", "coordinates": [ [ [ 101.286326677571196, 3.525587044346443 ], [ 101.286370967634809, 3.543666480670991 ], [ 101.304364118019393, 3.543621688788154 ], [ 101.304319480153424, 3.525542481543533 ], [ 101.286326677571196, 3.525587044346443 ] ] ] } },
{ "type": "Feature", "properties": { "cell_id": "KS_030", "cell_area_km2": 4.0, "center_lon": 101.31333817244854, "center_lat": 3.5345596163967303, "study_area": "Kuala Selangor", "dataset_version": "2.0.0", "geoai_model_version": "kmeans-k3-v1", "network_tiles": 0, "network_tests": 0, "avg_download_mbps": null, "avg_upload_mbps": null, "avg_latency_ms": null, "network_data_present": false, "population": null, "population_pixels": 0, "population_data_present": false, "school_count": 0, "hospital_count": 0, "clinic_count": 0, "doctor_count": 0, "healthcare_count": 0, "download_gap": null, "upload_gap": null, "latency_gap": null, "connectivity_gap_score": null, "population_exposure": null, "school_exposure": 0.0, "healthcare_exposure": 0.0, "general_exposure": null, "education_exposure": null, "healthcare_exposure_mode": null, "score_general": null, "score_education": null, "score_healthcare": null, "priority_general": "Evidence Gap", "priority_education": "Evidence Gap", "priority_healthcare": "Evidence Gap", "decision_general": "Evidence Gap", "decision_education": "Evidence Gap", "decision_healthcare": "Evidence Gap", "analysis_status": "Evidence Gap", "evidence_label": "Evidence Gap", "evidence_strength_score": null, "evidence_gap_exposure": null, "evidence_gap_rank": null, "validation_needed": false, "top5_general": false, "top5_education": false, "top5_healthcare": false, "top5_evidence_gap": false, "ai_cluster_id": null, "ai_profile": "Unclassified - Evidence Gap", "ai_profile_status": "Unclassified - insufficient connectivity observations", "ai_profile_description": "Insufficient observed connectivity data for GeoAI profiling.", "ai_profile_interpretation": "Not classified", "cluster_silhouette": null, "nearest_locality": "Kampung Ampangan", "nearest_locality_type": "hamlet", "nearest_major_locality": "Kampung Seri Tiram Jaya", "nearest_major_locality_type": "village", "nearest_locality_distance_km": 13.27, "nearest_major_locality_distance_km": 14.55, "locality_source": "OpenStreetMap / Geofabrik" }, "geometry": { "type": "Polygon", "coordinates": [ [ [ 101.304319480153424, 3.525542481543533 ], [ 101.304364118019393, 3.543621688788154 ], [ 101.322357038633811, 3.543576546546872 ], [ 101.322312052987556, 3.525497570174003 ], [ 101.304319480153424, 3.525542481543533 ] ] ] } },
{ "type": "Feature", "properties": { "cell_id": "KS_031", "cell_area_km2": 4.0, "center_lon": 101.33133080339825, "center_lat": 3.5345144148694425, "study_area": "Kuala Selangor", "dataset_version": "2.0.0", "geoai_model_version": "kmeans-k3-v1", "network_tiles": 0, "network_tests": 0, "avg_download_mbps": null, "avg_upload_mbps": null, "avg_latency_ms": null, "network_data_present": false, "population": null, "population_pixels": 0, "population_data_present": false, "school_count": 0, "hospital_count": 0, "clinic_count": 0, "doctor_count": 0, "healthcare_count": 0, "download_gap": null, "upload_gap": null, "latency_gap": null, "connectivity_gap_score": null, "population_exposure": null, "school_exposure": 0.0, "healthcare_exposure": 0.0, "general_exposure": null, "education_exposure": null, "healthcare_exposure_mode": null, "score_general": null, "score_education": null, "score_healthcare": null, "priority_general": "Evidence Gap", "priority_education": "Evidence Gap", "priority_healthcare": "Evidence Gap", "decision_general": "Evidence Gap", "decision_education": "Evidence Gap", "decision_healthcare": "Evidence Gap", "analysis_status": "Evidence Gap", "evidence_label": "Evidence Gap", "evidence_strength_score": null, "evidence_gap_exposure": null, "evidence_gap_rank": null, "validation_needed": false, "top5_general": false, "top5_education": false, "top5_healthcare": false, "top5_evidence_gap": false, "ai_cluster_id": null, "ai_profile": "Unclassified - Evidence Gap", "ai_profile_status": "Unclassified - insufficient connectivity observations", "ai_profile_description": "Insufficient observed connectivity data for GeoAI profiling.", "ai_profile_interpretation": "Not classified", "cluster_silhouette": null, "nearest_locality": "Ladang Raja Musa", "nearest_locality_type": "locality", "nearest_major_locality": "Kampung Seri Tiram Jaya", "nearest_major_locality_type": "village", "nearest_locality_distance_km": 14.89, "nearest_major_locality_distance_km": 15.89, "locality_source": "OpenStreetMap / Geofabrik" }, "geometry": { "type": "Polygon", "coordinates": [ [ [ 101.322312052987556, 3.525497570174003 ], [ 101.322357038633811, 3.543576546546872 ], [ 101.340349727687951, 3.543531053969398 ], [ 101.340304394283649, 3.525452310259986 ], [ 101.322312052987556, 3.525497570174003 ] ] ] } },
{ "type": "Feature", "properties": { "cell_id": "KS_032", "cell_area_km2": 4.0, "center_lon": 101.3493232019038, "center_lat": 3.5344688639129807, "study_area": "Kuala Selangor", "dataset_version": "2.0.0", "geoai_model_version": "kmeans-k3-v1", "network_tiles": 0, "network_tests": 0, "avg_download_mbps": null, "avg_upload_mbps": null, "avg_latency_ms": null, "network_data_present": false, "population": null, "population_pixels": 0, "population_data_present": false, "school_count": 0, "hospital_count": 0, "clinic_count": 0, "doctor_count": 0, "healthcare_count": 0, "download_gap": null, "upload_gap": null, "latency_gap": null, "connectivity_gap_score": null, "population_exposure": null, "school_exposure": 0.0, "healthcare_exposure": 0.0, "general_exposure": null, "education_exposure": null, "healthcare_exposure_mode": null, "score_general": null, "score_education": null, "score_healthcare": null, "priority_general": "Evidence Gap", "priority_education": "Evidence Gap", "priority_healthcare": "Evidence Gap", "decision_general": "Evidence Gap", "decision_education": "Evidence Gap", "decision_healthcare": "Evidence Gap", "analysis_status": "Evidence Gap", "evidence_label": "Evidence Gap", "evidence_strength_score": null, "evidence_gap_exposure": null, "evidence_gap_rank": null, "validation_needed": false, "top5_general": false, "top5_education": false, "top5_healthcare": false, "top5_evidence_gap": false, "ai_cluster_id": null, "ai_profile": "Unclassified - Evidence Gap", "ai_profile_status": "Unclassified - insufficient connectivity observations", "ai_profile_description": "Insufficient observed connectivity data for GeoAI profiling.", "ai_profile_interpretation": "Not classified", "cluster_silhouette": null, "nearest_locality": "Kampung Sri Makmur", "nearest_locality_type": "hamlet", "nearest_major_locality": "Kampung Seri Tiram Jaya", "nearest_major_locality_type": "village", "nearest_locality_distance_km": 14.86, "nearest_major_locality_distance_km": 17.37, "locality_source": "OpenStreetMap / Geofabrik" }, "geometry": { "type": "Polygon", "coordinates": [ [ [ 101.340304394283649, 3.525452310259986 ], [ 101.340349727687951, 3.543531053969398 ], [ 101.358342183391798, 3.543485211078144 ], [ 101.358296502251818, 3.525406701823785 ], [ 101.340304394283649, 3.525452310259986 ] ] ] } },
{ "type": "Feature", "properties": { "cell_id": "KS_033", "cell_area_km2": 4.0, "center_lon": 101.36731536617536, "center_lat": 3.5344229635497899, "study_area": "Kuala Selangor", "dataset_version": "2.0.0", "geoai_model_version": "kmeans-k3-v1", "network_tiles": 0, "network_tests": 0, "avg_download_mbps": null, "avg_upload_mbps": null, "avg_latency_ms": null, "network_data_present": false, "population": null, "population_pixels": 0, "population_data_present": false, "school_count": 0, "hospital_count": 0, "clinic_count": 0, "doctor_count": 0, "healthcare_count": 0, "download_gap": null, "upload_gap": null, "latency_gap": null, "connectivity_gap_score": null, "population_exposure": null, "school_exposure": 0.0, "healthcare_exposure": 0.0, "general_exposure": null, "education_exposure": null, "healthcare_exposure_mode": null, "score_general": null, "score_education": null, "score_healthcare": null, "priority_general": "Evidence Gap", "priority_education": "Evidence Gap", "priority_healthcare": "Evidence Gap", "decision_general": "Evidence Gap", "decision_education": "Evidence Gap", "decision_healthcare": "Evidence Gap", "analysis_status": "Evidence Gap", "evidence_label": "Evidence Gap", "evidence_strength_score": null, "evidence_gap_exposure": null, "evidence_gap_rank": null, "validation_needed": false, "top5_general": false, "top5_education": false, "top5_healthcare": false, "top5_evidence_gap": false, "ai_cluster_id": null, "ai_profile": "Unclassified - Evidence Gap", "ai_profile_status": "Unclassified - insufficient connectivity observations", "ai_profile_description": "Insufficient observed connectivity data for GeoAI profiling.", "ai_profile_interpretation": "Not classified", "cluster_silhouette": null, "nearest_locality": "Sime Darby Plantation Ladang Tennamaram", "nearest_locality_type": "hamlet", "nearest_major_locality": "Bestari Jaya", "nearest_major_locality_type": "town", "nearest_locality_distance_km": 13.8, "nearest_major_locality_distance_km": 17.95, "locality_source": "OpenStreetMap / Geofabrik" }, "geometry": { "type": "Polygon", "coordinates": [ [ [ 101.358296502251818, 3.525406701823785 ], [ 101.358342183391798, 3.543485211078144 ], [ 101.376334403955454, 3.543439017895701 ], [ 101.376288375102362, 3.525360744887873 ], [ 101.358296502251818, 3.525406701823785 ] ] ] } },
{ "type": "Feature", "properties": { "cell_id": "KS_034", "cell_area_km2": 4.0, "center_lon": 101.38530729442317, "center_lat": 3.5343767138024873, "study_area": "Kuala Selangor", "dataset_version": "2.0.0", "geoai_model_version": "kmeans-k3-v1", "network_tiles": 0, "network_tests": 0, "avg_download_mbps": null, "avg_upload_mbps": null, "avg_latency_ms": null, "network_data_present": false, "population": null, "population_pixels": 0, "population_data_present": false, "school_count": 0, "hospital_count": 0, "clinic_count": 0, "doctor_count": 0, "healthcare_count": 0, "download_gap": null, "upload_gap": null, "latency_gap": null, "connectivity_gap_score": null, "population_exposure": null, "school_exposure": 0.0, "healthcare_exposure": 0.0, "general_exposure": null, "education_exposure": null, "healthcare_exposure_mode": null, "score_general": null, "score_education": null, "score_healthcare": null, "priority_general": "Evidence Gap", "priority_education": "Evidence Gap", "priority_healthcare": "Evidence Gap", "decision_general": "Evidence Gap", "decision_education": "Evidence Gap", "decision_healthcare": "Evidence Gap", "analysis_status": "Evidence Gap", "evidence_label": "Evidence Gap", "evidence_strength_score": null, "evidence_gap_exposure": null, "evidence_gap_rank": null, "validation_needed": false, "top5_general": false, "top5_education": false, "top5_healthcare": false, "top5_evidence_gap": false, "ai_cluster_id": null, "ai_profile": "Unclassified - Evidence Gap", "ai_profile_status": "Unclassified - insufficient connectivity observations", "ai_profile_description": "Insufficient observed connectivity data for GeoAI profiling.", "ai_profile_interpretation": "Not classified", "cluster_silhouette": null, "nearest_locality": "Sime Darby Plantation Ladang Tennamaram", "nearest_locality_type": "hamlet", "nearest_major_locality": "Bestari Jaya", "nearest_major_locality_type": "town", "nearest_locality_distance_km": 12.42, "nearest_major_locality_distance_km": 17.52, "locality_source": "OpenStreetMap / Geofabrik" }, "geometry": { "type": "Polygon", "coordinates": [ [ [ 101.376288375102362, 3.525360744887873 ], [ 101.376334403955454, 3.543439017895701 ], [ 101.394326387589146, 3.543392474444832 ], [ 101.39428001104568, 3.525314439474896 ], [ 101.376288375102362, 3.525360744887873 ] ] ] } },
{ "type": "Feature", "properties": { "cell_id": "KS_035", "cell_area_km2": 3.9682672712631368, "center_lon": 101.20537596566764, "center_lat": 3.5341293930111393, "study_area": "Kuala Selangor", "dataset_version": "2.0.0", "geoai_model_version": "kmeans-k3-v1", "network_tiles": 0, "network_tests": 0, "avg_download_mbps": null, "avg_upload_mbps": null, "avg_latency_ms": null, "network_data_present": false, "population": null, "population_pixels": 0, "population_data_present": false, "school_count": 0, "hospital_count": 0, "clinic_count": 0, "doctor_count": 0, "healthcare_count": 0, "download_gap": null, "upload_gap": null, "latency_gap": null, "connectivity_gap_score": null, "population_exposure": null, "school_exposure": 0.0, "healthcare_exposure": 0.0, "general_exposure": null, "education_exposure": null, "healthcare_exposure_mode": null, "score_general": null, "score_education": null, "score_healthcare": null, "priority_general": "Evidence Gap", "priority_education": "Evidence Gap", "priority_healthcare": "Evidence Gap", "decision_general": "Evidence Gap", "decision_education": "Evidence Gap", "decision_healthcare": "Evidence Gap", "analysis_status": "Evidence Gap", "evidence_label": "Evidence Gap", "evidence_strength_score": null, "evidence_gap_exposure": null, "evidence_gap_rank": null, "validation_needed": false, "top5_general": false, "top5_education": false, "top5_healthcare": false, "top5_evidence_gap": false, "ai_cluster_id": null, "ai_profile": "Unclassified - Evidence Gap", "ai_profile_status": "Unclassified - insufficient connectivity observations", "ai_profile_description": "Insufficient observed connectivity data for GeoAI profiling.", "ai_profile_interpretation": "Not classified", "cluster_silhouette": null, "nearest_locality": "Kampung Ampangan", "nearest_locality_type": "hamlet", "nearest_major_locality": "Kampung Seri Tiram Jaya", "nearest_major_locality_type": "village", "nearest_locality_distance_km": 4.21, "nearest_major_locality_distance_km": 11.55, "locality_source": "OpenStreetMap / Geofabrik" }, "geometry": { "type": "Polygon", "coordinates": [ [ [ 101.214396104201612, 3.543842144179018 ], [ 101.214353205564379, 3.525761809455246 ], [ 101.196359281094985, 3.525804629099074 ], [ 101.196398557085487, 3.542496989185953 ], [ 101.20012039434279, 3.543876318437704 ], [ 101.214396104201612, 3.543842144179018 ] ] ] } },
{ "type": "Feature", "properties": { "cell_id": "KS_036", "cell_area_km2": 3.8408973986186812, "center_lon": 101.40329253004025, "center_lat": 3.5318224806426217, "study_area": "Kuala Selangor", "dataset_version": "2.0.0", "geoai_model_version": "kmeans-k3-v1", "network_tiles": 0, "network_tests": 0, "avg_download_mbps": null, "avg_upload_mbps": null, "avg_latency_ms": null, "network_data_present": false, "population": null, "population_pixels": 0, "population_data_present": false, "school_count": 0, "hospital_count": 0, "clinic_count": 0, "doctor_count": 0, "healthcare_count": 0, "download_gap": null, "upload_gap": null, "latency_gap": null, "connectivity_gap_score": null, "population_exposure": null, "school_exposure": 0.0, "healthcare_exposure": 0.0, "general_exposure": null, "education_exposure": null, "healthcare_exposure_mode": null, "score_general": null, "score_education": null, "score_healthcare": null, "priority_general": "Evidence Gap", "priority_education": "Evidence Gap", "priority_healthcare": "Evidence Gap", "decision_general": "Evidence Gap", "decision_education": "Evidence Gap", "decision_healthcare": "Evidence Gap", "analysis_status": "Evidence Gap", "evidence_label": "Evidence Gap", "evidence_strength_score": null, "evidence_gap_exposure": null, "evidence_gap_rank": null, "validation_needed": false, "top5_general": false, "top5_education": false, "top5_healthcare": false, "top5_evidence_gap": false, "ai_cluster_id": null, "ai_profile": "Unclassified - Evidence Gap", "ai_profile_status": "Unclassified - insufficient connectivity observations", "ai_profile_description": "Insufficient observed connectivity data for GeoAI profiling.", "ai_profile_interpretation": "Not classified", "cluster_silhouette": null, "nearest_locality": "Sime Darby Plantation Ladang Tennamaram", "nearest_locality_type": "hamlet", "nearest_major_locality": "Bestari Jaya", "nearest_major_locality_type": "town", "nearest_locality_distance_km": 11.21, "nearest_major_locality_distance_km": 17.28, "locality_source": "OpenStreetMap / Geofabrik" }, "geometry": { "type": "Polygon", "coordinates": [ [ [ 101.412271408292256, 3.525267785607669 ], [ 101.39428001104568, 3.525314439474896 ], [ 101.394326387589146, 3.543392474444832 ], [ 101.407159047167056, 3.543359063271391 ], [ 101.412305145927718, 3.538330346891815 ], [ 101.412271408292256, 3.525267785607669 ] ] ] } },
{ "type": "Feature", "properties": { "cell_id": "KS_037", "cell_area_km2": 1.0793229234192649, "center_lon": 101.41564751694915, "center_lat": 3.5317903009331602, "study_area": "Kuala Selangor", "dataset_version": "2.0.0", "geoai_model_version": "kmeans-k3-v1", "network_tiles": 0, "network_tests": 0, "avg_download_mbps": null, "avg_upload_mbps": null, "avg_latency_ms": null, "network_data_present": false, "population": null, "population_pixels": 0, "population_data_present": false, "school_count": 0, "hospital_count": 0, "clinic_count": 0, "doctor_count": 0, "healthcare_count": 0, "download_gap": null, "upload_gap": null, "latency_gap": null, "connectivity_gap_score": null, "population_exposure": null, "school_exposure": 0.0, "healthcare_exposure": 0.0, "general_exposure": null, "education_exposure": null, "healthcare_exposure_mode": null, "score_general": null, "score_education": null, "score_healthcare": null, "priority_general": "Evidence Gap", "priority_education": "Evidence Gap", "priority_healthcare": "Evidence Gap", "decision_general": "Evidence Gap", "decision_education": "Evidence Gap", "decision_healthcare": "Evidence Gap", "analysis_status": "Evidence Gap", "evidence_label": "Evidence Gap", "evidence_strength_score": null, "evidence_gap_exposure": null, "evidence_gap_rank": null, "validation_needed": false, "top5_general": false, "top5_education": false, "top5_healthcare": false, "top5_evidence_gap": false, "ai_cluster_id": null, "ai_profile": "Unclassified - Evidence Gap", "ai_profile_status": "Unclassified - insufficient connectivity observations", "ai_profile_description": "Insufficient observed connectivity data for GeoAI profiling.", "ai_profile_interpretation": "Not classified", "cluster_silhouette": null, "nearest_locality": "Sime Darby Plantation Ladang Tennamaram", "nearest_locality_type": "hamlet", "nearest_major_locality": "Bestari Jaya", "nearest_major_locality_type": "town", "nearest_locality_distance_km": 10.02, "nearest_major_locality_distance_km": 16.79, "locality_source": "OpenStreetMap / Geofabrik" }, "geometry": { "type": "Polygon", "coordinates": [ [ [ 101.412271408292256, 3.525267785607669 ], [ 101.412305145927718, 3.538330346891815 ], [ 101.425708286358272, 3.525232714459595 ], [ 101.412271408292256, 3.525267785607669 ] ] ] } },
{ "type": "Feature", "properties": { "cell_id": "KS_038", "cell_area_km2": 2.949816112063476, "center_lon": 101.18737390417826, "center_lat": 3.5308133371781647, "study_area": "Kuala Selangor", "dataset_version": "2.0.0", "geoai_model_version": "kmeans-k3-v1", "network_tiles": 0, "network_tests": 0, "avg_download_mbps": null, "avg_upload_mbps": null, "avg_latency_ms": null, "network_data_present": false, "population": null, "population_pixels": 0, "population_data_present": false, "school_count": 0, "hospital_count": 0, "clinic_count": 0, "doctor_count": 0, "healthcare_count": 0, "download_gap": null, "upload_gap": null, "latency_gap": null, "connectivity_gap_score": null, "population_exposure": null, "school_exposure": 0.0, "healthcare_exposure": 0.0, "general_exposure": null, "education_exposure": null, "healthcare_exposure_mode": null, "score_general": null, "score_education": null, "score_healthcare": null, "priority_general": "Evidence Gap", "priority_education": "Evidence Gap", "priority_healthcare": "Evidence Gap", "decision_general": "Evidence Gap", "decision_education": "Evidence Gap", "decision_healthcare": "Evidence Gap", "analysis_status": "Evidence Gap", "evidence_label": "Evidence Gap", "evidence_strength_score": null, "evidence_gap_exposure": null, "evidence_gap_rank": null, "validation_needed": false, "top5_general": false, "top5_education": false, "top5_healthcare": false, "top5_evidence_gap": false, "ai_cluster_id": null, "ai_profile": "Unclassified - Evidence Gap", "ai_profile_status": "Unclassified - insufficient connectivity observations", "ai_profile_description": "Insufficient observed connectivity data for GeoAI profiling.", "ai_profile_interpretation": "Not classified", "cluster_silhouette": null, "nearest_locality": "Kampung Ampangan", "nearest_locality_type": "hamlet", "nearest_major_locality": "Kampung Seri Tiram Jaya", "nearest_major_locality_type": "village", "nearest_locality_distance_km": 4.14, "nearest_major_locality_distance_km": 11.94, "locality_source": "OpenStreetMap / Geofabrik" }, "geometry": { "type": "Polygon", "coordinates": [ [ [ 101.196359281094985, 3.525804629099074 ], [ 101.178365137619608, 3.525847100047085 ], [ 101.178388393465127, 3.535822017605973 ], [ 101.196398557085487, 3.542496989185953 ], [ 101.196359281094985, 3.525804629099074 ] ] ] } },
{ "type": "Feature", "properties": { "cell_id": "KS_039", "cell_area_km2": 0.98139492538880269, "center_lon": 101.17416029076506, "center_lat": 3.5305660271570876, "study_area": "Kuala Selangor", "dataset_version": "2.0.0", "geoai_model_version": "kmeans-k3-v1", "network_tiles": 0, "network_tests": 0, "avg_download_mbps": null, "avg_upload_mbps": null, "avg_latency_ms": null, "network_data_present": false, "population": 5.2754971385002136, "population_pixels": 2, "population_data_present": true, "school_count": 0, "hospital_count": 0, "clinic_count": 0, "doctor_count": 0, "healthcare_count": 0, "download_gap": null, "upload_gap": null, "latency_gap": null, "connectivity_gap_score": null, "population_exposure": 0.04065040650406504, "school_exposure": 0.0, "healthcare_exposure": 0.0, "general_exposure": 0.04065040650406504, "education_exposure": 0.04065040650406504, "healthcare_exposure_mode": 0.04065040650406504, "score_general": null, "score_education": null, "score_healthcare": null, "priority_general": "Evidence Gap", "priority_education": "Evidence Gap", "priority_healthcare": "Evidence Gap", "decision_general": "Evidence Gap", "decision_education": "Evidence Gap", "decision_healthcare": "Evidence Gap", "analysis_status": "Evidence Gap", "evidence_label": "Evidence Gap", "evidence_strength_score": null, "evidence_gap_exposure": 0.04065040650406504, "evidence_gap_rank": 56.0, "validation_needed": false, "top5_general": false, "top5_education": false, "top5_healthcare": false, "top5_evidence_gap": false, "ai_cluster_id": null, "ai_profile": "Unclassified - Evidence Gap", "ai_profile_status": "Unclassified - insufficient connectivity observations", "ai_profile_description": "Insufficient observed connectivity data for GeoAI profiling.", "ai_profile_interpretation": "Not classified", "cluster_silhouette": null, "nearest_locality": "Kampung Ampangan", "nearest_locality_type": "hamlet", "nearest_major_locality": "Tanjong Karang", "nearest_major_locality_type": "town", "nearest_locality_distance_km": 4.64, "nearest_major_locality_distance_km": 11.56, "locality_source": "OpenStreetMap / Geofabrik" }, "geometry": { "type": "Polygon", "coordinates": [ [ [ 101.178365137619608, 3.525847100047085 ], [ 101.162993614309997, 3.525883104332343 ], [ 101.176895361000049, 3.535268642000061 ], [ 101.178388393465127, 3.535822017605973 ], [ 101.178365137619608, 3.525847100047085 ] ] ] } },
{ "type": "Feature", "properties": { "cell_id": "KS_040", "cell_area_km2": 2.2556821322249596, "center_lon": 101.15585400623843, "center_lat": 3.5180149241518586, "study_area": "Kuala Selangor", "dataset_version": "2.0.0", "geoai_model_version": "kmeans-k3-v1", "network_tiles": 2, "network_tests": 4, "avg_download_mbps": 21.828, "avg_upload_mbps": 7.466, "avg_latency_ms": 27.5, "network_data_present": true, "population": 541.17147037480026, "population_pixels": 223, "population_data_present": true, "school_count": 0, "hospital_count": 0, "clinic_count": 0, "doctor_count": 0, "healthcare_count": 0, "download_gap": 0.84615384615384615, "upload_gap": 0.71978021978021978, "latency_gap": 0.74725274725274726, "connectivity_gap_score": 77.106227106227095, "population_exposure": 0.46341463414634149, "school_exposure": 0.0, "healthcare_exposure": 0.0, "general_exposure": 0.46341463414634149, "education_exposure": 0.46341463414634143, "healthcare_exposure_mode": 0.46341463414634143, "score_general": 35.732154024836952, "score_education": 35.732154024836944, "score_healthcare": 35.732154024836944, "priority_general": "Medium", "priority_education": "Medium", "priority_healthcare": "Medium", "decision_general": "Monitor / investigate", "decision_education": "Monitor / investigate", "decision_healthcare": "Monitor / investigate", "analysis_status": "Observed", "evidence_label": "Limited", "evidence_strength_score": 23.626373626373624, "evidence_gap_exposure": 0.46341463414634149, "evidence_gap_rank": null, "validation_needed": false, "top5_general": false, "top5_education": false, "top5_healthcare": false, "top5_evidence_gap": false, "ai_cluster_id": 2.0, "ai_profile": "Connectivity-Constrained Areas", "ai_profile_status": "GeoAI classified", "ai_profile_description": "Areas characterised by comparatively lower download and upload performance, higher connectivity gaps, lower population density, and relatively few mapped essential-service facilities.", "ai_profile_interpretation": "Distinct recurring profile", "cluster_silhouette": 0.50238315979228509, "nearest_locality": "Kampung Parit 2 Ban 2", "nearest_locality_type": "hamlet", "nearest_major_locality": "Tanjong Karang", "nearest_major_locality_type": "town", "nearest_locality_distance_km": 3.58, "nearest_major_locality_distance_km": 10.15, "locality_source": "OpenStreetMap / Geofabrik" }, "geometry": { "type": "Polygon", "coordinates": [ [ [ 101.160329137509095, 3.507808225046976 ], [ 101.142334907575673, 3.507849783807322 ], [ 101.142344232350482, 3.511941043678511 ], [ 101.160366668793202, 3.524109505947263 ], [ 101.160329137509095, 3.507808225046976 ] ] ] } },
{ "type": "Feature", "properties": { "cell_id": "KS_041", "cell_area_km2": 4.0, "center_lon": 101.18734113003175, "center_lat": 3.5167855732163895, "study_area": "Kuala Selangor", "dataset_version": "2.0.0", "geoai_model_version": "kmeans-k3-v1", "network_tiles": 1, "network_tests": 38, "avg_download_mbps": 42.55, "avg_upload_mbps": 20.282, "avg_latency_ms": 29.0, "network_data_present": true, "population": 245.74938917905092, "population_pixels": 62, "population_data_present": true, "school_count": 0, "hospital_count": 0, "clinic_count": 0, "doctor_count": 0, "healthcare_count": 0, "download_gap": 0.71978021978021978, "upload_gap": 0.47802197802197799, "latency_gap": 0.80219780219780223, "connectivity_gap_score": 66.666666666666657, "population_exposure": 0.33333333333333331, "school_exposure": 0.0, "healthcare_exposure": 0.0, "general_exposure": 0.33333333333333331, "education_exposure": 0.33333333333333326, "healthcare_exposure_mode": 0.33333333333333326, "score_general": 22.222222222222221, "score_education": 22.222222222222214, "score_healthcare": 22.222222222222214, "priority_general": "Medium", "priority_education": "Medium", "priority_healthcare": "Medium", "decision_general": "Monitor / investigate", "decision_education": "Monitor / investigate", "decision_healthcare": "Monitor / investigate", "analysis_status": "Observed", "evidence_label": "Good", "evidence_strength_score": 70.329670329670336, "evidence_gap_exposure": 0.33333333333333331, "evidence_gap_rank": null, "validation_needed": false, "top5_general": false, "top5_education": false, "top5_healthcare": false, "top5_evidence_gap": false, "ai_cluster_id": 2.0, "ai_profile": "Connectivity-Constrained Areas", "ai_profile_status": "GeoAI classified", "ai_profile_description": "Areas characterised by comparatively lower download and upload performance, higher connectivity gaps, lower population density, and relatively few mapped essential-service facilities.", "ai_profile_interpretation": "Distinct recurring profile", "cluster_silhouette": 0.35863513255272172, "nearest_locality": "Kampung Ampangan", "nearest_locality_type": "hamlet", "nearest_major_locality": "Tanjong Karang", "nearest_major_locality_type": "town", "nearest_locality_distance_km": 2.59, "nearest_major_locality_distance_km": 10.24, "locality_source": "OpenStreetMap / Geofabrik" }, "geometry": { "type": "Polygon", "coordinates": [ [ [ 101.178323152038672, 3.507766319341759 ], [ 101.178365137619608, 3.525847100047085 ], [ 101.196359281094985, 3.525804629099074 ], [ 101.196316949373752, 3.507724066712325 ], [ 101.178323152038672, 3.507766319341759 ] ] ] } },
{ "type": "Feature", "properties": { "cell_id": "KS_042", "cell_area_km2": 4.0, "center_lon": 101.20533499093922, "center_lat": 3.5167430375262536, "study_area": "Kuala Selangor", "dataset_version": "2.0.0", "geoai_model_version": "kmeans-k3-v1", "network_tiles": 0, "network_tests": 0, "avg_download_mbps": null, "avg_upload_mbps": null, "avg_latency_ms": null, "network_data_present": false, "population": null, "population_pixels": 0, "population_data_present": false, "school_count": 0, "hospital_count": 0, "clinic_count": 0, "doctor_count": 0, "healthcare_count": 0, "download_gap": null, "upload_gap": null, "latency_gap": null, "connectivity_gap_score": null, "population_exposure": null, "school_exposure": 0.0, "healthcare_exposure": 0.0, "general_exposure": null, "education_exposure": null, "healthcare_exposure_mode": null, "score_general": null, "score_education": null, "score_healthcare": null, "priority_general": "Evidence Gap", "priority_education": "Evidence Gap", "priority_healthcare": "Evidence Gap", "decision_general": "Evidence Gap", "decision_education": "Evidence Gap", "decision_healthcare": "Evidence Gap", "analysis_status": "Evidence Gap", "evidence_label": "Evidence Gap", "evidence_strength_score": null, "evidence_gap_exposure": null, "evidence_gap_rank": null, "validation_needed": false, "top5_general": false, "top5_education": false, "top5_healthcare": false, "top5_evidence_gap": false, "ai_cluster_id": null, "ai_profile": "Unclassified - Evidence Gap", "ai_profile_status": "Unclassified - insufficient connectivity observations", "ai_profile_description": "Insufficient observed connectivity data for GeoAI profiling.", "ai_profile_interpretation": "Not classified", "cluster_silhouette": null, "nearest_locality": "Kampung Ampangan", "nearest_locality_type": "hamlet", "nearest_major_locality": "Kampung Seri Tiram Jaya", "nearest_major_locality_type": "village", "nearest_locality_distance_km": 2.25, "nearest_major_locality_distance_km": 9.63, "locality_source": "OpenStreetMap / Geofabrik" }, "geometry": { "type": "Polygon", "coordinates": [ [ [ 101.196316949373752, 3.507724066712325 ], [ 101.196359281094985, 3.525804629099074 ], [ 101.214353205564379, 3.525761809455246 ], [ 101.214310527723768, 3.5076814671795 ], [ 101.196316949373752, 3.507724066712325 ] ] ] } },
{ "type": "Feature", "properties": { "cell_id": "KS_043", "cell_area_km2": 4.0, "center_lon": 101.22332863195591, "center_lat": 3.516700154047026, "study_area": "Kuala Selangor", "dataset_version": "2.0.0", "geoai_model_version": "kmeans-k3-v1", "network_tiles": 0, "network_tests": 0, "avg_download_mbps": null, "avg_upload_mbps": null, "avg_latency_ms": null, "network_data_present": false, "population": null, "population_pixels": 0, "population_data_present": false, "school_count": 0, "hospital_count": 0, "clinic_count": 0, "doctor_count": 0, "healthcare_count": 0, "download_gap": null, "upload_gap": null, "latency_gap": null, "connectivity_gap_score": null, "population_exposure": null, "school_exposure": 0.0, "healthcare_exposure": 0.0, "general_exposure": null, "education_exposure": null, "healthcare_exposure_mode": null, "score_general": null, "score_education": null, "score_healthcare": null, "priority_general": "Evidence Gap", "priority_education": "Evidence Gap", "priority_healthcare": "Evidence Gap", "decision_general": "Evidence Gap", "decision_education": "Evidence Gap", "decision_healthcare": "Evidence Gap", "analysis_status": "Evidence Gap", "evidence_label": "Evidence Gap", "evidence_strength_score": null, "evidence_gap_exposure": null, "evidence_gap_rank": null, "validation_needed": false, "top5_general": false, "top5_education": false, "top5_healthcare": false, "top5_evidence_gap": false, "ai_cluster_id": null, "ai_profile": "Unclassified - Evidence Gap", "ai_profile_status": "Unclassified - insufficient connectivity observations", "ai_profile_description": "Insufficient observed connectivity data for GeoAI profiling.", "ai_profile_interpretation": "Not classified", "cluster_silhouette": null, "nearest_locality": "Kampung Ampangan", "nearest_locality_type": "hamlet", "nearest_major_locality": "Kampung Seri Tiram Jaya", "nearest_major_locality_type": "village", "nearest_locality_distance_km": 3.38, "nearest_major_locality_distance_km": 9.26, "locality_source": "OpenStreetMap / Geofabrik" }, "geometry": { "type": "Polygon", "coordinates": [ [ [ 101.214310527723768, 3.5076814671795 ], [ 101.214353205564379, 3.525761809455246 ], [ 101.232346909237165, 3.525718641136708 ], [ 101.232303885298265, 3.507638520764278 ], [ 101.214310527723768, 3.5076814671795 ] ] ] } },
{ "type": "Feature", "properties": { "cell_id": "KS_044", "cell_area_km2": 4.0, "center_lon": 101.24132205129128, "center_lat": 3.516656922799843, "study_area": "Kuala Selangor", "dataset_version": "2.0.0", "geoai_model_version": "kmeans-k3-v1", "network_tiles": 0, "network_tests": 0, "avg_download_mbps": null, "avg_upload_mbps": null, "avg_latency_ms": null, "network_data_present": false, "population": null, "population_pixels": 0, "population_data_present": false, "school_count": 0, "hospital_count": 0, "clinic_count": 0, "doctor_count": 0, "healthcare_count": 0, "download_gap": null, "upload_gap": null, "latency_gap": null, "connectivity_gap_score": null, "population_exposure": null, "school_exposure": 0.0, "healthcare_exposure": 0.0, "general_exposure": null, "education_exposure": null, "healthcare_exposure_mode": null, "score_general": null, "score_education": null, "score_healthcare": null, "priority_general": "Evidence Gap", "priority_education": "Evidence Gap", "priority_healthcare": "Evidence Gap", "decision_general": "Evidence Gap", "decision_education": "Evidence Gap", "decision_healthcare": "Evidence Gap", "analysis_status": "Evidence Gap", "evidence_label": "Evidence Gap", "evidence_strength_score": null, "evidence_gap_exposure": null, "evidence_gap_rank": null, "validation_needed": false, "top5_general": false, "top5_education": false, "top5_healthcare": false, "top5_evidence_gap": false, "ai_cluster_id": null, "ai_profile": "Unclassified - Evidence Gap", "ai_profile_status": "Unclassified - insufficient connectivity observations", "ai_profile_description": "Insufficient observed connectivity data for GeoAI profiling.", "ai_profile_interpretation": "Not classified", "cluster_silhouette": null, "nearest_locality": "Kampung Ampangan", "nearest_locality_type": "hamlet", "nearest_major_locality": "Kampung Seri Tiram Jaya", "nearest_major_locality_type": "village", "nearest_locality_distance_km": 5.08, "nearest_major_locality_distance_km": 9.31, "locality_source": "OpenStreetMap / Geofabrik" }, "geometry": { "type": "Polygon", "coordinates": [ [ [ 101.232303885298265, 3.507638520764278 ], [ 101.232346909237165, 3.525718641136708 ], [ 101.250340390322819, 3.525675124164734 ], [ 101.250297020306874, 3.507595227487828 ], [ 101.232303885298265, 3.507638520764278 ] ] ] } },
{ "type": "Feature", "properties": { "cell_id": "KS_045", "cell_area_km2": 4.0, "center_lon": 101.259315247155, "center_lat": 3.5166133438060094, "study_area": "Kuala Selangor", "dataset_version": "2.0.0", "geoai_model_version": "kmeans-k3-v1", "network_tiles": 0, "network_tests": 0, "avg_download_mbps": null, "avg_upload_mbps": null, "avg_latency_ms": null, "network_data_present": false, "population": null, "population_pixels": 0, "population_data_present": false, "school_count": 0, "hospital_count": 0, "clinic_count": 0, "doctor_count": 0, "healthcare_count": 0, "download_gap": null, "upload_gap": null, "latency_gap": null, "connectivity_gap_score": null, "population_exposure": null, "school_exposure": 0.0, "healthcare_exposure": 0.0, "general_exposure": null, "education_exposure": null, "healthcare_exposure_mode": null, "score_general": null, "score_education": null, "score_healthcare": null, "priority_general": "Evidence Gap", "priority_education": "Evidence Gap", "priority_healthcare": "Evidence Gap", "decision_general": "Evidence Gap", "decision_education": "Evidence Gap", "decision_healthcare": "Evidence Gap", "analysis_status": "Evidence Gap", "evidence_label": "Evidence Gap", "evidence_strength_score": null, "evidence_gap_exposure": null, "evidence_gap_rank": null, "validation_needed": false, "top5_general": false, "top5_education": false, "top5_healthcare": false, "top5_evidence_gap": false, "ai_cluster_id": null, "ai_profile": "Unclassified - Evidence Gap", "ai_profile_status": "Unclassified - insufficient connectivity observations", "ai_profile_description": "Insufficient observed connectivity data for GeoAI profiling.", "ai_profile_interpretation": "Not classified", "cluster_silhouette": null, "nearest_locality": "Kampung Ampangan", "nearest_locality_type": "hamlet", "nearest_major_locality": "Kampung Seri Tiram Jaya", "nearest_major_locality_type": "village", "nearest_locality_distance_km": 6.94, "nearest_major_locality_distance_km": 9.78, "locality_source": "OpenStreetMap / Geofabrik" }, "geometry": { "type": "Polygon", "coordinates": [ [ [ 101.250297020306874, 3.507595227487828 ], [ 101.250340390322819, 3.525675124164734 ], [ 101.268333647030929, 3.525631258560773 ], [ 101.268289930959369, 3.507551587371484 ], [ 101.250297020306874, 3.507595227487828 ] ] ] } },
{ "type": "Feature", "properties": { "cell_id": "KS_046", "cell_area_km2": 4.0, "center_lon": 101.27730821775678, "center_lat": 3.5165694170870041, "study_area": "Kuala Selangor", "dataset_version": "2.0.0", "geoai_model_version": "kmeans-k3-v1", "network_tiles": 0, "network_tests": 0, "avg_download_mbps": null, "avg_upload_mbps": null, "avg_latency_ms": null, "network_data_present": false, "population": null, "population_pixels": 0, "population_data_present": false, "school_count": 0, "hospital_count": 0, "clinic_count": 0, "doctor_count": 0, "healthcare_count": 0, "download_gap": null, "upload_gap": null, "latency_gap": null, "connectivity_gap_score": null, "population_exposure": null, "school_exposure": 0.0, "healthcare_exposure": 0.0, "general_exposure": null, "education_exposure": null, "healthcare_exposure_mode": null, "score_general": null, "score_education": null, "score_healthcare": null, "priority_general": "Evidence Gap", "priority_education": "Evidence Gap", "priority_healthcare": "Evidence Gap", "decision_general": "Evidence Gap", "decision_education": "Evidence Gap", "decision_healthcare": "Evidence Gap", "analysis_status": "Evidence Gap", "evidence_label": "Evidence Gap", "evidence_strength_score": null, "evidence_gap_exposure": null, "evidence_gap_rank": null, "validation_needed": false, "top5_general": false, "top5_education": false, "top5_healthcare": false, "top5_evidence_gap": false, "ai_cluster_id": null, "ai_profile": "Unclassified - Evidence Gap", "ai_profile_status": "Unclassified - insufficient connectivity observations", "ai_profile_description": "Insufficient observed connectivity data for GeoAI profiling.", "ai_profile_interpretation": "Not classified", "cluster_silhouette": null, "nearest_locality": "Kampung Ampangan", "nearest_locality_type": "hamlet", "nearest_major_locality": "Kampung Seri Tiram Jaya", "nearest_major_locality_type": "village", "nearest_locality_distance_km": 8.86, "nearest_major_locality_distance_km": 10.62, "locality_source": "OpenStreetMap / Geofabrik" }, "geometry": { "type": "Polygon", "coordinates": [ [ [ 101.268289930959369, 3.507551587371484 ], [ 101.268333647030929, 3.525631258560773 ], [ 101.286326677571196, 3.525587044346443 ], [ 101.286282615465609, 3.507507600436755 ], [ 101.268289930959369, 3.507551587371484 ] ] ] } },
{ "type": "Feature", "properties": { "cell_id": "KS_047", "cell_area_km2": 4.0, "center_lon": 101.29530096130645, "center_lat": 3.5165251426644746, "study_area": "Kuala Selangor", "dataset_version": "2.0.0", "geoai_model_version": "kmeans-k3-v1", "network_tiles": 0, "network_tests": 0, "avg_download_mbps": null, "avg_upload_mbps": null, "avg_latency_ms": null, "network_data_present": false, "population": null, "population_pixels": 0, "population_data_present": false, "school_count": 0, "hospital_count": 0, "clinic_count": 0, "doctor_count": 0, "healthcare_count": 0, "download_gap": null, "upload_gap": null, "latency_gap": null, "connectivity_gap_score": null, "population_exposure": null, "school_exposure": 0.0, "healthcare_exposure": 0.0, "general_exposure": null, "education_exposure": null, "healthcare_exposure_mode": null, "score_general": null, "score_education": null, "score_healthcare": null, "priority_general": "Evidence Gap", "priority_education": "Evidence Gap", "priority_healthcare": "Evidence Gap", "decision_general": "Evidence Gap", "decision_education": "Evidence Gap", "decision_healthcare": "Evidence Gap", "analysis_status": "Evidence Gap", "evidence_label": "Evidence Gap", "evidence_strength_score": null, "evidence_gap_exposure": null, "evidence_gap_rank": null, "validation_needed": false, "top5_general": false, "top5_education": false, "top5_healthcare": false, "top5_evidence_gap": false, "ai_cluster_id": null, "ai_profile": "Unclassified - Evidence Gap", "ai_profile_status": "Unclassified - insufficient connectivity observations", "ai_profile_description": "Insufficient observed connectivity data for GeoAI profiling.", "ai_profile_interpretation": "Not classified", "cluster_silhouette": null, "nearest_locality": "Kampung Ampangan", "nearest_locality_type": "hamlet", "nearest_major_locality": "Kampung Seri Tiram Jaya", "nearest_major_locality_type": "village", "nearest_locality_distance_km": 10.81, "nearest_major_locality_distance_km": 11.73, "locality_source": "OpenStreetMap / Geofabrik" }, "geometry": { "type": "Polygon", "coordinates": [ [ [ 101.286282615465609, 3.507507600436755 ], [ 101.286326677571196, 3.525587044346443 ], [ 101.304319480153424, 3.525542481543533 ], [ 101.30427507203558, 3.507463266705316 ], [ 101.286282615465609, 3.507507600436755 ] ] ] } },
{ "type": "Feature", "properties": { "cell_id": "KS_048", "cell_area_km2": 4.0, "center_lon": 101.313293476014, "center_lat": 3.5164805205602394, "study_area": "Kuala Selangor", "dataset_version": "2.0.0", "geoai_model_version": "kmeans-k3-v1", "network_tiles": 0, "network_tests": 0, "avg_download_mbps": null, "avg_upload_mbps": null, "avg_latency_ms": null, "network_data_present": false, "population": null, "population_pixels": 0, "population_data_present": false, "school_count": 0, "hospital_count": 0, "clinic_count": 0, "doctor_count": 0, "healthcare_count": 0, "download_gap": null, "upload_gap": null, "latency_gap": null, "connectivity_gap_score": null, "population_exposure": null, "school_exposure": 0.0, "healthcare_exposure": 0.0, "general_exposure": null, "education_exposure": null, "healthcare_exposure_mode": null, "score_general": null, "score_education": null, "score_healthcare": null, "priority_general": "Evidence Gap", "priority_education": "Evidence Gap", "priority_healthcare": "Evidence Gap", "decision_general": "Evidence Gap", "decision_education": "Evidence Gap", "decision_healthcare": "Evidence Gap", "analysis_status": "Evidence Gap", "evidence_label": "Evidence Gap", "evidence_strength_score": null, "evidence_gap_exposure": null, "evidence_gap_rank": null, "validation_needed": false, "top5_general": false, "top5_education": false, "top5_healthcare": false, "top5_evidence_gap": false, "ai_cluster_id": null, "ai_profile": "Unclassified - Evidence Gap", "ai_profile_status": "Unclassified - insufficient connectivity observations", "ai_profile_description": "Insufficient observed connectivity data for GeoAI profiling.", "ai_profile_interpretation": "Not classified", "cluster_silhouette": null, "nearest_locality": "Ladang Raja Musa", "nearest_locality_type": "locality", "nearest_major_locality": "Kampung Seri Tiram Jaya", "nearest_major_locality_type": "village", "nearest_locality_distance_km": 12.36, "nearest_major_locality_distance_km": 13.06, "locality_source": "OpenStreetMap / Geofabrik" }, "geometry": { "type": "Polygon", "coordinates": [ [ [ 101.30427507203558, 3.507463266705316 ], [ 101.304319480153424, 3.525542481543533 ], [ 101.322312052987556, 3.525497570174003 ], [ 101.322267298879396, 3.507418586199015 ], [ 101.30427507203558, 3.507463266705316 ] ] ] } },
{ "type": "Feature", "properties": { "cell_id": "KS_049", "cell_area_km2": 4.0, "center_lon": 101.33128576008947, "center_lat": 3.5164355507962881, "study_area": "Kuala Selangor", "dataset_version": "2.0.0", "geoai_model_version": "kmeans-k3-v1", "network_tiles": 0, "network_tests": 0, "avg_download_mbps": null, "avg_upload_mbps": null, "avg_latency_ms": null, "network_data_present": false, "population": null, "population_pixels": 0, "population_data_present": false, "school_count": 0, "hospital_count": 0, "clinic_count": 0, "doctor_count": 0, "healthcare_count": 0, "download_gap": null, "upload_gap": null, "latency_gap": null, "connectivity_gap_score": null, "population_exposure": null, "school_exposure": 0.0, "healthcare_exposure": 0.0, "general_exposure": null, "education_exposure": null, "healthcare_exposure_mode": null, "score_general": null, "score_education": null, "score_healthcare": null, "priority_general": "Evidence Gap", "priority_education": "Evidence Gap", "priority_healthcare": "Evidence Gap", "decision_general": "Evidence Gap", "decision_education": "Evidence Gap", "decision_healthcare": "Evidence Gap", "analysis_status": "Evidence Gap", "evidence_label": "Evidence Gap", "evidence_strength_score": null, "evidence_gap_exposure": null, "evidence_gap_rank": null, "validation_needed": false, "top5_general": false, "top5_education": false, "top5_healthcare": false, "top5_evidence_gap": false, "ai_cluster_id": null, "ai_profile": "Unclassified - Evidence Gap", "ai_profile_status": "Unclassified - insufficient connectivity observations", "ai_profile_description": "Insufficient observed connectivity data for GeoAI profiling.", "ai_profile_interpretation": "Not classified", "cluster_silhouette": null, "nearest_locality": "Ladang Raja Musa", "nearest_locality_type": "locality", "nearest_major_locality": "Kampung Seri Tiram Jaya", "nearest_major_locality_type": "village", "nearest_locality_distance_km": 13.05, "nearest_major_locality_distance_km": 14.55, "locality_source": "OpenStreetMap / Geofabrik" }, "geometry": { "type": "Polygon", "coordinates": [ [ [ 101.322267298879396, 3.507418586199015 ], [ 101.322312052987556, 3.525497570174003 ], [ 101.340304394283649, 3.525452310259986 ], [ 101.340259294207243, 3.50737355893987 ], [ 101.322267298879396, 3.507418586199015 ] ] ] } },
{ "type": "Feature", "properties": { "cell_id": "KS_050", "cell_area_km2": 4.0, "center_lon": 101.34927781174305, "center_lat": 3.5163902333947807, "study_area": "Kuala Selangor", "dataset_version": "2.0.0", "geoai_model_version": "kmeans-k3-v1", "network_tiles": 0, "network_tests": 0, "avg_download_mbps": null, "avg_upload_mbps": null, "avg_latency_ms": null, "network_data_present": false, "population": null, "population_pixels": 0, "population_data_present": false, "school_count": 0, "hospital_count": 0, "clinic_count": 0, "doctor_count": 0, "healthcare_count": 0, "download_gap": null, "upload_gap": null, "latency_gap": null, "connectivity_gap_score": null, "population_exposure": null, "school_exposure": 0.0, "healthcare_exposure": 0.0, "general_exposure": null, "education_exposure": null, "healthcare_exposure_mode": null, "score_general": null, "score_education": null, "score_healthcare": null, "priority_general": "Evidence Gap", "priority_education": "Evidence Gap", "priority_healthcare": "Evidence Gap", "decision_general": "Evidence Gap", "decision_education": "Evidence Gap", "decision_healthcare": "Evidence Gap", "analysis_status": "Evidence Gap", "evidence_label": "Evidence Gap", "evidence_strength_score": null, "evidence_gap_exposure": null, "evidence_gap_rank": null, "validation_needed": false, "top5_general": false, "top5_education": false, "top5_healthcare": false, "top5_evidence_gap": false, "ai_cluster_id": null, "ai_profile": "Unclassified - Evidence Gap", "ai_profile_status": "Unclassified - insufficient connectivity observations", "ai_profile_description": "Insufficient observed connectivity data for GeoAI profiling.", "ai_profile_interpretation": "Not classified", "cluster_silhouette": null, "nearest_locality": "Kampung Sri Makmur", "nearest_locality_type": "hamlet", "nearest_major_locality": "Kampung Seri Tiram Jaya", "nearest_major_locality_type": "village", "nearest_locality_distance_km": 12.94, "nearest_major_locality_distance_km": 16.14, "locality_source": "OpenStreetMap / Geofabrik" }, "geometry": { "type": "Polygon", "coordinates": [ [ [ 101.340259294207243, 3.50737355893987 ], [ 101.340304394283649, 3.525452310259986 ], [ 101.358296502251818, 3.525406701823785 ], [ 101.358251056229477, 3.507328184950069 ], [ 101.340259294207243, 3.50737355893987 ] ] ] } },
{ "type": "Feature", "properties": { "cell_id": "KS_051", "cell_area_km2": 4.0, "center_lon": 101.36726962918505, "center_lat": 3.516344568378047, "study_area": "Kuala Selangor", "dataset_version": "2.0.0", "geoai_model_version": "kmeans-k3-v1", "network_tiles": 0, "network_tests": 0, "avg_download_mbps": null, "avg_upload_mbps": null, "avg_latency_ms": null, "network_data_present": false, "population": null, "population_pixels": 0, "population_data_present": false, "school_count": 0, "hospital_count": 0, "clinic_count": 0, "doctor_count": 0, "healthcare_count": 0, "download_gap": null, "upload_gap": null, "latency_gap": null, "connectivity_gap_score": null, "population_exposure": null, "school_exposure": 0.0, "healthcare_exposure": 0.0, "general_exposure": null, "education_exposure": null, "healthcare_exposure_mode": null, "score_general": null, "score_education": null, "score_healthcare": null, "priority_general": "Evidence Gap", "priority_education": "Evidence Gap", "priority_healthcare": "Evidence Gap", "decision_general": "Evidence Gap", "decision_education": "Evidence Gap", "decision_healthcare": "Evidence Gap", "analysis_status": "Evidence Gap", "evidence_label": "Evidence Gap", "evidence_strength_score": null, "evidence_gap_exposure": null, "evidence_gap_rank": null, "validation_needed": false, "top5_general": false, "top5_education": false, "top5_healthcare": false, "top5_evidence_gap": false, "ai_cluster_id": null, "ai_profile": "Unclassified - Evidence Gap", "ai_profile_status": "Unclassified - insufficient connectivity observations", "ai_profile_description": "Insufficient observed connectivity data for GeoAI profiling.", "ai_profile_interpretation": "Not classified", "cluster_silhouette": null, "nearest_locality": "Kampung Sri Makmur", "nearest_locality_type": "hamlet", "nearest_major_locality": "Bestari Jaya", "nearest_major_locality_type": "town", "nearest_locality_distance_km": 12.48, "nearest_major_locality_distance_km": 16.03, "locality_source": "OpenStreetMap / Geofabrik" }, "geometry": { "type": "Polygon", "coordinates": [ [ [ 101.358251056229477, 3.507328184950069 ], [ 101.358296502251818, 3.525406701823785 ], [ 101.376288375102362, 3.525360744887873 ], [ 101.376242583156525, 3.507282464251968 ], [ 101.358251056229477, 3.507328184950069 ] ] ] } },
{ "type": "Feature", "properties": { "cell_id": "KS_052", "cell_area_km2": 4.0, "center_lon": 101.38526121062588, "center_lat": 3.5162985557685889, "study_area": "Kuala Selangor", "dataset_version": "2.0.0", "geoai_model_version": "kmeans-k3-v1", "network_tiles": 0, "network_tests": 0, "avg_download_mbps": null, "avg_upload_mbps": null, "avg_latency_ms": null, "network_data_present": false, "population": null, "population_pixels": 0, "population_data_present": false, "school_count": 0, "hospital_count": 0, "clinic_count": 0, "doctor_count": 0, "healthcare_count": 0, "download_gap": null, "upload_gap": null, "latency_gap": null, "connectivity_gap_score": null, "population_exposure": null, "school_exposure": 0.0, "healthcare_exposure": 0.0, "general_exposure": null, "education_exposure": null, "healthcare_exposure_mode": null, "score_general": null, "score_education": null, "score_healthcare": null, "priority_general": "Evidence Gap", "priority_education": "Evidence Gap", "priority_healthcare": "Evidence Gap", "decision_general": "Evidence Gap", "decision_education": "Evidence Gap", "decision_healthcare": "Evidence Gap", "analysis_status": "Evidence Gap", "evidence_label": "Evidence Gap", "evidence_strength_score": null, "evidence_gap_exposure": null, "evidence_gap_rank": null, "validation_needed": false, "top5_general": false, "top5_education": false, "top5_healthcare": false, "top5_evidence_gap": false, "ai_cluster_id": null, "ai_profile": "Unclassified - Evidence Gap", "ai_profile_status": "Unclassified - insufficient connectivity observations", "ai_profile_description": "Insufficient observed connectivity data for GeoAI profiling.", "ai_profile_interpretation": "Not classified", "cluster_silhouette": null, "nearest_locality": "Sime Darby Plantation Ladang Tennamaram", "nearest_locality_type": "hamlet", "nearest_major_locality": "Bestari Jaya", "nearest_major_locality_type": "town", "nearest_locality_distance_km": 10.97, "nearest_major_locality_distance_km": 15.55, "locality_source": "OpenStreetMap / Geofabrik" }, "geometry": { "type": "Polygon", "coordinates": [ [ [ 101.376242583156525, 3.507282464251968 ], [ 101.376288375102362, 3.525360744887873 ], [ 101.39428001104568, 3.525314439474896 ], [ 101.394233873198942, 3.507236396868097 ], [ 101.376242583156525, 3.507282464251968 ] ] ] } },
{ "type": "Feature", "properties": { "cell_id": "KS_053", "cell_area_km2": 4.0, "center_lon": 101.40325255427608, "center_lat": 3.516252195589078, "study_area": "Kuala Selangor", "dataset_version": "2.0.0", "geoai_model_version": "kmeans-k3-v1", "network_tiles": 0, "network_tests": 0, "avg_download_mbps": null, "avg_upload_mbps": null, "avg_latency_ms": null, "network_data_present": false, "population": null, "population_pixels": 0, "population_data_present": false, "school_count": 0, "hospital_count": 0, "clinic_count": 0, "doctor_count": 0, "healthcare_count": 0, "download_gap": null, "upload_gap": null, "latency_gap": null, "connectivity_gap_score": null, "population_exposure": null, "school_exposure": 0.0, "healthcare_exposure": 0.0, "general_exposure": null, "education_exposure": null, "healthcare_exposure_mode": null, "score_general": null, "score_education": null, "score_healthcare": null, "priority_general": "Evidence Gap", "priority_education": "Evidence Gap", "priority_healthcare": "Evidence Gap", "decision_general": "Evidence Gap", "decision_education": "Evidence Gap", "decision_healthcare": "Evidence Gap", "analysis_status": "Evidence Gap", "evidence_label": "Evidence Gap", "evidence_strength_score": null, "evidence_gap_exposure": null, "evidence_gap_rank": null, "validation_needed": false, "top5_general": false, "top5_education": false, "top5_healthcare": false, "top5_evidence_gap": false, "ai_cluster_id": null, "ai_profile": "Unclassified - Evidence Gap", "ai_profile_status": "Unclassified - insufficient connectivity observations", "ai_profile_description": "Insufficient observed connectivity data for GeoAI profiling.", "ai_profile_interpretation": "Not classified", "cluster_silhouette": null, "nearest_locality": "Sime Darby Plantation Ladang Tennamaram", "nearest_locality_type": "hamlet", "nearest_major_locality": "Bestari Jaya", "nearest_major_locality_type": "town", "nearest_locality_distance_km": 9.6, "nearest_major_locality_distance_km": 15.31, "locality_source": "OpenStreetMap / Geofabrik" }, "geometry": { "type": "Polygon", "coordinates": [ [ [ 101.394233873198942, 3.507236396868097 ], [ 101.39428001104568, 3.525314439474896 ], [ 101.412271408292256, 3.525267785607669 ], [ 101.412224924567425, 3.507189982821152 ], [ 101.394233873198942, 3.507236396868097 ] ] ] } },
{ "type": "Feature", "properties": { "cell_id": "KS_054", "cell_area_km2": 3.9713059931028432, "center_lon": 101.169344993479, "center_lat": 3.5159379080722055, "study_area": "Kuala Selangor", "dataset_version": "2.0.0", "geoai_model_version": "kmeans-k3-v1", "network_tiles": 4, "network_tests": 20, "avg_download_mbps": 25.75485, "avg_upload_mbps": 7.3246, "avg_latency_ms": 43.9, "network_data_present": true, "population": 906.2711461847648, "population_pixels": 359, "population_data_present": true, "school_count": 0, "hospital_count": 0, "clinic_count": 0, "doctor_count": 0, "healthcare_count": 0, "download_gap": 0.82967032967032961, "upload_gap": 0.72527472527472525, "latency_gap": 0.93406593406593408, "connectivity_gap_score": 82.967032967032978, "population_exposure": 0.56910569105691056, "school_exposure": 0.0, "healthcare_exposure": 0.0, "general_exposure": 0.56910569105691056, "education_exposure": 0.56910569105691056, "healthcare_exposure_mode": 0.56910569105691056, "score_general": 47.217010631644776, "score_education": 47.217010631644776, "score_healthcare": 47.217010631644776, "priority_general": "High", "priority_education": "High", "priority_healthcare": "High", "decision_general": "High priority - supported", "decision_education": "High priority - supported", "decision_healthcare": "High priority - supported", "analysis_status": "Observed", "evidence_label": "Good", "evidence_strength_score": 57.692307692307686, "evidence_gap_exposure": 0.56910569105691056, "evidence_gap_rank": null, "validation_needed": false, "top5_general": false, "top5_education": false, "top5_healthcare": false, "top5_evidence_gap": false, "ai_cluster_id": 2.0, "ai_profile": "Connectivity-Constrained Areas", "ai_profile_status": "GeoAI classified", "ai_profile_description": "Areas characterised by comparatively lower download and upload performance, higher connectivity gaps, lower population density, and relatively few mapped essential-service facilities.", "ai_profile_interpretation": "Distinct recurring profile", "cluster_silhouette": 0.42983175255687783, "nearest_locality": "Kampung Parit 2 Ban 2", "nearest_locality_type": "hamlet", "nearest_major_locality": "Tanjong Karang", "nearest_major_locality_type": "town", "nearest_locality_distance_km": 3.9, "nearest_major_locality_distance_km": 10.2, "locality_source": "OpenStreetMap / Geofabrik" }, "geometry": { "type": "Polygon", "coordinates": [ [ [ 101.178365137619608, 3.525847100047085 ], [ 101.178323152038672, 3.507766319341759 ], [ 101.160329137509095, 3.507808225046976 ], [ 101.160366668793202, 3.524109505947263 ], [ 101.162993614309997, 3.525883104332343 ], [ 101.178365137619608, 3.525847100047085 ] ] ] } },
{ "type": "Feature", "properties": { "cell_id": "KS_055", "cell_area_km2": 3.8760062811505018, "center_lon": 101.42123794680907, "center_lat": 3.5139917827898355, "study_area": "Kuala Selangor", "dataset_version": "2.0.0", "geoai_model_version": "kmeans-k3-v1", "network_tiles": 0, "network_tests": 0, "avg_download_mbps": null, "avg_upload_mbps": null, "avg_latency_ms": null, "network_data_present": false, "population": null, "population_pixels": 0, "population_data_present": false, "school_count": 0, "hospital_count": 0, "clinic_count": 0, "doctor_count": 0, "healthcare_count": 0, "download_gap": null, "upload_gap": null, "latency_gap": null, "connectivity_gap_score": null, "population_exposure": null, "school_exposure": 0.0, "healthcare_exposure": 0.0, "general_exposure": null, "education_exposure": null, "healthcare_exposure_mode": null, "score_general": null, "score_education": null, "score_healthcare": null, "priority_general": "Evidence Gap", "priority_education": "Evidence Gap", "priority_healthcare": "Evidence Gap", "decision_general": "Evidence Gap", "decision_education": "Evidence Gap", "decision_healthcare": "Evidence Gap", "analysis_status": "Evidence Gap", "evidence_label": "Evidence Gap", "evidence_strength_score": null, "evidence_gap_exposure": null, "evidence_gap_rank": null, "validation_needed": false, "top5_general": false, "top5_education": false, "top5_healthcare": false, "top5_evidence_gap": false, "ai_cluster_id": null, "ai_profile": "Unclassified - Evidence Gap", "ai_profile_status": "Unclassified - insufficient connectivity observations", "ai_profile_description": "Insufficient observed connectivity data for GeoAI profiling.", "ai_profile_interpretation": "Not classified", "cluster_silhouette": null, "nearest_locality": "Sime Darby Plantation Ladang Tennamaram", "nearest_locality_type": "hamlet", "nearest_major_locality": "Bestari Jaya", "nearest_major_locality_type": "town", "nearest_locality_distance_km": 8.47, "nearest_major_locality_distance_km": 15.31, "locality_source": "OpenStreetMap / Geofabrik" }, "geometry": { "type": "Polygon", "coordinates": [ [ [ 101.430215735472757, 3.507143222134004 ], [ 101.412224924567425, 3.507189982821152 ], [ 101.412271408292256, 3.525267785607669 ], [ 101.425708286358272, 3.525232714459595 ], [ 101.430251073606655, 3.520793403626598 ], [ 101.430215735472757, 3.507143222134004 ] ] ] } },
{ "type": "Feature", "properties": { "cell_id": "KS_056", "cell_area_km2": 1.178644457379987, "center_lon": 101.43374369076516, "center_lat": 3.5139591313457559, "study_area": "Kuala Selangor", "dataset_version": "2.0.0", "geoai_model_version": "kmeans-k3-v1", "network_tiles": 0, "network_tests": 0, "avg_download_mbps": null, "avg_upload_mbps": null, "avg_latency_ms": null, "network_data_present": false, "population": null, "population_pixels": 0, "population_data_present": false, "school_count": 0, "hospital_count": 0, "clinic_count": 0, "doctor_count": 0, "healthcare_count": 0, "download_gap": null, "upload_gap": null, "latency_gap": null, "connectivity_gap_score": null, "population_exposure": null, "school_exposure": 0.0, "healthcare_exposure": 0.0, "general_exposure": null, "education_exposure": null, "healthcare_exposure_mode": null, "score_general": null, "score_education": null, "score_healthcare": null, "priority_general": "Evidence Gap", "priority_education": "Evidence Gap", "priority_healthcare": "Evidence Gap", "decision_general": "Evidence Gap", "decision_education": "Evidence Gap", "decision_healthcare": "Evidence Gap", "analysis_status": "Evidence Gap", "evidence_label": "Evidence Gap", "evidence_strength_score": null, "evidence_gap_exposure": null, "evidence_gap_rank": null, "validation_needed": false, "top5_general": false, "top5_education": false, "top5_healthcare": false, "top5_evidence_gap": false, "ai_cluster_id": null, "ai_profile": "Unclassified - Evidence Gap", "ai_profile_status": "Unclassified - insufficient connectivity observations", "ai_profile_description": "Insufficient observed connectivity data for GeoAI profiling.", "ai_profile_interpretation": "Not classified", "cluster_silhouette": null, "nearest_locality": "Sime Darby Plantation Ladang Tennamaram", "nearest_locality_type": "hamlet", "nearest_major_locality": "Bestari Jaya", "nearest_major_locality_type": "town", "nearest_locality_distance_km": 7.4, "nearest_major_locality_distance_km": 15.04, "locality_source": "OpenStreetMap / Geofabrik" }, "geometry": { "type": "Polygon", "coordinates": [ [ [ 101.430215735472757, 3.507143222134004 ], [ 101.430251073606655, 3.520793403626598 ], [ 101.444256792227606, 3.507106486154971 ], [ 101.430215735472757, 3.507143222134004 ] ] ] } },
{ "type": "Feature", "properties": { "cell_id": "KS_057", "cell_area_km2": 3.5544882138273359, "center_lon": 101.13631976158221, "center_lat": 3.5038040826300714, "study_area": "Kuala Selangor", "dataset_version": "2.0.0", "geoai_model_version": "kmeans-k3-v1", "network_tiles": 3, "network_tests": 4, "avg_download_mbps": 37.64575, "avg_upload_mbps": 12.547, "avg_latency_ms": 26.0, "network_data_present": true, "population": 315.89115626364946, "population_pixels": 194, "population_data_present": true, "school_count": 0, "hospital_count": 0, "clinic_count": 0, "doctor_count": 0, "healthcare_count": 0, "download_gap": 0.76373626373626369, "upload_gap": 0.62637362637362637, "latency_gap": 0.68681318681318682, "connectivity_gap_score": 69.230769230769212, "population_exposure": 0.35772357723577236, "school_exposure": 0.0, "healthcare_exposure": 0.0, "general_exposure": 0.35772357723577236, "education_exposure": 0.35772357723577231, "healthcare_exposure_mode": 0.35772357723577231, "score_general": 24.765478424015004, "score_education": 24.765478424015001, "score_healthcare": 24.765478424015001, "priority_general": "Medium", "priority_education": "Medium", "priority_healthcare": "Medium", "decision_general": "Monitor / investigate", "decision_education": "Monitor / investigate", "decision_healthcare": "Monitor / investigate", "analysis_status": "Observed", "evidence_label": "Limited", "evidence_strength_score": 23.626373626373624, "evidence_gap_exposure": 0.35772357723577236, "evidence_gap_rank": null, "validation_needed": false, "top5_general": false, "top5_education": false, "top5_healthcare": false, "top5_evidence_gap": false, "ai_cluster_id": 2.0, "ai_profile": "Connectivity-Constrained Areas", "ai_profile_status": "GeoAI classified", "ai_profile_description": "Areas characterised by comparatively lower download and upload performance, higher connectivity gaps, lower population density, and relatively few mapped essential-service facilities.", "ai_profile_interpretation": "Distinct recurring profile", "cluster_silhouette": 0.45517814182855365, "nearest_locality": "Kampung Parit 3", "nearest_locality_type": "hamlet", "nearest_major_locality": "Tanjong Karang", "nearest_major_locality_type": "town", "nearest_locality_distance_km": 1.83, "nearest_major_locality_distance_km": 9.36, "locality_source": "OpenStreetMap / Geofabrik" }, "geometry": { "type": "Polygon", "coordinates": [ [ [ 101.142293827950425, 3.489768564361083 ], [ 101.124299728815103, 3.489809563223234 ], [ 101.124322146609273, 3.499771941818289 ], [ 101.136305558886065, 3.507863631236915 ], [ 101.142344232350482, 3.511941043678511 ], [ 101.142334907575673, 3.507849783807322 ], [ 101.142293827950425, 3.489768564361083 ] ] ] } },
{ "type": "Feature", "properties": { "cell_id": "KS_058", "cell_area_km2": 4.0, "center_lon": 101.15131139663207, "center_lat": 3.4987884925760362, "study_area": "Kuala Selangor", "dataset_version": "2.0.0", "geoai_model_version": "kmeans-k3-v1", "network_tiles": 0, "network_tests": 0, "avg_download_mbps": null, "avg_upload_mbps": null, "avg_latency_ms": null, "network_data_present": false, "population": 414.7928159753792, "population_pixels": 313, "population_data_present": true, "school_count": 0, "hospital_count": 0, "clinic_count": 0, "doctor_count": 0, "healthcare_count": 0, "download_gap": null, "upload_gap": null, "latency_gap": null, "connectivity_gap_score": null, "population_exposure": 0.3983739837398374, "school_exposure": 0.0, "healthcare_exposure": 0.0, "general_exposure": 0.3983739837398374, "education_exposure": 0.39837398373983746, "healthcare_exposure_mode": 0.39837398373983746, "score_general": null, "score_education": null, "score_healthcare": null, "priority_general": "Evidence Gap", "priority_education": "Evidence Gap", "priority_healthcare": "Evidence Gap", "decision_general": "Evidence Gap", "decision_education": "Evidence Gap", "decision_healthcare": "Evidence Gap", "analysis_status": "Evidence Gap", "evidence_label": "Evidence Gap", "evidence_strength_score": null, "evidence_gap_exposure": 0.3983739837398374, "evidence_gap_rank": 10.0, "validation_needed": false, "top5_general": false, "top5_education": false, "top5_healthcare": false, "top5_evidence_gap": false, "ai_cluster_id": null, "ai_profile": "Unclassified - Evidence Gap", "ai_profile_status": "Unclassified - insufficient connectivity observations", "ai_profile_description": "Insufficient observed connectivity data for GeoAI profiling.", "ai_profile_interpretation": "Not classified", "cluster_silhouette": null, "nearest_locality": "Kampung Parit 2 Ban 2", "nearest_locality_type": "hamlet", "nearest_major_locality": "Tanjong Karang", "nearest_major_locality_type": "town", "nearest_locality_distance_km": 2.16, "nearest_major_locality_distance_km": 8.64, "locality_source": "OpenStreetMap / Geofabrik" }, "geometry": { "type": "Polygon", "coordinates": [ [ [ 101.142293827950425, 3.489768564361083 ], [ 101.142334907575673, 3.507849783807322 ], [ 101.160329137509095, 3.507808225046976 ], [ 101.16028771349302, 3.489727220326255 ], [ 101.142293827950425, 3.489768564361083 ] ] ] } },
{ "type": "Feature", "properties": { "cell_id": "KS_059", "cell_area_km2": 4.0, "center_lon": 101.16930534667327, "center_lat": 3.4987468681525802, "study_area": "Kuala Selangor", "dataset_version": "2.0.0", "geoai_model_version": "kmeans-k3-v1", "network_tiles": 2, "network_tests": 34, "avg_download_mbps": 72.943117647058827, "avg_upload_mbps": 31.575117647058825, "avg_latency_ms": 24.735294117647058, "network_data_present": true, "population": 844.22611241322011, "population_pixels": 377, "population_data_present": true, "school_count": 0, "hospital_count": 0, "clinic_count": 0, "doctor_count": 0, "healthcare_count": 0, "download_gap": 0.56593406593406592, "upload_gap": 0.17032967032967028, "latency_gap": 0.60989010989010994, "connectivity_gap_score": 44.871794871794876, "population_exposure": 0.54878048780487809, "school_exposure": 0.0, "healthcare_exposure": 0.0, "general_exposure": 0.54878048780487809, "education_exposure": 0.54878048780487809, "healthcare_exposure_mode": 0.54878048780487809, "score_general": 24.624765478424017, "score_education": 24.624765478424017, "score_healthcare": 24.624765478424017, "priority_general": "Medium", "priority_education": "Medium", "priority_healthcare": "Medium", "decision_general": "Monitor / investigate", "decision_education": "Monitor / investigate", "decision_healthcare": "Monitor / investigate", "analysis_status": "Observed", "evidence_label": "Good", "evidence_strength_score": 67.307692307692307, "evidence_gap_exposure": 0.54878048780487809, "evidence_gap_rank": null, "validation_needed": false, "top5_general": false, "top5_education": false, "top5_healthcare": false, "top5_evidence_gap": false, "ai_cluster_id": 0.0, "ai_profile": "Strong-Connectivity Areas", "ai_profile_status": "GeoAI classified", "ai_profile_description": "Areas characterised by comparatively strong mobile download and upload performance, lower latency, moderate population exposure, and relatively few mapped essential-service facilities.", "ai_profile_interpretation": "Distinct recurring profile", "cluster_silhouette": 0.037301554809990506, "nearest_locality": "Kampung Parit 2 Ban 2", "nearest_locality_type": "hamlet", "nearest_major_locality": "Tanjong Karang", "nearest_major_locality_type": "town", "nearest_locality_distance_km": 2.0, "nearest_major_locality_distance_km": 8.21, "locality_source": "OpenStreetMap / Geofabrik" }, "geometry": { "type": "Polygon", "coordinates": [ [ [ 101.16028771349302, 3.489727220326255 ], [ 101.160329137509095, 3.507808225046976 ], [ 101.178323152038672, 3.507766319341759 ], [ 101.178281383652262, 3.489685531139131 ], [ 101.16028771349302, 3.489727220326255 ] ] ] } },
{ "type": "Feature", "properties": { "cell_id": "KS_060", "cell_area_km2": 4.0, "center_lon": 101.18729908042557, "center_lat": 3.498704897690827, "study_area": "Kuala Selangor", "dataset_version": "2.0.0", "geoai_model_version": "kmeans-k3-v1", "network_tiles": 6, "network_tests": 79, "avg_download_mbps": 45.441544303797471, "avg_upload_mbps": 14.540531645569621, "avg_latency_ms": 70.74683544303798, "network_data_present": true, "population": 1476.3669302738272, "population_pixels": 354, "population_data_present": true, "school_count": 0, "hospital_count": 0, "clinic_count": 0, "doctor_count": 0, "healthcare_count": 0, "download_gap": 0.70329670329670324, "upload_gap": 0.58241758241758235, "latency_gap": 0.97802197802197799, "connectivity_gap_score": 75.45787545787546, "population_exposure": 0.7032520325203252, "school_exposure": 0.0, "healthcare_exposure": 0.0, "general_exposure": 0.7032520325203252, "education_exposure": 0.7032520325203252, "healthcare_exposure_mode": 0.7032520325203252, "score_general": 53.06590428541648, "score_education": 53.06590428541648, "score_healthcare": 53.06590428541648, "priority_general": "High", "priority_education": "High", "priority_healthcare": "High", "decision_general": "High priority - supported", "decision_education": "High priority - supported", "decision_healthcare": "High priority - supported", "analysis_status": "Observed", "evidence_label": "Strong", "evidence_strength_score": 84.890109890109883, "evidence_gap_exposure": 0.7032520325203252, "evidence_gap_rank": null, "validation_needed": false, "top5_general": false, "top5_education": false, "top5_healthcare": false, "top5_evidence_gap": false, "ai_cluster_id": 2.0, "ai_profile": "Connectivity-Constrained Areas", "ai_profile_status": "GeoAI classified", "ai_profile_description": "Areas characterised by comparatively lower download and upload performance, higher connectivity gaps, lower population density, and relatively few mapped essential-service facilities.", "ai_profile_interpretation": "Distinct recurring profile", "cluster_silhouette": 0.21581724877968306, "nearest_locality": "Kampung Ampangan", "nearest_locality_type": "hamlet", "nearest_major_locality": "Tanjong Karang", "nearest_major_locality_type": "town", "nearest_locality_distance_km": 1.42, "nearest_major_locality_distance_km": 8.26, "locality_source": "OpenStreetMap / Geofabrik" }, "geometry": { "type": "Polygon", "coordinates": [ [ [ 101.178281383652262, 3.489685531139131 ], [ 101.178323152038672, 3.507766319341759 ], [ 101.196316949373752, 3.507724066712325 ], [ 101.196274836637627, 3.489643496820255 ], [ 101.178281383652262, 3.489685531139131 ] ] ] } },
{ "type": "Feature", "properties": { "cell_id": "KS_061", "cell_area_km2": 4.0, "center_lon": 101.20529259609847, "center_lat": 3.4986625812114633, "study_area": "Kuala Selangor", "dataset_version": "2.0.0", "geoai_model_version": "kmeans-k3-v1", "network_tiles": 2, "network_tests": 9, "avg_download_mbps": 37.809777777777782, "avg_upload_mbps": 2.0142222222222221, "avg_latency_ms": 36.222222222222221, "network_data_present": true, "population": 713.16049485746771, "population_pixels": 134, "population_data_present": true, "school_count": 0, "hospital_count": 0, "clinic_count": 0, "doctor_count": 0, "healthcare_count": 0, "download_gap": 0.75824175824175821, "upload_gap": 0.89560439560439564, "latency_gap": 0.87912087912087911, "connectivity_gap_score": 84.432234432234438, "population_exposure": 0.5, "school_exposure": 0.0, "healthcare_exposure": 0.0, "general_exposure": 0.5, "education_exposure": 0.5, "healthcare_exposure_mode": 0.5, "score_general": 42.216117216117219, "score_education": 42.216117216117219, "score_healthcare": 42.216117216117219, "priority_general": "High", "priority_education": "Medium", "priority_healthcare": "High", "decision_general": "High priority - validate evidence", "decision_education": "Monitor / investigate", "decision_healthcare": "High priority - validate evidence", "analysis_status": "Observed", "evidence_label": "Moderate", "evidence_strength_score": 39.835164835164832, "evidence_gap_exposure": 0.5, "evidence_gap_rank": null, "validation_needed": true, "top5_general": false, "top5_education": false, "top5_healthcare": false, "top5_evidence_gap": false, "ai_cluster_id": 2.0, "ai_profile": "Connectivity-Constrained Areas", "ai_profile_status": "GeoAI classified", "ai_profile_description": "Areas characterised by comparatively lower download and upload performance, higher connectivity gaps, lower population density, and relatively few mapped essential-service facilities.", "ai_profile_interpretation": "Distinct recurring profile", "cluster_silhouette": 0.49026138788997092, "nearest_locality": "Kampung Ampangan", "nearest_locality_type": "hamlet", "nearest_major_locality": "Kampung Seri Tiram Jaya", "nearest_major_locality_type": "village", "nearest_locality_distance_km": 0.62, "nearest_major_locality_distance_km": 7.74, "locality_source": "OpenStreetMap / Geofabrik" }, "geometry": { "type": "Polygon", "coordinates": [ [ [ 101.196274836637627, 3.489643496820255 ], [ 101.196316949373752, 3.507724066712325 ], [ 101.214310527723768, 3.5076814671795 ], [ 101.214268070658733, 3.489601117390346 ], [ 101.196274836637627, 3.489643496820255 ] ] ] } },
{ "type": "Feature", "properties": { "cell_id": "KS_062", "cell_area_km2": 4.0, "center_lon": 101.22328589190151, "center_lat": 3.4986199187353448, "study_area": "Kuala Selangor", "dataset_version": "2.0.0", "geoai_model_version": "kmeans-k3-v1", "network_tiles": 0, "network_tests": 0, "avg_download_mbps": null, "avg_upload_mbps": null, "avg_latency_ms": null, "network_data_present": false, "population": null, "population_pixels": 0, "population_data_present": false, "school_count": 0, "hospital_count": 0, "clinic_count": 0, "doctor_count": 0, "healthcare_count": 0, "download_gap": null, "upload_gap": null, "latency_gap": null, "connectivity_gap_score": null, "population_exposure": null, "school_exposure": 0.0, "healthcare_exposure": 0.0, "general_exposure": null, "education_exposure": null, "healthcare_exposure_mode": null, "score_general": null, "score_education": null, "score_healthcare": null, "priority_general": "Evidence Gap", "priority_education": "Evidence Gap", "priority_healthcare": "Evidence Gap", "decision_general": "Evidence Gap", "decision_education": "Evidence Gap", "decision_healthcare": "Evidence Gap", "analysis_status": "Evidence Gap", "evidence_label": "Evidence Gap", "evidence_strength_score": null, "evidence_gap_exposure": null, "evidence_gap_rank": null, "validation_needed": false, "top5_general": false, "top5_education": false, "top5_healthcare": false, "top5_evidence_gap": false, "ai_cluster_id": null, "ai_profile": "Unclassified - Evidence Gap", "ai_profile_status": "Unclassified - insufficient connectivity observations", "ai_profile_description": "Insufficient observed connectivity data for GeoAI profiling.", "ai_profile_interpretation": "Not classified", "cluster_silhouette": null, "nearest_locality": "Kampung Ampangan", "nearest_locality_type": "hamlet", "nearest_major_locality": "Kampung Seri Tiram Jaya", "nearest_major_locality_type": "village", "nearest_locality_distance_km": 2.6, "nearest_major_locality_distance_km": 7.27, "locality_source": "OpenStreetMap / Geofabrik" }, "geometry": { "type": "Polygon", "coordinates": [ [ [ 101.214268070658733, 3.489601117390346 ], [ 101.214310527723768, 3.5076814671795 ], [ 101.232303885298265, 3.507638520764278 ], [ 101.232261083925266, 3.489558392870293 ], [ 101.214268070658733, 3.489601117390346 ] ] ] } },
{ "type": "Feature", "properties": { "cell_id": "KS_063", "cell_area_km2": 4.0, "center_lon": 101.24127896604438, "center_lat": 3.4985769102834978, "study_area": "Kuala Selangor", "dataset_version": "2.0.0", "geoai_model_version": "kmeans-k3-v1", "network_tiles": 0, "network_tests": 0, "avg_download_mbps": null, "avg_upload_mbps": null, "avg_latency_ms": null, "network_data_present": false, "population": null, "population_pixels": 0, "population_data_present": false, "school_count": 0, "hospital_count": 0, "clinic_count": 0, "doctor_count": 0, "healthcare_count": 0, "download_gap": null, "upload_gap": null, "latency_gap": null, "connectivity_gap_score": null, "population_exposure": null, "school_exposure": 0.0, "healthcare_exposure": 0.0, "general_exposure": null, "education_exposure": null, "healthcare_exposure_mode": null, "score_general": null, "score_education": null, "score_healthcare": null, "priority_general": "Evidence Gap", "priority_education": "Evidence Gap", "priority_healthcare": "Evidence Gap", "decision_general": "Evidence Gap", "decision_education": "Evidence Gap", "decision_healthcare": "Evidence Gap", "analysis_status": "Evidence Gap", "evidence_label": "Evidence Gap", "evidence_strength_score": null, "evidence_gap_exposure": null, "evidence_gap_rank": null, "validation_needed": false, "top5_general": false, "top5_education": false, "top5_healthcare": false, "top5_evidence_gap": false, "ai_cluster_id": null, "ai_profile": "Unclassified - Evidence Gap", "ai_profile_status": "Unclassified - insufficient connectivity observations", "ai_profile_description": "Insufficient observed connectivity data for GeoAI profiling.", "ai_profile_interpretation": "Not classified", "cluster_silhouette": null, "nearest_locality": "Kampung Ampangan", "nearest_locality_type": "hamlet", "nearest_major_locality": "Kampung Seri Tiram Jaya", "nearest_major_locality_type": "village", "nearest_locality_distance_km": 4.6, "nearest_major_locality_distance_km": 7.34, "locality_source": "OpenStreetMap / Geofabrik" }, "geometry": { "type": "Polygon", "coordinates": [ [ [ 101.232261083925266, 3.489558392870293 ], [ 101.232303885298265, 3.507638520764278 ], [ 101.250297020306874, 3.507595227487828 ], [ 101.250253874647086, 3.48951532328115 ], [ 101.232261083925266, 3.489558392870293 ] ] ] } },
{ "type": "Feature", "properties": { "cell_id": "KS_064", "cell_area_km2": 4.0, "center_lon": 101.25927181673686, "center_lat": 3.49853355587712, "study_area": "Kuala Selangor", "dataset_version": "2.0.0", "geoai_model_version": "kmeans-k3-v1", "network_tiles": 0, "network_tests": 0, "avg_download_mbps": null, "avg_upload_mbps": null, "avg_latency_ms": null, "network_data_present": false, "population": null, "population_pixels": 0, "population_data_present": false, "school_count": 0, "hospital_count": 0, "clinic_count": 0, "doctor_count": 0, "healthcare_count": 0, "download_gap": null, "upload_gap": null, "latency_gap": null, "connectivity_gap_score": null, "population_exposure": null, "school_exposure": 0.0, "healthcare_exposure": 0.0, "general_exposure": null, "education_exposure": null, "healthcare_exposure_mode": null, "score_general": null, "score_education": null, "score_healthcare": null, "priority_general": "Evidence Gap", "priority_education": "Evidence Gap", "priority_healthcare": "Evidence Gap", "decision_general": "Evidence Gap", "decision_education": "Evidence Gap", "decision_healthcare": "Evidence Gap", "analysis_status": "Evidence Gap", "evidence_label": "Evidence Gap", "evidence_strength_score": null, "evidence_gap_exposure": null, "evidence_gap_rank": null, "validation_needed": false, "top5_general": false, "top5_education": false, "top5_healthcare": false, "top5_evidence_gap": false, "ai_cluster_id": null, "ai_profile": "Unclassified - Evidence Gap", "ai_profile_status": "Unclassified - insufficient connectivity observations", "ai_profile_description": "Insufficient observed connectivity data for GeoAI profiling.", "ai_profile_interpretation": "Not classified", "cluster_silhouette": null, "nearest_locality": "Kampung Ampangan", "nearest_locality_type": "hamlet", "nearest_major_locality": "Kampung Seri Tiram Jaya", "nearest_major_locality_type": "village", "nearest_locality_distance_km": 6.6, "nearest_major_locality_distance_km": 7.93, "locality_source": "OpenStreetMap / Geofabrik" }, "geometry": { "type": "Polygon", "coordinates": [ [ [ 101.250253874647086, 3.48951532328115 ], [ 101.250297020306874, 3.507595227487828 ], [ 101.268289930959369, 3.507551587371484 ], [ 101.26824644103408, 3.489471908644143 ], [ 101.250253874647086, 3.48951532328115 ] ] ] } },
{ "type": "Feature", "properties": { "cell_id": "KS_065", "cell_area_km2": 4.0, "center_lon": 101.27726444218885, "center_lat": 3.4984898555375756, "study_area": "Kuala Selangor", "dataset_version": "2.0.0", "geoai_model_version": "kmeans-k3-v1", "network_tiles": 0, "network_tests": 0, "avg_download_mbps": null, "avg_upload_mbps": null, "avg_latency_ms": null, "network_data_present": false, "population": null, "population_pixels": 0, "population_data_present": false, "school_count": 0, "hospital_count": 0, "clinic_count": 0, "doctor_count": 0, "healthcare_count": 0, "download_gap": null, "upload_gap": null, "latency_gap": null, "connectivity_gap_score": null, "population_exposure": null, "school_exposure": 0.0, "healthcare_exposure": 0.0, "general_exposure": null, "education_exposure": null, "healthcare_exposure_mode": null, "score_general": null, "score_education": null, "score_healthcare": null, "priority_general": "Evidence Gap", "priority_education": "Evidence Gap", "priority_healthcare": "Evidence Gap", "decision_general": "Evidence Gap", "decision_education": "Evidence Gap", "decision_healthcare": "Evidence Gap", "analysis_status": "Evidence Gap", "evidence_label": "Evidence Gap", "evidence_strength_score": null, "evidence_gap_exposure": null, "evidence_gap_rank": null, "validation_needed": false, "top5_general": false, "top5_education": false, "top5_healthcare": false, "top5_evidence_gap": false, "ai_cluster_id": null, "ai_profile": "Unclassified - Evidence Gap", "ai_profile_status": "Unclassified - insufficient connectivity observations", "ai_profile_description": "Insufficient observed connectivity data for GeoAI profiling.", "ai_profile_interpretation": "Not classified", "cluster_silhouette": null, "nearest_locality": "Kampung Ampangan", "nearest_locality_type": "hamlet", "nearest_major_locality": "Kampung Seri Tiram Jaya", "nearest_major_locality_type": "village", "nearest_locality_distance_km": 8.59, "nearest_major_locality_distance_km": 8.93, "locality_source": "OpenStreetMap / Geofabrik" }, "geometry": { "type": "Polygon", "coordinates": [ [ [ 101.26824644103408, 3.489471908644143 ], [ 101.268289930959369, 3.507551587371484 ], [ 101.286282615465609, 3.507507600436755 ], [ 101.286238781296319, 3.489428148980667 ], [ 101.26824644103408, 3.489471908644143 ] ] ] } },
{ "type": "Feature", "properties": { "cell_id": "KS_066", "cell_area_km2": 4.0, "center_lon": 101.29525684061036, "center_lat": 3.4984458092864013, "study_area": "Kuala Selangor", "dataset_version": "2.0.0", "geoai_model_version": "kmeans-k3-v1", "network_tiles": 0, "network_tests": 0, "avg_download_mbps": null, "avg_upload_mbps": null, "avg_latency_ms": null, "network_data_present": false, "population": null, "population_pixels": 0, "population_data_present": false, "school_count": 0, "hospital_count": 0, "clinic_count": 0, "doctor_count": 0, "healthcare_count": 0, "download_gap": null, "upload_gap": null, "latency_gap": null, "connectivity_gap_score": null, "population_exposure": null, "school_exposure": 0.0, "healthcare_exposure": 0.0, "general_exposure": null, "education_exposure": null, "healthcare_exposure_mode": null, "score_general": null, "score_education": null, "score_healthcare": null, "priority_general": "Evidence Gap", "priority_education": "Evidence Gap", "priority_healthcare": "Evidence Gap", "decision_general": "Evidence Gap", "decision_education": "Evidence Gap", "decision_healthcare": "Evidence Gap", "analysis_status": "Evidence Gap", "evidence_label": "Evidence Gap", "evidence_strength_score": null, "evidence_gap_exposure": null, "evidence_gap_rank": null, "validation_needed": false, "top5_general": false, "top5_education": false, "top5_healthcare": false, "top5_evidence_gap": false, "ai_cluster_id": null, "ai_profile": "Unclassified - Evidence Gap", "ai_profile_status": "Unclassified - insufficient connectivity observations", "ai_profile_description": "Insufficient observed connectivity data for GeoAI profiling.", "ai_profile_interpretation": "Not classified", "cluster_silhouette": null, "nearest_locality": "Ladang Raja Musa", "nearest_locality_type": "locality", "nearest_major_locality": "Kampung Seri Tiram Jaya", "nearest_major_locality_type": "village", "nearest_locality_distance_km": 9.98, "nearest_major_locality_distance_km": 10.24, "locality_source": "OpenStreetMap / Geofabrik" }, "geometry": { "type": "Polygon", "coordinates": [ [ [ 101.286238781296319, 3.489428148980667 ], [ 101.286282615465609, 3.507507600436755 ], [ 101.30427507203558, 3.507463266705316 ], [ 101.304230893643933, 3.489384044312287 ], [ 101.286238781296319, 3.489428148980667 ] ] ] } },
{ "type": "Feature", "properties": { "cell_id": "KS_067", "cell_area_km2": 4.0, "center_lon": 101.31324901021154, "center_lat": 3.4984014171453026, "study_area": "Kuala Selangor", "dataset_version": "2.0.0", "geoai_model_version": "kmeans-k3-v1", "network_tiles": 0, "network_tests": 0, "avg_download_mbps": null, "avg_upload_mbps": null, "avg_latency_ms": null, "network_data_present": false, "population": null, "population_pixels": 0, "population_data_present": false, "school_count": 0, "hospital_count": 0, "clinic_count": 0, "doctor_count": 0, "healthcare_count": 0, "download_gap": null, "upload_gap": null, "latency_gap": null, "connectivity_gap_score": null, "population_exposure": null, "school_exposure": 0.0, "healthcare_exposure": 0.0, "general_exposure": null, "education_exposure": null, "healthcare_exposure_mode": null, "score_general": null, "score_education": null, "score_healthcare": null, "priority_general": "Evidence Gap", "priority_education": "Evidence Gap", "priority_healthcare": "Evidence Gap", "decision_general": "Evidence Gap", "decision_education": "Evidence Gap", "decision_healthcare": "Evidence Gap", "analysis_status": "Evidence Gap", "evidence_label": "Evidence Gap", "evidence_strength_score": null, "evidence_gap_exposure": null, "evidence_gap_rank": null, "validation_needed": false, "top5_general": false, "top5_education": false, "top5_healthcare": false, "top5_evidence_gap": false, "ai_cluster_id": null, "ai_profile": "Unclassified - Evidence Gap", "ai_profile_status": "Unclassified - insufficient connectivity observations", "ai_profile_description": "Insufficient observed connectivity data for GeoAI profiling.", "ai_profile_interpretation": "Not classified", "cluster_silhouette": null, "nearest_locality": "Ladang Raja Musa", "nearest_locality_type": "locality", "nearest_major_locality": "Kampung Seri Tiram Jaya", "nearest_major_locality_type": "village", "nearest_locality_distance_km": 10.45, "nearest_major_locality_distance_km": 11.74, "locality_source": "OpenStreetMap / Geofabrik" }, "geometry": { "type": "Polygon", "coordinates": [ [ [ 101.304230893643933, 3.489384044312287 ], [ 101.30427507203558, 3.507463266705316 ], [ 101.322267298879396, 3.507418586199015 ], [ 101.322222776287205, 3.489339594660737 ], [ 101.304230893643933, 3.489384044312287 ] ] ] } },
{ "type": "Feature", "properties": { "cell_id": "KS_068", "cell_area_km2": 4.0, "center_lon": 101.33124094920259, "center_lat": 3.4983566791361551, "study_area": "Kuala Selangor", "dataset_version": "2.0.0", "geoai_model_version": "kmeans-k3-v1", "network_tiles": 0, "network_tests": 0, "avg_download_mbps": null, "avg_upload_mbps": null, "avg_latency_ms": null, "network_data_present": false, "population": null, "population_pixels": 0, "population_data_present": false, "school_count": 0, "hospital_count": 0, "clinic_count": 0, "doctor_count": 0, "healthcare_count": 0, "download_gap": null, "upload_gap": null, "latency_gap": null, "connectivity_gap_score": null, "population_exposure": null, "school_exposure": 0.0, "healthcare_exposure": 0.0, "general_exposure": null, "education_exposure": null, "healthcare_exposure_mode": null, "score_general": null, "score_education": null, "score_healthcare": null, "priority_general": "Evidence Gap", "priority_education": "Evidence Gap", "priority_healthcare": "Evidence Gap", "decision_general": "Evidence Gap", "decision_education": "Evidence Gap", "decision_healthcare": "Evidence Gap", "analysis_status": "Evidence Gap", "evidence_label": "Evidence Gap", "evidence_strength_score": null, "evidence_gap_exposure": null, "evidence_gap_rank": null, "validation_needed": false, "top5_general": false, "top5_education": false, "top5_healthcare": false, "top5_evidence_gap": false, "ai_cluster_id": null, "ai_profile": "Unclassified - Evidence Gap", "ai_profile_status": "Unclassified - insufficient connectivity observations", "ai_profile_description": "Insufficient observed connectivity data for GeoAI profiling.", "ai_profile_interpretation": "Not classified", "cluster_silhouette": null, "nearest_locality": "Ladang Raja Musa", "nearest_locality_type": "locality", "nearest_major_locality": "Kampung Seri Tiram Jaya", "nearest_major_locality_type": "village", "nearest_locality_distance_km": 11.26, "nearest_major_locality_distance_km": 13.37, "locality_source": "OpenStreetMap / Geofabrik" }, "geometry": { "type": "Polygon", "coordinates": [ [ [ 101.322222776287205, 3.489339594660737 ], [ 101.322267298879396, 3.507418586199015 ], [ 101.340259294207243, 3.50737355893987 ], [ 101.340214427436507, 3.489294800047921 ], [ 101.322222776287205, 3.489339594660737 ] ] ] } },
{ "type": "Feature", "properties": { "cell_id": "KS_069", "cell_area_km2": 4.0, "center_lon": 101.3492326557939, "center_lat": 3.4983115952810033, "study_area": "Kuala Selangor", "dataset_version": "2.0.0", "geoai_model_version": "kmeans-k3-v1", "network_tiles": 0, "network_tests": 0, "avg_download_mbps": null, "avg_upload_mbps": null, "avg_latency_ms": null, "network_data_present": false, "population": null, "population_pixels": 0, "population_data_present": false, "school_count": 0, "hospital_count": 0, "clinic_count": 0, "doctor_count": 0, "healthcare_count": 0, "download_gap": null, "upload_gap": null, "latency_gap": null, "connectivity_gap_score": null, "population_exposure": null, "school_exposure": 0.0, "healthcare_exposure": 0.0, "general_exposure": null, "education_exposure": null, "healthcare_exposure_mode": null, "score_general": null, "score_education": null, "score_healthcare": null, "priority_general": "Evidence Gap", "priority_education": "Evidence Gap", "priority_healthcare": "Evidence Gap", "decision_general": "Evidence Gap", "decision_education": "Evidence Gap", "decision_healthcare": "Evidence Gap", "analysis_status": "Evidence Gap", "evidence_label": "Evidence Gap", "evidence_strength_score": null, "evidence_gap_exposure": null, "evidence_gap_rank": null, "validation_needed": false, "top5_general": false, "top5_education": false, "top5_healthcare": false, "top5_evidence_gap": false, "ai_cluster_id": null, "ai_profile": "Unclassified - Evidence Gap", "ai_profile_status": "Unclassified - insufficient connectivity observations", "ai_profile_description": "Insufficient observed connectivity data for GeoAI profiling.", "ai_profile_interpretation": "Not classified", "cluster_silhouette": null, "nearest_locality": "Kampung Sri Makmur", "nearest_locality_type": "hamlet", "nearest_major_locality": "Bestari Jaya", "nearest_major_locality_type": "town", "nearest_locality_distance_km": 11.05, "nearest_major_locality_distance_km": 14.94, "locality_source": "OpenStreetMap / Geofabrik" }, "geometry": { "type": "Polygon", "coordinates": [ [ [ 101.340214427436507, 3.489294800047921 ], [ 101.340259294207243, 3.50737355893987 ], [ 101.358251056229477, 3.507328184950069 ], [ 101.358205845302351, 3.48924966049591 ], [ 101.340214427436507, 3.489294800047921 ] ] ] } },
{ "type": "Feature", "properties": { "cell_id": "KS_070", "cell_area_km2": 4.0, "center_lon": 101.36722412819591, "center_lat": 3.4982661656020637, "study_area": "Kuala Selangor", "dataset_version": "2.0.0", "geoai_model_version": "kmeans-k3-v1", "network_tiles": 0, "network_tests": 0, "avg_download_mbps": null, "avg_upload_mbps": null, "avg_latency_ms": null, "network_data_present": false, "population": null, "population_pixels": 0, "population_data_present": false, "school_count": 0, "hospital_count": 0, "clinic_count": 0, "doctor_count": 0, "healthcare_count": 0, "download_gap": null, "upload_gap": null, "latency_gap": null, "connectivity_gap_score": null, "population_exposure": null, "school_exposure": 0.0, "healthcare_exposure": 0.0, "general_exposure": null, "education_exposure": null, "healthcare_exposure_mode": null, "score_general": null, "score_education": null, "score_healthcare": null, "priority_general": "Evidence Gap", "priority_education": "Evidence Gap", "priority_healthcare": "Evidence Gap", "decision_general": "Evidence Gap", "decision_education": "Evidence Gap", "decision_healthcare": "Evidence Gap", "analysis_status": "Evidence Gap", "evidence_label": "Evidence Gap", "evidence_strength_score": null, "evidence_gap_exposure": null, "evidence_gap_rank": null, "validation_needed": false, "top5_general": false, "top5_education": false, "top5_healthcare": false, "top5_evidence_gap": false, "ai_cluster_id": null, "ai_profile": "Unclassified - Evidence Gap", "ai_profile_status": "Unclassified - insufficient connectivity observations", "ai_profile_description": "Insufficient observed connectivity data for GeoAI profiling.", "ai_profile_interpretation": "Not classified", "cluster_silhouette": null, "nearest_locality": "Kampung Sri Makmur", "nearest_locality_type": "hamlet", "nearest_major_locality": "Bestari Jaya", "nearest_major_locality_type": "town", "nearest_locality_distance_km": 10.51, "nearest_major_locality_distance_km": 14.14, "locality_source": "OpenStreetMap / Geofabrik" }, "geometry": { "type": "Polygon", "coordinates": [ [ [ 101.358205845302351, 3.48924966049591 ], [ 101.358251056229477, 3.507328184950069 ], [ 101.376242583156525, 3.507282464251968 ], [ 101.376197028095319, 3.489204176026947 ], [ 101.358205845302351, 3.48924966049591 ] ] ] } },
{ "type": "Feature", "properties": { "cell_id": "KS_071", "cell_area_km2": 4.0, "center_lon": 101.38521536461924, "center_lat": 3.4982203901217197, "study_area": "Kuala Selangor", "dataset_version": "2.0.0", "geoai_model_version": "kmeans-k3-v1", "network_tiles": 0, "network_tests": 0, "avg_download_mbps": null, "avg_upload_mbps": null, "avg_latency_ms": null, "network_data_present": false, "population": null, "population_pixels": 0, "population_data_present": false, "school_count": 0, "hospital_count": 0, "clinic_count": 0, "doctor_count": 0, "healthcare_count": 0, "download_gap": null, "upload_gap": null, "latency_gap": null, "connectivity_gap_score": null, "population_exposure": null, "school_exposure": 0.0, "healthcare_exposure": 0.0, "general_exposure": null, "education_exposure": null, "healthcare_exposure_mode": null, "score_general": null, "score_education": null, "score_healthcare": null, "priority_general": "Evidence Gap", "priority_education": "Evidence Gap", "priority_healthcare": "Evidence Gap", "decision_general": "Evidence Gap", "decision_education": "Evidence Gap", "decision_healthcare": "Evidence Gap", "analysis_status": "Evidence Gap", "evidence_label": "Evidence Gap", "evidence_strength_score": null, "evidence_gap_exposure": null, "evidence_gap_rank": null, "validation_needed": false, "top5_general": false, "top5_education": false, "top5_healthcare": false, "top5_evidence_gap": false, "ai_cluster_id": null, "ai_profile": "Unclassified - Evidence Gap", "ai_profile_status": "Unclassified - insufficient connectivity observations", "ai_profile_description": "Insufficient observed connectivity data for GeoAI profiling.", "ai_profile_interpretation": "Not classified", "cluster_silhouette": null, "nearest_locality": "Sime Darby Plantation Ladang Tennamaram", "nearest_locality_type": "hamlet", "nearest_major_locality": "Bestari Jaya", "nearest_major_locality_type": "town", "nearest_locality_distance_km": 9.73, "nearest_major_locality_distance_km": 13.59, "locality_source": "OpenStreetMap / Geofabrik" }, "geometry": { "type": "Polygon", "coordinates": [ [ [ 101.376197028095319, 3.489204176026947 ], [ 101.376242583156525, 3.507282464251968 ], [ 101.394233873198942, 3.507236396868097 ], [ 101.394187974026181, 3.489158346663442 ], [ 101.376197028095319, 3.489204176026947 ] ] ] } },
{ "type": "Feature", "properties": { "cell_id": "KS_072", "cell_area_km2": 4.0, "center_lon": 101.40320636327458, "center_lat": 3.4981742688625261, "study_area": "Kuala Selangor", "dataset_version": "2.0.0", "geoai_model_version": "kmeans-k3-v1", "network_tiles": 0, "network_tests": 0, "avg_download_mbps": null, "avg_upload_mbps": null, "avg_latency_ms": null, "network_data_present": false, "population": null, "population_pixels": 0, "population_data_present": false, "school_count": 0, "hospital_count": 0, "clinic_count": 0, "doctor_count": 0, "healthcare_count": 0, "download_gap": null, "upload_gap": null, "latency_gap": null, "connectivity_gap_score": null, "population_exposure": null, "school_exposure": 0.0, "healthcare_exposure": 0.0, "general_exposure": null, "education_exposure": null, "healthcare_exposure_mode": null, "score_general": null, "score_education": null, "score_healthcare": null, "priority_general": "Evidence Gap", "priority_education": "Evidence Gap", "priority_healthcare": "Evidence Gap", "decision_general": "Evidence Gap", "decision_education": "Evidence Gap", "decision_healthcare": "Evidence Gap", "analysis_status": "Evidence Gap", "evidence_label": "Evidence Gap", "evidence_strength_score": null, "evidence_gap_exposure": null, "evidence_gap_rank": null, "validation_needed": false, "top5_general": false, "top5_education": false, "top5_healthcare": false, "top5_evidence_gap": false, "ai_cluster_id": null, "ai_profile": "Unclassified - Evidence Gap", "ai_profile_status": "Unclassified - insufficient connectivity observations", "ai_profile_description": "Insufficient observed connectivity data for GeoAI profiling.", "ai_profile_interpretation": "Not classified", "cluster_silhouette": null, "nearest_locality": "Sime Darby Plantation Ladang Tennamaram", "nearest_locality_type": "hamlet", "nearest_major_locality": "Bestari Jaya", "nearest_major_locality_type": "town", "nearest_locality_distance_km": 8.15, "nearest_major_locality_distance_km": 13.32, "locality_source": "OpenStreetMap / Geofabrik" }, "geometry": { "type": "Polygon", "coordinates": [ [ [ 101.394187974026181, 3.489158346663442 ], [ 101.394233873198942, 3.507236396868097 ], [ 101.412224924567425, 3.507189982821152 ], [ 101.412178681305761, 3.489112172427976 ], [ 101.394187974026181, 3.489158346663442 ] ] ] } },
{ "type": "Feature", "properties": { "cell_id": "KS_073", "cell_area_km2": 4.0, "center_lon": 101.42119712237275, "center_lat": 3.4981278018472075, "study_area": "Kuala Selangor", "dataset_version": "2.0.0", "geoai_model_version": "kmeans-k3-v1", "network_tiles": 0, "network_tests": 0, "avg_download_mbps": null, "avg_upload_mbps": null, "avg_latency_ms": null, "network_data_present": false, "population": 0.54645800590515137, "population_pixels": 1, "population_data_present": true, "school_count": 0, "hospital_count": 0, "clinic_count": 0, "doctor_count": 0, "healthcare_count": 0, "download_gap": null, "upload_gap": null, "latency_gap": null, "connectivity_gap_score": null, "population_exposure": 0.0040650406504065045, "school_exposure": 0.0, "healthcare_exposure": 0.0, "general_exposure": 0.0040650406504065045, "education_exposure": 0.0040650406504064707, "healthcare_exposure_mode": 0.0040650406504064707, "score_general": null, "score_education": null, "score_healthcare": null, "priority_general": "Evidence Gap", "priority_education": "Evidence Gap", "priority_healthcare": "Evidence Gap", "decision_general": "Evidence Gap", "decision_education": "Evidence Gap", "decision_healthcare": "Evidence Gap", "analysis_status": "Evidence Gap", "evidence_label": "Evidence Gap", "evidence_strength_score": null, "evidence_gap_exposure": 0.0040650406504065045, "evidence_gap_rank": 64.0, "validation_needed": false, "top5_general": false, "top5_education": false, "top5_healthcare": false, "top5_evidence_gap": false, "ai_cluster_id": null, "ai_profile": "Unclassified - Evidence Gap", "ai_profile_status": "Unclassified - insufficient connectivity observations", "ai_profile_description": "Insufficient observed connectivity data for GeoAI profiling.", "ai_profile_interpretation": "Not classified", "cluster_silhouette": null, "nearest_locality": "Sime Darby Plantation Ladang Tennamaram", "nearest_locality_type": "hamlet", "nearest_major_locality": "Bestari Jaya", "nearest_major_locality_type": "town", "nearest_locality_distance_km": 6.79, "nearest_major_locality_distance_km": 13.35, "locality_source": "OpenStreetMap / Geofabrik" }, "geometry": { "type": "Polygon", "coordinates": [ [ [ 101.412178681305761, 3.489112172427976 ], [ 101.412224924567425, 3.507189982821152 ], [ 101.430215735472757, 3.507143222134004 ], [ 101.430169148145026, 3.489065653343299 ], [ 101.412178681305761, 3.489112172427976 ] ] ] } },
{ "type": "Feature", "properties": { "cell_id": "KS_074", "cell_area_km2": 3.9067441778250385, "center_lon": 101.43918267575987, "center_lat": 3.496161205616799, "study_area": "Kuala Selangor", "dataset_version": "2.0.0", "geoai_model_version": "kmeans-k3-v1", "network_tiles": 0, "network_tests": 0, "avg_download_mbps": null, "avg_upload_mbps": null, "avg_latency_ms": null, "network_data_present": false, "population": 10.570040047168732, "population_pixels": 18, "population_data_present": true, "school_count": 0, "hospital_count": 0, "clinic_count": 0, "doctor_count": 0, "healthcare_count": 0, "download_gap": null, "upload_gap": null, "latency_gap": null, "connectivity_gap_score": null, "population_exposure": 0.06097560975609756, "school_exposure": 0.0, "healthcare_exposure": 0.0, "general_exposure": 0.06097560975609756, "education_exposure": 0.060975609756097615, "healthcare_exposure_mode": 0.060975609756097615, "score_general": null, "score_education": null, "score_healthcare": null, "priority_general": "Evidence Gap", "priority_education": "Evidence Gap", "priority_healthcare": "Evidence Gap", "decision_general": "Evidence Gap", "decision_education": "Evidence Gap", "decision_healthcare": "Evidence Gap", "analysis_status": "Evidence Gap", "evidence_label": "Evidence Gap", "evidence_strength_score": null, "evidence_gap_exposure": 0.06097560975609756, "evidence_gap_rank": 51.0, "validation_needed": false, "top5_general": false, "top5_education": false, "top5_healthcare": false, "top5_evidence_gap": false, "ai_cluster_id": null, "ai_profile": "Unclassified - Evidence Gap", "ai_profile_status": "Unclassified - insufficient connectivity observations", "ai_profile_description": "Insufficient observed connectivity data for GeoAI profiling.", "ai_profile_interpretation": "Not classified", "cluster_silhouette": null, "nearest_locality": "Sime Darby Plantation Ladang Tennamaram", "nearest_locality_type": "hamlet", "nearest_major_locality": "Bestari Jaya", "nearest_major_locality_type": "town", "nearest_locality_distance_km": 5.81, "nearest_major_locality_distance_km": 13.64, "locality_source": "OpenStreetMap / Geofabrik" }, "geometry": { "type": "Polygon", "coordinates": [ [ [ 101.448159372755072, 3.489018789432329 ], [ 101.430169148145026, 3.489065653343299 ], [ 101.430215735472757, 3.507143222134004 ], [ 101.444256792227606, 3.507106486154971 ], [ 101.448196315706767, 3.503256574483782 ], [ 101.448159372755072, 3.489018789432329 ] ] ] } },
{ "type": "Feature", "properties": { "cell_id": "KS_075", "cell_area_km2": 1.2823369771979323, "center_lon": 101.45183916694738, "center_lat": 3.4961280830518096, "study_area": "Kuala Selangor", "dataset_version": "2.0.0", "geoai_model_version": "kmeans-k3-v1", "network_tiles": 0, "network_tests": 0, "avg_download_mbps": null, "avg_upload_mbps": null, "avg_latency_ms": null, "network_data_present": false, "population": 3.9600030183792114, "population_pixels": 13, "population_data_present": true, "school_count": 0, "hospital_count": 0, "clinic_count": 0, "doctor_count": 0, "healthcare_count": 0, "download_gap": null, "upload_gap": null, "latency_gap": null, "connectivity_gap_score": null, "population_exposure": 0.036585365853658534, "school_exposure": 0.0, "healthcare_exposure": 0.0, "general_exposure": 0.036585365853658534, "education_exposure": 0.036585365853658569, "healthcare_exposure_mode": 0.036585365853658569, "score_general": null, "score_education": null, "score_healthcare": null, "priority_general": "Evidence Gap", "priority_education": "Evidence Gap", "priority_healthcare": "Evidence Gap", "decision_general": "Evidence Gap", "decision_education": "Evidence Gap", "decision_healthcare": "Evidence Gap", "analysis_status": "Evidence Gap", "evidence_label": "Evidence Gap", "evidence_strength_score": null, "evidence_gap_exposure": 0.036585365853658534, "evidence_gap_rank": 57.0, "validation_needed": false, "top5_general": false, "top5_education": false, "top5_healthcare": false, "top5_evidence_gap": false, "ai_cluster_id": null, "ai_profile": "Unclassified - Evidence Gap", "ai_profile_status": "Unclassified - insufficient connectivity observations", "ai_profile_description": "Insufficient observed connectivity data for GeoAI profiling.", "ai_profile_interpretation": "Not classified", "cluster_silhouette": null, "nearest_locality": "Sime Darby Plantation Ladang Tennamaram", "nearest_locality_type": "hamlet", "nearest_major_locality": "Bestari Jaya", "nearest_major_locality_type": "town", "nearest_locality_distance_km": 4.99, "nearest_major_locality_distance_km": 13.66, "locality_source": "OpenStreetMap / Geofabrik" }, "geometry": { "type": "Polygon", "coordinates": [ [ [ 101.448159372755072, 3.489018789432329 ], [ 101.448196315706767, 3.503256574483782 ], [ 101.462804568398184, 3.488980384134465 ], [ 101.448159372755072, 3.489018789432329 ] ] ] } },
{ "type": "Feature", "properties": { "cell_id": "KS_076", "cell_area_km2": 0.93933196977954081, "center_lon": 101.1220261834406, "center_lat": 3.4966707108343149, "study_area": "Kuala Selangor", "dataset_version": "2.0.0", "geoai_model_version": "kmeans-k3-v1", "network_tiles": 0, "network_tests": 0, "avg_download_mbps": null, "avg_upload_mbps": null, "avg_latency_ms": null, "network_data_present": false, "population": 201.25736496108584, "population_pixels": 52, "population_data_present": true, "school_count": 0, "hospital_count": 0, "clinic_count": 0, "doctor_count": 0, "healthcare_count": 0, "download_gap": null, "upload_gap": null, "latency_gap": null, "connectivity_gap_score": null, "population_exposure": 0.29268292682926828, "school_exposure": 0.0, "healthcare_exposure": 0.0, "general_exposure": 0.29268292682926828, "education_exposure": 0.29268292682926833, "healthcare_exposure_mode": 0.29268292682926833, "score_general": null, "score_education": null, "score_healthcare": null, "priority_general": "Evidence Gap", "priority_education": "Evidence Gap", "priority_healthcare": "Evidence Gap", "decision_general": "Evidence Gap", "decision_education": "Evidence Gap", "decision_healthcare": "Evidence Gap", "analysis_status": "Evidence Gap", "evidence_label": "Evidence Gap", "evidence_strength_score": null, "evidence_gap_exposure": 0.29268292682926828, "evidence_gap_rank": 20.0, "validation_needed": false, "top5_general": false, "top5_education": false, "top5_healthcare": false, "top5_evidence_gap": false, "ai_cluster_id": null, "ai_profile": "Unclassified - Evidence Gap", "ai_profile_status": "Unclassified - insufficient connectivity observations", "ai_profile_description": "Insufficient observed connectivity data for GeoAI profiling.", "ai_profile_interpretation": "Not classified", "cluster_silhouette": null, "nearest_locality": "Kampung Parit 3", "nearest_locality_type": "hamlet", "nearest_major_locality": "Tanjong Karang", "nearest_major_locality_type": "town", "nearest_locality_distance_km": 2.59, "nearest_major_locality_distance_km": 9.89, "locality_source": "OpenStreetMap / Geofabrik" }, "geometry": { "type": "Polygon", "coordinates": [ [ [ 101.124299728815103, 3.489809563223234 ], [ 101.107871499770525, 3.489846692453474 ], [ 101.115152304000048, 3.493579829000055 ], [ 101.124322146609273, 3.499771941818289 ], [ 101.124299728815103, 3.489809563223234 ] ] ] } },
{ "type": "Feature", "properties": { "cell_id": "KS_077", "cell_area_km2": 3.9236998728245265, "center_lon": 101.11528564842992, "center_lat": 3.4822456674755657, "study_area": "Kuala Selangor", "dataset_version": "2.0.0", "geoai_model_version": "kmeans-k3-v1", "network_tiles": 7, "network_tests": 55, "avg_download_mbps": 65.404472727272719, "avg_upload_mbps": 9.4580545454545462, "avg_latency_ms": 26.236363636363638, "network_data_present": true, "population": 2467.5450650136918, "population_pixels": 425, "population_data_present": true, "school_count": 2, "hospital_count": 0, "clinic_count": 0, "doctor_count": 0, "healthcare_count": 0, "download_gap": 0.60989010989010994, "upload_gap": 0.68681318681318682, "latency_gap": 0.69230769230769229, "connectivity_gap_score": 66.300366300366292, "population_exposure": 0.83333333333333337, "school_exposure": 0.7068965517241379, "healthcare_exposure": 0.0, "general_exposure": 0.83333333333333337, "education_exposure": 0.95114942528735635, "healthcare_exposure_mode": 0.83333333333333337, "score_general": 55.250305250305253, "score_education": 63.061555302934615, "score_healthcare": 55.250305250305253, "priority_general": "High", "priority_education": "High", "priority_healthcare": "High", "decision_general": "High priority - supported", "decision_education": "High priority - supported", "decision_healthcare": "High priority - supported", "analysis_status": "Observed", "evidence_label": "Strong", "evidence_strength_score": 77.747252747252745, "evidence_gap_exposure": 0.95114942528735635, "evidence_gap_rank": null, "validation_needed": false, "top5_general": false, "top5_education": false, "top5_healthcare": false, "top5_evidence_gap": false, "ai_cluster_id": 2.0, "ai_profile": "Connectivity-Constrained Areas", "ai_profile_status": "GeoAI classified", "ai_profile_description": "Areas characterised by comparatively lower download and upload performance, higher connectivity gaps, lower population density, and relatively few mapped essential-service facilities.", "ai_profile_interpretation": "Distinct recurring profile", "cluster_silhouette": 0.13984278737506686, "nearest_locality": "Kampung Parit 3", "nearest_locality_type": "hamlet", "nearest_major_locality": "Tanjong Karang", "nearest_major_locality_type": "town", "nearest_locality_distance_km": 2.72, "nearest_major_locality_distance_km": 9.19, "locality_source": "OpenStreetMap / Geofabrik" }, "geometry": { "type": "Polygon", "coordinates": [ [ [ 101.124299728815103, 3.489809563223234 ], [ 101.124259205403007, 3.471728123408884 ], [ 101.109261648524864, 3.471761855193523 ], [ 101.106273487537422, 3.475489044841299 ], [ 101.106303619097261, 3.489042768065318 ], [ 101.107871499770525, 3.489846692453474 ], [ 101.124299728815103, 3.489809563223234 ] ] ] } },
{ "type": "Feature", "properties": { "cell_id": "KS_078", "cell_area_km2": 4.0, "center_lon": 101.13327643102163, "center_lat": 3.4807484410795517, "study_area": "Kuala Selangor", "dataset_version": "2.0.0", "geoai_model_version": "kmeans-k3-v1", "network_tiles": 5, "network_tests": 10, "avg_download_mbps": 76.8724, "avg_upload_mbps": 13.6162, "avg_latency_ms": 20.6, "network_data_present": true, "population": 806.90466580213979, "population_pixels": 280, "population_data_present": true, "school_count": 0, "hospital_count": 0, "clinic_count": 0, "doctor_count": 0, "healthcare_count": 0, "download_gap": 0.5494505494505495, "upload_gap": 0.59340659340659341, "latency_gap": 0.36263736263736263, "connectivity_gap_score": 50.183150183150182, "population_exposure": 0.53252032520325199, "school_exposure": 0.0, "healthcare_exposure": 0.0, "general_exposure": 0.53252032520325199, "education_exposure": 0.53252032520325199, "healthcare_exposure_mode": 0.53252032520325199, "score_general": 26.723547455254771, "score_education": 26.723547455254771, "score_healthcare": 26.723547455254771, "priority_general": "Medium", "priority_education": "Medium", "priority_healthcare": "Medium", "decision_general": "Monitor / investigate", "decision_education": "Monitor / investigate", "decision_healthcare": "Monitor / investigate", "analysis_status": "Observed", "evidence_label": "Moderate", "evidence_strength_score": 42.307692307692307, "evidence_gap_exposure": 0.53252032520325199, "evidence_gap_rank": null, "validation_needed": false, "top5_general": false, "top5_education": false, "top5_healthcare": false, "top5_evidence_gap": false, "ai_cluster_id": 2.0, "ai_profile": "Connectivity-Constrained Areas", "ai_profile_status": "GeoAI classified", "ai_profile_description": "Areas characterised by comparatively lower download and upload performance, higher connectivity gaps, lower population density, and relatively few mapped essential-service facilities.", "ai_profile_interpretation": "Distinct recurring profile", "cluster_silhouette": 0.30589420889804703, "nearest_locality": "Kampung Parit 3", "nearest_locality_type": "hamlet", "nearest_major_locality": "Tanjong Karang", "nearest_major_locality_type": "town", "nearest_locality_distance_km": 0.76, "nearest_major_locality_distance_km": 7.83, "locality_source": "OpenStreetMap / Geofabrik" }, "geometry": { "type": "Polygon", "coordinates": [ [ [ 101.124259205403007, 3.471728123408884 ], [ 101.124299728815103, 3.489809563223234 ], [ 101.142293827950425, 3.489768564361083 ], [ 101.142252961917947, 3.471687337471789 ], [ 101.124259205403007, 3.471728123408884 ] ] ] } },
{ "type": "Feature", "properties": { "cell_id": "KS_079", "cell_area_km2": 4.0, "center_lon": 101.15127025205544, "center_lat": 3.4807073765401886, "study_area": "Kuala Selangor", "dataset_version": "2.0.0", "geoai_model_version": "kmeans-k3-v1", "network_tiles": 3, "network_tests": 10, "avg_download_mbps": 73.53, "avg_upload_mbps": 8.3778, "avg_latency_ms": 21.8, "network_data_present": true, "population": 420.35436197905801, "population_pixels": 296, "population_data_present": true, "school_count": 0, "hospital_count": 0, "clinic_count": 0, "doctor_count": 0, "healthcare_count": 0, "download_gap": 0.56043956043956045, "upload_gap": 0.70329670329670324, "latency_gap": 0.44505494505494503, "connectivity_gap_score": 56.959706959706956, "population_exposure": 0.40243902439024393, "school_exposure": 0.0, "healthcare_exposure": 0.0, "general_exposure": 0.40243902439024393, "education_exposure": 0.40243902439024393, "healthcare_exposure_mode": 0.40243902439024393, "score_general": 22.922808898418655, "score_education": 22.922808898418655, "score_healthcare": 22.922808898418655, "priority_general": "Medium", "priority_education": "Medium", "priority_healthcare": "Medium", "decision_general": "Monitor / investigate", "decision_education": "Monitor / investigate", "decision_healthcare": "Monitor / investigate", "analysis_status": "Observed", "evidence_label": "Moderate", "evidence_strength_score": 42.307692307692307, "evidence_gap_exposure": 0.40243902439024393, "evidence_gap_rank": null, "validation_needed": false, "top5_general": false, "top5_education": false, "top5_healthcare": false, "top5_evidence_gap": false, "ai_cluster_id": 2.0, "ai_profile": "Connectivity-Constrained Areas", "ai_profile_status": "GeoAI classified", "ai_profile_description": "Areas characterised by comparatively lower download and upload performance, higher connectivity gaps, lower population density, and relatively few mapped essential-service facilities.", "ai_profile_interpretation": "Distinct recurring profile", "cluster_silhouette": 0.42387636330997858, "nearest_locality": "Kampung Parit 2 Ban 2", "nearest_locality_type": "hamlet", "nearest_major_locality": "Tanjong Karang", "nearest_major_locality_type": "town", "nearest_locality_distance_km": 1.18, "nearest_major_locality_distance_km": 6.79, "locality_source": "OpenStreetMap / Geofabrik" }, "geometry": { "type": "Polygon", "coordinates": [ [ [ 101.142252961917947, 3.471687337471789 ], [ 101.142293827950425, 3.489768564361083 ], [ 101.16028771349302, 3.489727220326255 ], [ 101.160246504860339, 3.471646208154632 ], [ 101.142252961917947, 3.471687337471789 ] ] ] } },
{ "type": "Feature", "properties": { "cell_id": "KS_080", "cell_area_km2": 4.0, "center_lon": 101.16926385861133, "center_lat": 3.4806659677346068, "study_area": "Kuala Selangor", "dataset_version": "2.0.0", "geoai_model_version": "kmeans-k3-v1", "network_tiles": 5, "network_tests": 17, "avg_download_mbps": 103.00882352941176, "avg_upload_mbps": 27.00558823529412, "avg_latency_ms": 27.941176470588236, "network_data_present": true, "population": 488.36124370247126, "population_pixels": 231, "population_data_present": true, "school_count": 0, "hospital_count": 0, "clinic_count": 0, "doctor_count": 0, "healthcare_count": 0, "download_gap": 0.48901098901098905, "upload_gap": 0.29120879120879117, "latency_gap": 0.75824175824175821, "connectivity_gap_score": 51.282051282051277, "population_exposure": 0.45121951219512196, "school_exposure": 0.0, "healthcare_exposure": 0.0, "general_exposure": 0.45121951219512196, "education_exposure": 0.45121951219512191, "healthcare_exposure_mode": 0.45121951219512191, "score_general": 23.139462163852407, "score_education": 23.139462163852404, "score_healthcare": 23.139462163852404, "priority_general": "Medium", "priority_education": "Medium", "priority_healthcare": "Medium", "decision_general": "Monitor / investigate", "decision_education": "Monitor / investigate", "decision_healthcare": "Monitor / investigate", "analysis_status": "Observed", "evidence_label": "Good", "evidence_strength_score": 53.296703296703299, "evidence_gap_exposure": 0.45121951219512196, "evidence_gap_rank": null, "validation_needed": false, "top5_general": false, "top5_education": false, "top5_healthcare": false, "top5_evidence_gap": false, "ai_cluster_id": 2.0, "ai_profile": "Connectivity-Constrained Areas", "ai_profile_status": "GeoAI classified", "ai_profile_description": "Areas characterised by comparatively lower download and upload performance, higher connectivity gaps, lower population density, and relatively few mapped essential-service facilities.", "ai_profile_interpretation": "Distinct recurring profile", "cluster_silhouette": 0.032992547546601324, "nearest_locality": "Kampung Parit 2 Ban 2", "nearest_locality_type": "hamlet", "nearest_major_locality": "Tanjong Karang", "nearest_major_locality_type": "town", "nearest_locality_distance_km": 0.85, "nearest_major_locality_distance_km": 6.23, "locality_source": "OpenStreetMap / Geofabrik" }, "geometry": { "type": "Polygon", "coordinates": [ [ [ 101.160246504860339, 3.471646208154632 ], [ 101.16028771349302, 3.489727220326255 ], [ 101.178281383652262, 3.489685531139131 ], [ 101.178239832439715, 3.471604735477687 ], [ 101.160246504860339, 3.471646208154632 ] ] ] } },
{ "type": "Feature", "properties": { "cell_id": "KS_081", "cell_area_km2": 4.0, "center_lon": 101.18725724889885, "center_lat": 3.4806242146832154, "study_area": "Kuala Selangor", "dataset_version": "2.0.0", "geoai_model_version": "kmeans-k3-v1", "network_tiles": 2, "network_tests": 11, "avg_download_mbps": 216.41345454545456, "avg_upload_mbps": 39.943090909090913, "avg_latency_ms": 22.0, "network_data_present": true, "population": 1316.5136843840592, "population_pixels": 353, "population_data_present": true, "school_count": 0, "hospital_count": 0, "clinic_count": 0, "doctor_count": 0, "healthcare_count": 0, "download_gap": 0.1648351648351648, "upload_gap": 0.076923076923076872, "latency_gap": 0.46978021978021978, "connectivity_gap_score": 23.717948717948715, "population_exposure": 0.66666666666666663, "school_exposure": 0.0, "healthcare_exposure": 0.0, "general_exposure": 0.66666666666666663, "education_exposure": 0.66666666666666663, "healthcare_exposure_mode": 0.66666666666666663, "score_general": 15.811965811965809, "score_education": 15.811965811965809, "score_healthcare": 15.811965811965809, "priority_general": "Medium", "priority_education": "Medium", "priority_healthcare": "Medium", "decision_general": "Monitor / investigate", "decision_education": "Monitor / investigate", "decision_healthcare": "Monitor / investigate", "analysis_status": "Observed", "evidence_label": "Moderate", "evidence_strength_score": 44.505494505494504, "evidence_gap_exposure": 0.66666666666666663, "evidence_gap_rank": null, "validation_needed": false, "top5_general": false, "top5_education": false, "top5_healthcare": false, "top5_evidence_gap": false, "ai_cluster_id": 0.0, "ai_profile": "Strong-Connectivity Areas", "ai_profile_status": "GeoAI classified", "ai_profile_description": "Areas characterised by comparatively strong mobile download and upload performance, lower latency, moderate population exposure, and relatively few mapped essential-service facilities.", "ai_profile_interpretation": "Distinct recurring profile", "cluster_silhouette": 0.47331554144245269, "nearest_locality": "Kampung Ampangan", "nearest_locality_type": "hamlet", "nearest_major_locality": "Tanjong Karang", "nearest_major_locality_type": "town", "nearest_locality_distance_km": 2.31, "nearest_major_locality_distance_km": 6.28, "locality_source": "OpenStreetMap / Geofabrik" }, "geometry": { "type": "Polygon", "coordinates": [ [ [ 101.178239832439715, 3.471604735477687 ], [ 101.178281383652262, 3.489685531139131 ], [ 101.196274836637627, 3.489643496820255 ], [ 101.196232942865763, 3.471562919461393 ], [ 101.178239832439715, 3.471604735477687 ] ] ] } },
{ "type": "Feature", "properties": { "cell_id": "KS_082", "cell_area_km2": 4.0, "center_lon": 101.20525042112759, "center_lat": 3.4805821174065925, "study_area": "Kuala Selangor", "dataset_version": "2.0.0", "geoai_model_version": "kmeans-k3-v1", "network_tiles": 4, "network_tests": 6, "avg_download_mbps": 239.3495, "avg_upload_mbps": 33.685666666666663, "avg_latency_ms": 24.833333333333332, "network_data_present": true, "population": 1315.3888426348567, "population_pixels": 327, "population_data_present": true, "school_count": 0, "hospital_count": 0, "clinic_count": 0, "doctor_count": 0, "healthcare_count": 0, "download_gap": 0.1428571428571429, "upload_gap": 0.13186813186813184, "latency_gap": 0.62087912087912089, "connectivity_gap_score": 29.853479853479854, "population_exposure": 0.66260162601626016, "school_exposure": 0.0, "healthcare_exposure": 0.0, "general_exposure": 0.66260162601626016, "education_exposure": 0.66260162601626016, "healthcare_exposure_mode": 0.66260162601626016, "score_general": 19.780964293159414, "score_education": 19.780964293159414, "score_healthcare": 19.780964293159414, "priority_general": "Medium", "priority_education": "Medium", "priority_healthcare": "Medium", "decision_general": "Monitor / investigate", "decision_education": "Monitor / investigate", "decision_healthcare": "Monitor / investigate", "analysis_status": "Observed", "evidence_label": "Moderate", "evidence_strength_score": 28.571428571428569, "evidence_gap_exposure": 0.66260162601626016, "evidence_gap_rank": null, "validation_needed": false, "top5_general": false, "top5_education": false, "top5_healthcare": false, "top5_evidence_gap": false, "ai_cluster_id": 0.0, "ai_profile": "Strong-Connectivity Areas", "ai_profile_status": "GeoAI classified", "ai_profile_description": "Areas characterised by comparatively strong mobile download and upload performance, lower latency, moderate population exposure, and relatively few mapped essential-service facilities.", "ai_profile_interpretation": "Distinct recurring profile", "cluster_silhouette": 0.46795360262539099, "nearest_locality": "Kampung Ampangan", "nearest_locality_type": "hamlet", "nearest_major_locality": "Kampung Seri Tiram Jaya", "nearest_major_locality_type": "village", "nearest_locality_distance_km": 1.92, "nearest_major_locality_distance_km": 5.91, "locality_source": "OpenStreetMap / Geofabrik" }, "geometry": { "type": "Polygon", "coordinates": [ [ [ 101.196232942865763, 3.471562919461393 ], [ 101.196274836637627, 3.489643496820255 ], [ 101.214268070658733, 3.489601117390346 ], [ 101.214225834348241, 3.47152076012636 ], [ 101.196232942865763, 3.471562919461393 ] ] ] } },
{ "type": "Feature", "properties": { "cell_id": "KS_083", "cell_area_km2": 4.0, "center_lon": 101.22324337350732, "center_lat": 3.4805396759254874, "study_area": "Kuala Selangor", "dataset_version": "2.0.0", "geoai_model_version": "kmeans-k3-v1", "network_tiles": 3, "network_tests": 9, "avg_download_mbps": 165.55822222222221, "avg_upload_mbps": 31.146888888888892, "avg_latency_ms": 18.888888888888889, "network_data_present": true, "population": 755.40496682468802, "population_pixels": 248, "population_data_present": true, "school_count": 0, "hospital_count": 0, "clinic_count": 0, "doctor_count": 0, "healthcare_count": 0, "download_gap": 0.30769230769230771, "upload_gap": 0.19230769230769229, "latency_gap": 0.24175824175824176, "connectivity_gap_score": 24.725274725274726, "population_exposure": 0.50813008130081305, "school_exposure": 0.0, "healthcare_exposure": 0.0, "general_exposure": 0.50813008130081305, "education_exposure": 0.50813008130081305, "healthcare_exposure_mode": 0.50813008130081305, "score_general": 12.563655856338784, "score_education": 12.563655856338784, "score_healthcare": 12.563655856338784, "priority_general": "Low", "priority_education": "Low", "priority_healthcare": "Low", "decision_general": "Lower relative priority", "decision_education": "Lower relative priority", "decision_healthcare": "Lower relative priority", "analysis_status": "Observed", "evidence_label": "Moderate", "evidence_strength_score": 39.835164835164832, "evidence_gap_exposure": 0.50813008130081305, "evidence_gap_rank": null, "validation_needed": false, "top5_general": false, "top5_education": false, "top5_healthcare": false, "top5_evidence_gap": false, "ai_cluster_id": 0.0, "ai_profile": "Strong-Connectivity Areas", "ai_profile_status": "GeoAI classified", "ai_profile_description": "Areas characterised by comparatively strong mobile download and upload performance, lower latency, moderate population exposure, and relatively few mapped essential-service facilities.", "ai_profile_interpretation": "Distinct recurring profile", "cluster_silhouette": 0.33722114919302759, "nearest_locality": "Kampung Ampangan", "nearest_locality_type": "hamlet", "nearest_major_locality": "Kampung Seri Tiram Jaya", "nearest_major_locality_type": "village", "nearest_locality_distance_km": 3.17, "nearest_major_locality_distance_km": 5.28, "locality_source": "OpenStreetMap / Geofabrik" }, "geometry": { "type": "Polygon", "coordinates": [ [ [ 101.214225834348241, 3.47152076012636 ], [ 101.214268070658733, 3.489601117390346 ], [ 101.232261083925266, 3.489558392870293 ], [ 101.232218505097038, 3.471478257493366 ], [ 101.214225834348241, 3.47152076012636 ] ] ] } },
{ "type": "Feature", "properties": { "cell_id": "KS_084", "cell_area_km2": 4.0, "center_lon": 101.24123610424788, "center_lat": 3.4804968902608162, "study_area": "Kuala Selangor", "dataset_version": "2.0.0", "geoai_model_version": "kmeans-k3-v1", "network_tiles": 1, "network_tests": 1, "avg_download_mbps": 31.39, "avg_upload_mbps": 18.398, "avg_latency_ms": 17.0, "network_data_present": true, "population": 2.6042069494724274, "population_pixels": 8, "population_data_present": true, "school_count": 0, "hospital_count": 0, "clinic_count": 0, "doctor_count": 0, "healthcare_count": 0, "download_gap": 0.7857142857142857, "upload_gap": 0.50549450549450547, "latency_gap": 0.12912087912087913, "connectivity_gap_score": 47.344322344322336, "population_exposure": 0.032520325203252036, "school_exposure": 0.0, "healthcare_exposure": 0.0, "general_exposure": 0.032520325203252036, "education_exposure": 0.032520325203251987, "healthcare_exposure_mode": 0.032520325203251987, "score_general": 1.5396527591649543, "score_education": 1.539652759164952, "score_healthcare": 1.539652759164952, "priority_general": "Low", "priority_education": "Low", "priority_healthcare": "Low", "decision_general": "Lower relative priority", "decision_education": "Lower relative priority", "decision_healthcare": "Lower relative priority", "analysis_status": "Observed", "evidence_label": "Limited", "evidence_strength_score": 5.7692307692307692, "evidence_gap_exposure": 0.032520325203252036, "evidence_gap_rank": null, "validation_needed": false, "top5_general": false, "top5_education": false, "top5_healthcare": false, "top5_evidence_gap": false, "ai_cluster_id": 2.0, "ai_profile": "Connectivity-Constrained Areas", "ai_profile_status": "GeoAI classified", "ai_profile_description": "Areas characterised by comparatively lower download and upload performance, higher connectivity gaps, lower population density, and relatively few mapped essential-service facilities.", "ai_profile_interpretation": "Distinct recurring profile", "cluster_silhouette": 0.21099189614403033, "nearest_locality": "Kampung Ampangan", "nearest_locality_type": "hamlet", "nearest_major_locality": "Kampung Seri Tiram Jaya", "nearest_major_locality_type": "village", "nearest_locality_distance_km": 4.94, "nearest_major_locality_distance_km": 5.38, "locality_source": "OpenStreetMap / Geofabrik" }, "geometry": { "type": "Polygon", "coordinates": [ [ [ 101.232218505097038, 3.471478257493366 ], [ 101.232261083925266, 3.489558392870293 ], [ 101.250253874647086, 3.48951532328115 ], [ 101.25021095332211, 3.471435411583357 ], [ 101.232218505097038, 3.471478257493366 ] ] ] } },
{ "type": "Feature", "properties": { "cell_id": "KS_085", "cell_area_km2": 4.0, "center_lon": 101.25922861155922, "center_lat": 3.4804537604336652, "study_area": "Kuala Selangor", "dataset_version": "2.0.0", "geoai_model_version": "kmeans-k3-v1", "network_tiles": 0, "network_tests": 0, "avg_download_mbps": null, "avg_upload_mbps": null, "avg_latency_ms": null, "network_data_present": false, "population": null, "population_pixels": 0, "population_data_present": false, "school_count": 0, "hospital_count": 0, "clinic_count": 0, "doctor_count": 0, "healthcare_count": 0, "download_gap": null, "upload_gap": null, "latency_gap": null, "connectivity_gap_score": null, "population_exposure": null, "school_exposure": 0.0, "healthcare_exposure": 0.0, "general_exposure": null, "education_exposure": null, "healthcare_exposure_mode": null, "score_general": null, "score_education": null, "score_healthcare": null, "priority_general": "Evidence Gap", "priority_education": "Evidence Gap", "priority_healthcare": "Evidence Gap", "decision_general": "Evidence Gap", "decision_education": "Evidence Gap", "decision_healthcare": "Evidence Gap", "analysis_status": "Evidence Gap", "evidence_label": "Evidence Gap", "evidence_strength_score": null, "evidence_gap_exposure": null, "evidence_gap_rank": null, "validation_needed": false, "top5_general": false, "top5_education": false, "top5_healthcare": false, "top5_evidence_gap": false, "ai_cluster_id": null, "ai_profile": "Unclassified - Evidence Gap", "ai_profile_status": "Unclassified - insufficient connectivity observations", "ai_profile_description": "Insufficient observed connectivity data for GeoAI profiling.", "ai_profile_interpretation": "Not classified", "cluster_silhouette": null, "nearest_locality": "Kampung Seri Tiram Jaya", "nearest_locality_type": "village", "nearest_major_locality": "Kampung Seri Tiram Jaya", "nearest_major_locality_type": "village", "nearest_locality_distance_km": 6.16, "nearest_major_locality_distance_km": 6.16, "locality_source": "OpenStreetMap / Geofabrik" }, "geometry": { "type": "Polygon", "coordinates": [ [ [ 101.25021095332211, 3.471435411583357 ], [ 101.250253874647086, 3.48951532328115 ], [ 101.26824644103408, 3.489471908644143 ], [ 101.268203177233573, 3.471392222417448 ], [ 101.25021095332211, 3.471435411583357 ] ] ] } },
{ "type": "Feature", "properties": { "cell_id": "KS_086", "cell_area_km2": 4.0, "center_lon": 101.27722089365142, "center_lat": 3.4804102864652893, "study_area": "Kuala Selangor", "dataset_version": "2.0.0", "geoai_model_version": "kmeans-k3-v1", "network_tiles": 0, "network_tests": 0, "avg_download_mbps": null, "avg_upload_mbps": null, "avg_latency_ms": null, "network_data_present": false, "population": null, "population_pixels": 0, "population_data_present": false, "school_count": 0, "hospital_count": 0, "clinic_count": 0, "doctor_count": 0, "healthcare_count": 0, "download_gap": null, "upload_gap": null, "latency_gap": null, "connectivity_gap_score": null, "population_exposure": null, "school_exposure": 0.0, "healthcare_exposure": 0.0, "general_exposure": null, "education_exposure": null, "healthcare_exposure_mode": null, "score_general": null, "score_education": null, "score_healthcare": null, "priority_general": "Evidence Gap", "priority_education": "Evidence Gap", "priority_healthcare": "Evidence Gap", "decision_general": "Evidence Gap", "decision_education": "Evidence Gap", "decision_healthcare": "Evidence Gap", "analysis_status": "Evidence Gap", "evidence_label": "Evidence Gap", "evidence_strength_score": null, "evidence_gap_exposure": null, "evidence_gap_rank": null, "validation_needed": false, "top5_general": false, "top5_education": false, "top5_healthcare": false, "top5_evidence_gap": false, "ai_cluster_id": null, "ai_profile": "Unclassified - Evidence Gap", "ai_profile_status": "Unclassified - insufficient connectivity observations", "ai_profile_description": "Insufficient observed connectivity data for GeoAI profiling.", "ai_profile_interpretation": "Not classified", "cluster_silhouette": null, "nearest_locality": "Kampung Seri Tiram Jaya", "nearest_locality_type": "village", "nearest_major_locality": "Kampung Seri Tiram Jaya", "nearest_major_locality_type": "village", "nearest_locality_distance_km": 7.41, "nearest_major_locality_distance_km": 7.41, "locality_source": "OpenStreetMap / Geofabrik" }, "geometry": { "type": "Polygon", "coordinates": [ [ [ 101.268203177233573, 3.471392222417448 ], [ 101.26824644103408, 3.489471908644143 ], [ 101.286238781296319, 3.489428148980667 ], [ 101.286195175041655, 3.471348690016923 ], [ 101.268203177233573, 3.471392222417448 ] ] ] } },
{ "type": "Feature", "properties": { "cell_id": "KS_087", "cell_area_km2": 4.0, "center_lon": 101.29521294873463, "center_lat": 3.4803664683771123, "study_area": "Kuala Selangor", "dataset_version": "2.0.0", "geoai_model_version": "kmeans-k3-v1", "network_tiles": 0, "network_tests": 0, "avg_download_mbps": null, "avg_upload_mbps": null, "avg_latency_ms": null, "network_data_present": false, "population": null, "population_pixels": 0, "population_data_present": false, "school_count": 0, "hospital_count": 0, "clinic_count": 0, "doctor_count": 0, "healthcare_count": 0, "download_gap": null, "upload_gap": null, "latency_gap": null, "connectivity_gap_score": null, "population_exposure": null, "school_exposure": 0.0, "healthcare_exposure": 0.0, "general_exposure": null, "education_exposure": null, "healthcare_exposure_mode": null, "score_general": null, "score_education": null, "score_healthcare": null, "priority_general": "Evidence Gap", "priority_education": "Evidence Gap", "priority_healthcare": "Evidence Gap", "decision_general": "Evidence Gap", "decision_education": "Evidence Gap", "decision_healthcare": "Evidence Gap", "analysis_status": "Evidence Gap", "evidence_label": "Evidence Gap", "evidence_strength_score": null, "evidence_gap_exposure": null, "evidence_gap_rank": null, "validation_needed": false, "top5_general": false, "top5_education": false, "top5_healthcare": false, "top5_evidence_gap": false, "ai_cluster_id": null, "ai_profile": "Unclassified - Evidence Gap", "ai_profile_status": "Unclassified - insufficient connectivity observations", "ai_profile_description": "Insufficient observed connectivity data for GeoAI profiling.", "ai_profile_interpretation": "Not classified", "cluster_silhouette": null, "nearest_locality": "Ladang Raja Musa", "nearest_locality_type": "locality", "nearest_major_locality": "Kampung Seri Tiram Jaya", "nearest_major_locality_type": "village", "nearest_locality_distance_km": 8.0, "nearest_major_locality_distance_km": 8.94, "locality_source": "OpenStreetMap / Geofabrik" }, "geometry": { "type": "Polygon", "coordinates": [ [ [ 101.286195175041655, 3.471348690016923 ], [ 101.286238781296319, 3.489428148980667 ], [ 101.304230893643933, 3.489384044312287 ], [ 101.304186944956641, 3.471304814403235 ], [ 101.286195175041655, 3.471348690016923 ] ] ] } },
{ "type": "Feature", "properties": { "cell_id": "KS_088", "cell_area_km2": 4.0, "center_lon": 101.3132047750192, "center_lat": 3.4803223061907271, "study_area": "Kuala Selangor", "dataset_version": "2.0.0", "geoai_model_version": "kmeans-k3-v1", "network_tiles": 0, "network_tests": 0, "avg_download_mbps": null, "avg_upload_mbps": null, "avg_latency_ms": null, "network_data_present": false, "population": null, "population_pixels": 0, "population_data_present": false, "school_count": 0, "hospital_count": 0, "clinic_count": 0, "doctor_count": 0, "healthcare_count": 0, "download_gap": null, "upload_gap": null, "latency_gap": null, "connectivity_gap_score": null, "population_exposure": null, "school_exposure": 0.0, "healthcare_exposure": 0.0, "general_exposure": null, "education_exposure": null, "healthcare_exposure_mode": null, "score_general": null, "score_education": null, "score_healthcare": null, "priority_general": "Evidence Gap", "priority_education": "Evidence Gap", "priority_healthcare": "Evidence Gap", "decision_general": "Evidence Gap", "decision_education": "Evidence Gap", "decision_healthcare": "Evidence Gap", "analysis_status": "Evidence Gap", "evidence_label": "Evidence Gap", "evidence_strength_score": null, "evidence_gap_exposure": null, "evidence_gap_rank": null, "validation_needed": false, "top5_general": false, "top5_education": false, "top5_healthcare": false, "top5_evidence_gap": false, "ai_cluster_id": null, "ai_profile": "Unclassified - Evidence Gap", "ai_profile_status": "Unclassified - insufficient connectivity observations", "ai_profile_description": "Insufficient observed connectivity data for GeoAI profiling.", "ai_profile_interpretation": "Not classified", "cluster_silhouette": null, "nearest_locality": "Ladang Raja Musa", "nearest_locality_type": "locality", "nearest_major_locality": "Kampung Seri Tiram Jaya", "nearest_major_locality_type": "village", "nearest_locality_distance_km": 8.58, "nearest_major_locality_distance_km": 10.62, "locality_source": "OpenStreetMap / Geofabrik" }, "geometry": { "type": "Polygon", "coordinates": [ [ [ 101.304186944956641, 3.471304814403235 ], [ 101.304230893643933, 3.489384044312287 ], [ 101.322222776287205, 3.489339594660737 ], [ 101.322178485188999, 3.471260595598002 ], [ 101.304186944956641, 3.471304814403235 ] ] ] } },
{ "type": "Feature", "properties": { "cell_id": "KS_089", "cell_area_km2": 4.0, "center_lon": 101.33119637071549, "center_lat": 3.4802777999278947, "study_area": "Kuala Selangor", "dataset_version": "2.0.0", "geoai_model_version": "kmeans-k3-v1", "network_tiles": 0, "network_tests": 0, "avg_download_mbps": null, "avg_upload_mbps": null, "avg_latency_ms": null, "network_data_present": false, "population": null, "population_pixels": 0, "population_data_present": false, "school_count": 0, "hospital_count": 0, "clinic_count": 0, "doctor_count": 0, "healthcare_count": 0, "download_gap": null, "upload_gap": null, "latency_gap": null, "connectivity_gap_score": null, "population_exposure": null, "school_exposure": 0.0, "healthcare_exposure": 0.0, "general_exposure": null, "education_exposure": null, "healthcare_exposure_mode": null, "score_general": null, "score_education": null, "score_healthcare": null, "priority_general": "Evidence Gap", "priority_education": "Evidence Gap", "priority_healthcare": "Evidence Gap", "decision_general": "Evidence Gap", "decision_education": "Evidence Gap", "decision_healthcare": "Evidence Gap", "analysis_status": "Evidence Gap", "evidence_label": "Evidence Gap", "evidence_strength_score": null, "evidence_gap_exposure": null, "evidence_gap_rank": null, "validation_needed": false, "top5_general": false, "top5_education": false, "top5_healthcare": false, "top5_evidence_gap": false, "ai_cluster_id": null, "ai_profile": "Unclassified - Evidence Gap", "ai_profile_status": "Unclassified - insufficient connectivity observations", "ai_profile_description": "Insufficient observed connectivity data for GeoAI profiling.", "ai_profile_interpretation": "Not classified", "cluster_silhouette": null, "nearest_locality": "Ladang Raja Musa", "nearest_locality_type": "locality", "nearest_major_locality": "Kampung Seri Tiram Jaya", "nearest_major_locality_type": "village", "nearest_locality_distance_km": 9.55, "nearest_major_locality_distance_km": 12.4, "locality_source": "OpenStreetMap / Geofabrik" }, "geometry": { "type": "Polygon", "coordinates": [ [ [ 101.322178485188999, 3.471260595598002 ], [ 101.322222776287205, 3.489339594660737 ], [ 101.340214427436507, 3.489294800047921 ], [ 101.340169793949258, 3.471216033623015 ], [ 101.322178485188999, 3.471260595598002 ] ] ] } },
{ "type": "Feature", "properties": { "cell_id": "KS_090", "cell_area_km2": 4.0, "center_lon": 101.34918773403406, "center_lat": 3.4802329496105466, "study_area": "Kuala Selangor", "dataset_version": "2.0.0", "geoai_model_version": "kmeans-k3-v1", "network_tiles": 0, "network_tests": 0, "avg_download_mbps": null, "avg_upload_mbps": null, "avg_latency_ms": null, "network_data_present": false, "population": null, "population_pixels": 0, "population_data_present": false, "school_count": 0, "hospital_count": 0, "clinic_count": 0, "doctor_count": 0, "healthcare_count": 0, "download_gap": null, "upload_gap": null, "latency_gap": null, "connectivity_gap_score": null, "population_exposure": null, "school_exposure": 0.0, "healthcare_exposure": 0.0, "general_exposure": null, "education_exposure": null, "healthcare_exposure_mode": null, "score_general": null, "score_education": null, "score_healthcare": null, "priority_general": "Evidence Gap", "priority_education": "Evidence Gap", "priority_healthcare": "Evidence Gap", "decision_general": "Evidence Gap", "decision_education": "Evidence Gap", "decision_healthcare": "Evidence Gap", "analysis_status": "Evidence Gap", "evidence_label": "Evidence Gap", "evidence_strength_score": null, "evidence_gap_exposure": null, "evidence_gap_rank": null, "validation_needed": false, "top5_general": false, "top5_education": false, "top5_healthcare": false, "top5_evidence_gap": false, "ai_cluster_id": null, "ai_profile": "Unclassified - Evidence Gap", "ai_profile_status": "Unclassified - insufficient connectivity observations", "ai_profile_description": "Insufficient observed connectivity data for GeoAI profiling.", "ai_profile_interpretation": "Not classified", "cluster_silhouette": null, "nearest_locality": "Kampung Sri Makmur", "nearest_locality_type": "hamlet", "nearest_major_locality": "Bestari Jaya", "nearest_major_locality_type": "town", "nearest_locality_distance_km": 9.2, "nearest_major_locality_distance_km": 13.19, "locality_source": "OpenStreetMap / Geofabrik" }, "geometry": { "type": "Polygon", "coordinates": [ [ [ 101.340169793949258, 3.471216033623015 ], [ 101.340214427436507, 3.489294800047921 ], [ 101.358205845302351, 3.48924966049591 ], [ 101.358160869448085, 3.471171128500231 ], [ 101.340169793949258, 3.471216033623015 ] ] ] } },
{ "type": "Feature", "properties": { "cell_id": "KS_091", "cell_area_km2": 4.0, "center_lon": 101.36717886318552, "center_lat": 3.4801877552607809, "study_area": "Kuala Selangor", "dataset_version": "2.0.0", "geoai_model_version": "kmeans-k3-v1", "network_tiles": 0, "network_tests": 0, "avg_download_mbps": null, "avg_upload_mbps": null, "avg_latency_ms": null, "network_data_present": false, "population": null, "population_pixels": 0, "population_data_present": false, "school_count": 0, "hospital_count": 0, "clinic_count": 0, "doctor_count": 0, "healthcare_count": 0, "download_gap": null, "upload_gap": null, "latency_gap": null, "connectivity_gap_score": null, "population_exposure": null, "school_exposure": 0.0, "healthcare_exposure": 0.0, "general_exposure": null, "education_exposure": null, "healthcare_exposure_mode": null, "score_general": null, "score_education": null, "score_healthcare": null, "priority_general": "Evidence Gap", "priority_education": "Evidence Gap", "priority_healthcare": "Evidence Gap", "decision_general": "Evidence Gap", "decision_education": "Evidence Gap", "decision_healthcare": "Evidence Gap", "analysis_status": "Evidence Gap", "evidence_label": "Evidence Gap", "evidence_strength_score": null, "evidence_gap_exposure": null, "evidence_gap_rank": null, "validation_needed": false, "top5_general": false, "top5_education": false, "top5_healthcare": false, "top5_evidence_gap": false, "ai_cluster_id": null, "ai_profile": "Unclassified - Evidence Gap", "ai_profile_status": "Unclassified - insufficient connectivity observations", "ai_profile_description": "Insufficient observed connectivity data for GeoAI profiling.", "ai_profile_interpretation": "Not classified", "cluster_silhouette": null, "nearest_locality": "Kampung Sri Makmur", "nearest_locality_type": "hamlet", "nearest_major_locality": "Bestari Jaya", "nearest_major_locality_type": "town", "nearest_locality_distance_km": 8.55, "nearest_major_locality_distance_km": 12.28, "locality_source": "OpenStreetMap / Geofabrik" }, "geometry": { "type": "Polygon", "coordinates": [ [ [ 101.358160869448085, 3.471171128500231 ], [ 101.358205845302351, 3.48924966049591 ], [ 101.376197028095319, 3.489204176026947 ], [ 101.376151709896263, 3.471125880251776 ], [ 101.358160869448085, 3.471171128500231 ] ] ] } },
{ "type": "Feature", "properties": { "cell_id": "KS_092", "cell_area_km2": 4.0, "center_lon": 101.38516975638062, "center_lat": 3.4801422169008673, "study_area": "Kuala Selangor", "dataset_version": "2.0.0", "geoai_model_version": "kmeans-k3-v1", "network_tiles": 0, "network_tests": 0, "avg_download_mbps": null, "avg_upload_mbps": null, "avg_latency_ms": null, "network_data_present": false, "population": null, "population_pixels": 0, "population_data_present": false, "school_count": 0, "hospital_count": 0, "clinic_count": 0, "doctor_count": 0, "healthcare_count": 0, "download_gap": null, "upload_gap": null, "latency_gap": null, "connectivity_gap_score": null, "population_exposure": null, "school_exposure": 0.0, "healthcare_exposure": 0.0, "general_exposure": null, "education_exposure": null, "healthcare_exposure_mode": null, "score_general": null, "score_education": null, "score_healthcare": null, "priority_general": "Evidence Gap", "priority_education": "Evidence Gap", "priority_healthcare": "Evidence Gap", "decision_general": "Evidence Gap", "decision_education": "Evidence Gap", "decision_healthcare": "Evidence Gap", "analysis_status": "Evidence Gap", "evidence_label": "Evidence Gap", "evidence_strength_score": null, "evidence_gap_exposure": null, "evidence_gap_rank": null, "validation_needed": false, "top5_general": false, "top5_education": false, "top5_healthcare": false, "top5_evidence_gap": false, "ai_cluster_id": null, "ai_profile": "Unclassified - Evidence Gap", "ai_profile_status": "Unclassified - insufficient connectivity observations", "ai_profile_description": "Insufficient observed connectivity data for GeoAI profiling.", "ai_profile_interpretation": "Not classified", "cluster_silhouette": null, "nearest_locality": "Kampung Sri Makmur", "nearest_locality_type": "hamlet", "nearest_major_locality": "Bestari Jaya", "nearest_major_locality_type": "town", "nearest_locality_distance_km": 8.33, "nearest_major_locality_distance_km": 11.64, "locality_source": "OpenStreetMap / Geofabrik" }, "geometry": { "type": "Polygon", "coordinates": [ [ [ 101.376151709896263, 3.471125880251776 ], [ 101.376197028095319, 3.489204176026947 ], [ 101.394187974026181, 3.489158346663442 ], [ 101.394142313504716, 3.471080288899944 ], [ 101.376151709896263, 3.471125880251776 ] ] ] } },
{ "type": "Feature", "properties": { "cell_id": "KS_093", "cell_area_km2": 4.0, "center_lon": 101.40316041183027, "center_lat": 3.480096334553243, "study_area": "Kuala Selangor", "dataset_version": "2.0.0", "geoai_model_version": "kmeans-k3-v1", "network_tiles": 0, "network_tests": 0, "avg_download_mbps": null, "avg_upload_mbps": null, "avg_latency_ms": null, "network_data_present": false, "population": null, "population_pixels": 0, "population_data_present": false, "school_count": 0, "hospital_count": 0, "clinic_count": 0, "doctor_count": 0, "healthcare_count": 0, "download_gap": null, "upload_gap": null, "latency_gap": null, "connectivity_gap_score": null, "population_exposure": null, "school_exposure": 0.0, "healthcare_exposure": 0.0, "general_exposure": null, "education_exposure": null, "healthcare_exposure_mode": null, "score_general": null, "score_education": null, "score_healthcare": null, "priority_general": "Evidence Gap", "priority_education": "Evidence Gap", "priority_healthcare": "Evidence Gap", "decision_general": "Evidence Gap", "decision_education": "Evidence Gap", "decision_healthcare": "Evidence Gap", "analysis_status": "Evidence Gap", "evidence_label": "Evidence Gap", "evidence_strength_score": null, "evidence_gap_exposure": null, "evidence_gap_rank": null, "validation_needed": false, "top5_general": false, "top5_education": false, "top5_healthcare": false, "top5_evidence_gap": false, "ai_cluster_id": null, "ai_profile": "Unclassified - Evidence Gap", "ai_profile_status": "Unclassified - insufficient connectivity observations", "ai_profile_description": "Insufficient observed connectivity data for GeoAI profiling.", "ai_profile_interpretation": "Not classified", "cluster_silhouette": null, "nearest_locality": "Sime Darby Plantation Ladang Tennamaram", "nearest_locality_type": "hamlet", "nearest_major_locality": "Bestari Jaya", "nearest_major_locality_type": "town", "nearest_locality_distance_km": 6.97, "nearest_major_locality_distance_km": 11.32, "locality_source": "OpenStreetMap / Geofabrik" }, "geometry": { "type": "Polygon", "coordinates": [ [ [ 101.394142313504716, 3.471080288899944 ], [ 101.394187974026181, 3.489158346663442 ], [ 101.412178681305761, 3.489112172427976 ], [ 101.412132678484426, 3.471034354467197 ], [ 101.394142313504716, 3.471080288899944 ] ] ] } },
{ "type": "Feature", "properties": { "cell_id": "KS_094", "cell_area_km2": 4.0, "center_lon": 101.42115082774545, "center_lat": 3.480050108240512, "study_area": "Kuala Selangor", "dataset_version": "2.0.0", "geoai_model_version": "kmeans-k3-v1", "network_tiles": 0, "network_tests": 0, "avg_download_mbps": null, "avg_upload_mbps": null, "avg_latency_ms": null, "network_data_present": false, "population": 0.60740697383880615, "population_pixels": 1, "population_data_present": true, "school_count": 0, "hospital_count": 0, "clinic_count": 0, "doctor_count": 0, "healthcare_count": 0, "download_gap": null, "upload_gap": null, "latency_gap": null, "connectivity_gap_score": null, "population_exposure": 0.012195121951219513, "school_exposure": 0.0, "healthcare_exposure": 0.0, "general_exposure": 0.012195121951219513, "education_exposure": 0.012195121951219523, "healthcare_exposure_mode": 0.012195121951219523, "score_general": null, "score_education": null, "score_healthcare": null, "priority_general": "Evidence Gap", "priority_education": "Evidence Gap", "priority_healthcare": "Evidence Gap", "decision_general": "Evidence Gap", "decision_education": "Evidence Gap", "decision_healthcare": "Evidence Gap", "analysis_status": "Evidence Gap", "evidence_label": "Evidence Gap", "evidence_strength_score": null, "evidence_gap_exposure": 0.012195121951219513, "evidence_gap_rank": 62.0, "validation_needed": false, "top5_general": false, "top5_education": false, "top5_healthcare": false, "top5_evidence_gap": false, "ai_cluster_id": null, "ai_profile": "Unclassified - Evidence Gap", "ai_profile_status": "Unclassified - insufficient connectivity observations", "ai_profile_description": "Insufficient observed connectivity data for GeoAI profiling.", "ai_profile_interpretation": "Not classified", "cluster_silhouette": null, "nearest_locality": "Sime Darby Plantation Ladang Tennamaram", "nearest_locality_type": "hamlet", "nearest_major_locality": "Bestari Jaya", "nearest_major_locality_type": "town", "nearest_locality_distance_km": 5.32, "nearest_major_locality_distance_km": 11.35, "locality_source": "OpenStreetMap / Geofabrik" }, "geometry": { "type": "Polygon", "coordinates": [ [ [ 101.412132678484426, 3.471034354467197 ], [ 101.412178681305761, 3.489112172427976 ], [ 101.430169148145026, 3.489065653343299 ], [ 101.43012280304653, 3.470988076976168 ], [ 101.412132678484426, 3.471034354467197 ] ] ] } },
{ "type": "Feature", "properties": { "cell_id": "KS_095", "cell_area_km2": 4.0, "center_lon": 101.43914100233724, "center_lat": 3.4800035379854504, "study_area": "Kuala Selangor", "dataset_version": "2.0.0", "geoai_model_version": "kmeans-k3-v1", "network_tiles": 0, "network_tests": 0, "avg_download_mbps": null, "avg_upload_mbps": null, "avg_latency_ms": null, "network_data_present": false, "population": 9.2479999512434006, "population_pixels": 17, "population_data_present": true, "school_count": 0, "hospital_count": 0, "clinic_count": 0, "doctor_count": 0, "healthcare_count": 0, "download_gap": null, "upload_gap": null, "latency_gap": null, "connectivity_gap_score": null, "population_exposure": 0.052845528455284556, "school_exposure": 0.0, "healthcare_exposure": 0.0, "general_exposure": 0.052845528455284556, "education_exposure": 0.052845528455284563, "healthcare_exposure_mode": 0.052845528455284563, "score_general": null, "score_education": null, "score_healthcare": null, "priority_general": "Evidence Gap", "priority_education": "Evidence Gap", "priority_healthcare": "Evidence Gap", "decision_general": "Evidence Gap", "decision_education": "Evidence Gap", "decision_healthcare": "Evidence Gap", "analysis_status": "Evidence Gap", "evidence_label": "Evidence Gap", "evidence_strength_score": null, "evidence_gap_exposure": 0.052845528455284556, "evidence_gap_rank": 53.0, "validation_needed": false, "top5_general": false, "top5_education": false, "top5_healthcare": false, "top5_evidence_gap": false, "ai_cluster_id": null, "ai_profile": "Unclassified - Evidence Gap", "ai_profile_status": "Unclassified - insufficient connectivity observations", "ai_profile_description": "Insufficient observed connectivity data for GeoAI profiling.", "ai_profile_interpretation": "Not classified", "cluster_silhouette": null, "nearest_locality": "Sime Darby Plantation Ladang Tennamaram", "nearest_locality_type": "hamlet", "nearest_major_locality": "Bestari Jaya", "nearest_major_locality_type": "town", "nearest_locality_distance_km": 4.01, "nearest_major_locality_distance_km": 11.73, "locality_source": "OpenStreetMap / Geofabrik" }, "geometry": { "type": "Polygon", "coordinates": [ [ [ 101.43012280304653, 3.470988076976168 ], [ 101.430169148145026, 3.489065653343299 ], [ 101.448159372755072, 3.489018789432329 ], [ 101.448112685402307, 3.470941456449653 ], [ 101.43012280304653, 3.470988076976168 ] ] ] } },
{ "type": "Feature", "properties": { "cell_id": "KS_096", "cell_area_km2": 0.64261222093813419, "center_lon": 101.10435583047168, "center_lat": 3.4802818180256261, "study_area": "Kuala Selangor", "dataset_version": "2.0.0", "geoai_model_version": "kmeans-k3-v1", "network_tiles": 0, "network_tests": 0, "avg_download_mbps": null, "avg_upload_mbps": null, "avg_latency_ms": null, "network_data_present": false, "population": 41.829596008174121, "population_pixels": 36, "population_data_present": true, "school_count": 0, "hospital_count": 0, "clinic_count": 0, "doctor_count": 0, "healthcare_count": 0, "download_gap": null, "upload_gap": null, "latency_gap": null, "connectivity_gap_score": null, "population_exposure": 0.12195121951219512, "school_exposure": 0.0, "healthcare_exposure": 0.0, "general_exposure": 0.12195121951219512, "education_exposure": 0.12195121951219512, "healthcare_exposure_mode": 0.12195121951219512, "score_general": null, "score_education": null, "score_healthcare": null, "priority_general": "Evidence Gap", "priority_education": "Evidence Gap", "priority_healthcare": "Evidence Gap", "decision_general": "Evidence Gap", "decision_education": "Evidence Gap", "decision_healthcare": "Evidence Gap", "analysis_status": "Evidence Gap", "evidence_label": "Evidence Gap", "evidence_strength_score": null, "evidence_gap_exposure": 0.12195121951219512, "evidence_gap_rank": 41.0, "validation_needed": false, "top5_general": false, "top5_education": false, "top5_healthcare": false, "top5_evidence_gap": false, "ai_cluster_id": null, "ai_profile": "Unclassified - Evidence Gap", "ai_profile_status": "Unclassified - insufficient connectivity observations", "ai_profile_description": "Insufficient observed connectivity data for GeoAI profiling.", "ai_profile_interpretation": "Not classified", "cluster_silhouette": null, "nearest_locality": "Kampung Parit 3", "nearest_locality_type": "hamlet", "nearest_major_locality": "Tanjong Karang", "nearest_major_locality_type": "town", "nearest_locality_distance_km": 4.02, "nearest_major_locality_distance_km": 10.35, "locality_source": "OpenStreetMap / Geofabrik" }, "geometry": { "type": "Polygon", "coordinates": [ [ [ 101.106273487537422, 3.475489044841299 ], [ 101.098581557000045, 3.485083239000061 ], [ 101.106303619097261, 3.489042768065318 ], [ 101.106273487537422, 3.475489044841299 ] ] ] } },
{ "type": "Feature", "properties": { "cell_id": "KS_097", "cell_area_km2": 4.1050699519111058, "center_lon": 101.45772106322542, "center_lat": 3.4784034737192036, "study_area": "Kuala Selangor", "dataset_version": "2.0.0", "geoai_model_version": "kmeans-k3-v1", "network_tiles": 0, "network_tests": 0, "avg_download_mbps": null, "avg_upload_mbps": null, "avg_latency_ms": null, "network_data_present": false, "population": 15.650940902531147, "population_pixels": 33, "population_data_present": true, "school_count": 0, "hospital_count": 0, "clinic_count": 0, "doctor_count": 0, "healthcare_count": 0, "download_gap": null, "upload_gap": null, "latency_gap": null, "connectivity_gap_score": null, "population_exposure": 0.073170731707317069, "school_exposure": 0.0, "healthcare_exposure": 0.0, "general_exposure": 0.073170731707317069, "education_exposure": 0.073170731707317027, "healthcare_exposure_mode": 0.073170731707317027, "score_general": null, "score_education": null, "score_healthcare": null, "priority_general": "Evidence Gap", "priority_education": "Evidence Gap", "priority_healthcare": "Evidence Gap", "decision_general": "Evidence Gap", "decision_education": "Evidence Gap", "decision_healthcare": "Evidence Gap", "analysis_status": "Evidence Gap", "evidence_label": "Evidence Gap", "evidence_strength_score": null, "evidence_gap_exposure": 0.073170731707317069, "evidence_gap_rank": 48.0, "validation_needed": false, "top5_general": false, "top5_education": false, "top5_healthcare": false, "top5_evidence_gap": false, "ai_cluster_id": null, "ai_profile": "Unclassified - Evidence Gap", "ai_profile_status": "Unclassified - insufficient connectivity observations", "ai_profile_description": "Insufficient observed connectivity data for GeoAI profiling.", "ai_profile_interpretation": "Not classified", "cluster_silhouette": null, "nearest_locality": "Sime Darby Plantation Ladang Tennamaram", "nearest_locality_type": "hamlet", "nearest_major_locality": "Bestari Jaya", "nearest_major_locality_type": "town", "nearest_locality_distance_km": 3.43, "nearest_major_locality_distance_km": 12.43, "locality_source": "OpenStreetMap / Geofabrik" }, "geometry": { "type": "Polygon", "coordinates": [ [ [ 101.465521163671013, 3.470896015451714 ], [ 101.448112685402307, 3.470941456449653 ], [ 101.448159372755072, 3.489018789432329 ], [ 101.462804568398184, 3.488980384134465 ], [ 101.466140875508984, 3.485719864694813 ], [ 101.468511453000076, 3.483403126000042 ], [ 101.466108706772147, 3.473353526611319 ], [ 101.465521163671013, 3.470896015451714 ] ] ] } },
{ "type": "Feature", "properties": { "cell_id": "KS_098", "cell_area_km2": 4.0, "center_lon": 101.13323584263797, "center_lat": 3.4626671037984638, "study_area": "Kuala Selangor", "dataset_version": "2.0.0", "geoai_model_version": "kmeans-k3-v1", "network_tiles": 6, "network_tests": 23, "avg_download_mbps": 239.21330434782607, "avg_upload_mbps": 25.942478260869564, "avg_latency_ms": 20.130434782608695, "network_data_present": true, "population": 2833.3160225510364, "population_pixels": 441, "population_data_present": true, "school_count": 2, "hospital_count": 0, "clinic_count": 0, "doctor_count": 0, "healthcare_count": 0, "download_gap": 0.14835164835164838, "upload_gap": 0.32967032967032972, "latency_gap": 0.34065934065934067, "connectivity_gap_score": 27.289377289377292, "population_exposure": 0.86178861788617889, "school_exposure": 0.7068965517241379, "healthcare_exposure": 0.0, "general_exposure": 0.86178861788617889, "education_exposure": 0.95948976731146618, "healthcare_exposure_mode": 0.86178861788617889, "score_general": 23.517674737186937, "score_education": 26.183878265459427, "score_healthcare": 23.517674737186937, "priority_general": "Medium", "priority_education": "Medium", "priority_healthcare": "Medium", "decision_general": "Monitor / investigate", "decision_education": "Monitor / investigate", "decision_healthcare": "Monitor / investigate", "analysis_status": "Observed", "evidence_label": "Good", "evidence_strength_score": 61.26373626373627, "evidence_gap_exposure": 0.95948976731146618, "evidence_gap_rank": null, "validation_needed": false, "top5_general": false, "top5_education": false, "top5_healthcare": false, "top5_evidence_gap": false, "ai_cluster_id": 0.0, "ai_profile": "Strong-Connectivity Areas", "ai_profile_status": "GeoAI classified", "ai_profile_description": "Areas characterised by comparatively strong mobile download and upload performance, lower latency, moderate population exposure, and relatively few mapped essential-service facilities.", "ai_profile_interpretation": "Distinct recurring profile", "cluster_silhouette": 0.34249466400835182, "nearest_locality": "Kampung Parit 3", "nearest_locality_type": "hamlet", "nearest_major_locality": "Tanjong Karang", "nearest_major_locality_type": "town", "nearest_locality_distance_km": 2.32, "nearest_major_locality_distance_km": 6.38, "locality_source": "OpenStreetMap / Geofabrik" }, "geometry": { "type": "Polygon", "coordinates": [ [ [ 101.12421889377292, 3.453646676197626 ], [ 101.124259205403007, 3.471728123408884 ], [ 101.142252961917947, 3.471687337471789 ], [ 101.142212309458017, 3.453606103177847 ], [ 101.12421889377292, 3.453646676197626 ] ] ] } },
{ "type": "Feature", "properties": { "cell_id": "KS_099", "cell_area_km2": 4.0, "center_lon": 101.15122932195675, "center_lat": 3.4626262530765857, "study_area": "Kuala Selangor", "dataset_version": "2.0.0", "geoai_model_version": "kmeans-k3-v1", "network_tiles": 5, "network_tests": 15, "avg_download_mbps": 150.1626, "avg_upload_mbps": 20.487933333333334, "avg_latency_ms": 22.066666666666666, "network_data_present": true, "population": 1035.3501497667748, "population_pixels": 332, "population_data_present": true, "school_count": 0, "hospital_count": 0, "clinic_count": 0, "doctor_count": 0, "healthcare_count": 0, "download_gap": 0.3571428571428571, "upload_gap": 0.47252747252747251, "latency_gap": 0.48901098901098899, "connectivity_gap_score": 43.956043956043956, "population_exposure": 0.61788617886178865, "school_exposure": 0.0, "healthcare_exposure": 0.0, "general_exposure": 0.61788617886178865, "education_exposure": 0.61788617886178865, "healthcare_exposure_mode": 0.61788617886178865, "score_general": 27.159832037880822, "score_education": 27.159832037880822, "score_healthcare": 27.159832037880822, "priority_general": "Medium", "priority_education": "Medium", "priority_healthcare": "Medium", "decision_general": "Monitor / investigate", "decision_education": "Monitor / investigate", "decision_healthcare": "Monitor / investigate", "analysis_status": "Observed", "evidence_label": "Good", "evidence_strength_score": 49.450549450549453, "evidence_gap_exposure": 0.61788617886178865, "evidence_gap_rank": null, "validation_needed": false, "top5_general": false, "top5_education": false, "top5_healthcare": false, "top5_evidence_gap": false, "ai_cluster_id": 0.0, "ai_profile": "Strong-Connectivity Areas", "ai_profile_status": "GeoAI classified", "ai_profile_description": "Areas characterised by comparatively strong mobile download and upload performance, lower latency, moderate population exposure, and relatively few mapped essential-service facilities.", "ai_profile_interpretation": "Distinct recurring profile", "cluster_silhouette": 0.13366725908712029, "nearest_locality": "Kampung Parit 2 Ban 2", "nearest_locality_type": "hamlet", "nearest_major_locality": "Tanjong Karang", "nearest_major_locality_type": "town", "nearest_locality_distance_km": 2.48, "nearest_major_locality_distance_km": 5.04, "locality_source": "OpenStreetMap / Geofabrik" }, "geometry": { "type": "Polygon", "coordinates": [ [ [ 101.142212309458017, 3.453606103177847 ], [ 101.142252961917947, 3.471687337471789 ], [ 101.160246504860339, 3.471646208154632 ], [ 101.160205511590661, 3.453565188570555 ], [ 101.142212309458017, 3.453606103177847 ] ] ] } },
{ "type": "Feature", "properties": { "cell_id": "KS_100", "cell_area_km2": 4.0, "center_lon": 101.16922258681781, "center_lat": 3.4625850598810173, "study_area": "Kuala Selangor", "dataset_version": "2.0.0", "geoai_model_version": "kmeans-k3-v1", "network_tiles": 7, "network_tests": 23, "avg_download_mbps": 27.725173913043481, "avg_upload_mbps": 12.117521739130433, "avg_latency_ms": 25.0, "network_data_present": true, "population": 2730.7838493064046, "population_pixels": 419, "population_data_present": true, "school_count": 1, "hospital_count": 0, "clinic_count": 0, "doctor_count": 0, "healthcare_count": 0, "download_gap": 0.80769230769230771, "upload_gap": 0.63186813186813184, "latency_gap": 0.63186813186813184, "connectivity_gap_score": 69.047619047619037, "population_exposure": 0.84959349593495936, "school_exposure": 0.30172413793103448, "healthcare_exposure": 0.0, "general_exposure": 0.84959349593495936, "education_exposure": 0.89497476871320436, "healthcare_exposure_mode": 0.84959349593495936, "score_general": 58.662408052651948, "score_education": 61.795876887340299, "score_healthcare": 58.662408052651948, "priority_general": "High", "priority_education": "High", "priority_healthcare": "High", "decision_general": "High priority - supported", "decision_education": "High priority - supported", "decision_healthcare": "High priority - supported", "analysis_status": "Observed", "evidence_label": "Good", "evidence_strength_score": 61.26373626373627, "evidence_gap_exposure": 0.89497476871320436, "evidence_gap_rank": null, "validation_needed": false, "top5_general": false, "top5_education": false, "top5_healthcare": false, "top5_evidence_gap": false, "ai_cluster_id": 2.0, "ai_profile": "Connectivity-Constrained Areas", "ai_profile_status": "GeoAI classified", "ai_profile_description": "Areas characterised by comparatively lower download and upload performance, higher connectivity gaps, lower population density, and relatively few mapped essential-service facilities.", "ai_profile_interpretation": "Distinct recurring profile", "cluster_silhouette": 0.24097407322767789, "nearest_locality": "Kampung Kunci Air Buang", "nearest_locality_type": "hamlet", "nearest_major_locality": "Tanjong Karang", "nearest_major_locality_type": "town", "nearest_locality_distance_km": 2.26, "nearest_major_locality_distance_km": 4.25, "locality_source": "OpenStreetMap / Geofabrik" }, "geometry": { "type": "Polygon", "coordinates": [ [ [ 101.160205511590661, 3.453565188570555 ], [ 101.160246504860339, 3.471646208154632 ], [ 101.178239832439715, 3.471604735477687 ], [ 101.178198498380539, 3.453523932395919 ], [ 101.160205511590661, 3.453565188570555 ] ] ] } },
{ "type": "Feature", "properties": { "cell_id": "KS_101", "cell_area_km2": 4.0, "center_lon": 101.18721563543089, "center_lat": 3.4625435242320628, "study_area": "Kuala Selangor", "dataset_version": "2.0.0", "geoai_model_version": "kmeans-k3-v1", "network_tiles": 2, "network_tests": 14, "avg_download_mbps": 190.01942857142859, "avg_upload_mbps": 26.765142857142859, "avg_latency_ms": 17.0, "network_data_present": true, "population": 1260.9261652282439, "population_pixels": 326, "population_data_present": true, "school_count": 0, "hospital_count": 0, "clinic_count": 0, "doctor_count": 0, "healthcare_count": 0, "download_gap": 0.23626373626373631, "upload_gap": 0.30219780219780223, "latency_gap": 0.12912087912087913, "connectivity_gap_score": 22.252747252747255, "population_exposure": 0.64634146341463417, "school_exposure": 0.0, "healthcare_exposure": 0.0, "general_exposure": 0.64634146341463417, "education_exposure": 0.64634146341463417, "healthcare_exposure_mode": 0.64634146341463417, "score_general": 14.38287322433664, "score_education": 14.38287322433664, "score_healthcare": 14.38287322433664, "priority_general": "Low", "priority_education": "Low", "priority_healthcare": "Low", "decision_general": "Lower relative priority", "decision_education": "Lower relative priority", "decision_healthcare": "Lower relative priority", "analysis_status": "Observed", "evidence_label": "Moderate", "evidence_strength_score": 47.527472527472526, "evidence_gap_exposure": 0.64634146341463417, "evidence_gap_rank": null, "validation_needed": false, "top5_general": false, "top5_education": false, "top5_healthcare": false, "top5_evidence_gap": false, "ai_cluster_id": 0.0, "ai_profile": "Strong-Connectivity Areas", "ai_profile_status": "GeoAI classified", "ai_profile_description": "Areas characterised by comparatively strong mobile download and upload performance, lower latency, moderate population exposure, and relatively few mapped essential-service facilities.", "ai_profile_interpretation": "Distinct recurring profile", "cluster_silhouette": 0.38482099744003723, "nearest_locality": "Kampung Kunci Air Buang", "nearest_locality_type": "hamlet", "nearest_major_locality": "Tanjong Karang", "nearest_major_locality_type": "town", "nearest_locality_distance_km": 1.14, "nearest_major_locality_distance_km": 4.33, "locality_source": "OpenStreetMap / Geofabrik" }, "geometry": { "type": "Polygon", "coordinates": [ [ [ 101.178198498380539, 3.453523932395919 ], [ 101.178239832439715, 3.471604735477687 ], [ 101.196232942865763, 3.471562919461393 ], [ 101.196191268037509, 3.453482334674271 ], [ 101.178198498380539, 3.453523932395919 ] ] ] } },
{ "type": "Feature", "properties": { "cell_id": "KS_102", "cell_area_km2": 4.0, "center_lon": 101.20520846600574, "center_lat": 3.4625016461501925, "study_area": "Kuala Selangor", "dataset_version": "2.0.0", "geoai_model_version": "kmeans-k3-v1", "network_tiles": 6, "network_tests": 15, "avg_download_mbps": 139.22913333333332, "avg_upload_mbps": 22.640133333333335, "avg_latency_ms": 17.0, "network_data_present": true, "population": 1589.3428063653409, "population_pixels": 469, "population_data_present": true, "school_count": 0, "hospital_count": 0, "clinic_count": 0, "doctor_count": 0, "healthcare_count": 0, "download_gap": 0.40659340659340659, "upload_gap": 0.41758241758241754, "latency_gap": 0.12912087912087913, "connectivity_gap_score": 31.776556776556774, "population_exposure": 0.73170731707317072, "school_exposure": 0.0, "healthcare_exposure": 0.0, "general_exposure": 0.73170731707317072, "education_exposure": 0.73170731707317072, "healthcare_exposure_mode": 0.73170731707317072, "score_general": 23.251139104797637, "score_education": 23.251139104797637, "score_healthcare": 23.251139104797637, "priority_general": "Medium", "priority_education": "Medium", "priority_healthcare": "Medium", "decision_general": "Monitor / investigate", "decision_education": "Monitor / investigate", "decision_healthcare": "Monitor / investigate", "analysis_status": "Observed", "evidence_label": "Good", "evidence_strength_score": 49.450549450549453, "evidence_gap_exposure": 0.73170731707317072, "evidence_gap_rank": null, "validation_needed": false, "top5_general": false, "top5_education": false, "top5_healthcare": false, "top5_evidence_gap": false, "ai_cluster_id": 0.0, "ai_profile": "Strong-Connectivity Areas", "ai_profile_status": "GeoAI classified", "ai_profile_description": "Areas characterised by comparatively strong mobile download and upload performance, lower latency, moderate population exposure, and relatively few mapped essential-service facilities.", "ai_profile_interpretation": "Distinct recurring profile", "cluster_silhouette": 0.21175972645356758, "nearest_locality": "Kampung Kunci Air Buang", "nearest_locality_type": "hamlet", "nearest_major_locality": "Kampung Seri Tiram Jaya", "nearest_major_locality_type": "village", "nearest_locality_distance_km": 2.35, "nearest_major_locality_distance_km": 4.25, "locality_source": "OpenStreetMap / Geofabrik" }, "geometry": { "type": "Polygon", "coordinates": [ [ [ 101.196191268037509, 3.453482334674271 ], [ 101.196232942865763, 3.471562919461393 ], [ 101.214225834348241, 3.47152076012636 ], [ 101.214183818771474, 3.453440395426112 ], [ 101.196191268037509, 3.453482334674271 ] ] ] } },
{ "type": "Feature", "properties": { "cell_id": "KS_103", "cell_area_km2": 4.0, "center_lon": 101.22320107675232, "center_lat": 3.4624594256560473, "study_area": "Kuala Selangor", "dataset_version": "2.0.0", "geoai_model_version": "kmeans-k3-v1", "network_tiles": 6, "network_tests": 23, "avg_download_mbps": 70.919869565217397, "avg_upload_mbps": 23.013782608695653, "avg_latency_ms": 18.478260869565219, "network_data_present": true, "population": 1751.4999140612781, "population_pixels": 469, "population_data_present": true, "school_count": 0, "hospital_count": 0, "clinic_count": 0, "doctor_count": 0, "healthcare_count": 0, "download_gap": 0.5714285714285714, "upload_gap": 0.40659340659340659, "latency_gap": 0.2087912087912088, "connectivity_gap_score": 39.560439560439562, "population_exposure": 0.76016260162601623, "school_exposure": 0.0, "healthcare_exposure": 0.0, "general_exposure": 0.76016260162601623, "education_exposure": 0.76016260162601623, "healthcare_exposure_mode": 0.76016260162601623, "score_general": 30.072366657732509, "score_education": 30.072366657732509, "score_healthcare": 30.072366657732509, "priority_general": "Medium", "priority_education": "Medium", "priority_healthcare": "Medium", "decision_general": "Monitor / investigate", "decision_education": "Monitor / investigate", "decision_healthcare": "Monitor / investigate", "analysis_status": "Observed", "evidence_label": "Good", "evidence_strength_score": 61.26373626373627, "evidence_gap_exposure": 0.76016260162601623, "evidence_gap_rank": null, "validation_needed": false, "top5_general": false, "top5_education": false, "top5_healthcare": false, "top5_evidence_gap": false, "ai_cluster_id": 2.0, "ai_profile": "Connectivity-Constrained Areas", "ai_profile_status": "GeoAI classified", "ai_profile_description": "Areas characterised by comparatively lower download and upload performance, higher connectivity gaps, lower population density, and relatively few mapped essential-service facilities.", "ai_profile_interpretation": "Distinct recurring profile", "cluster_silhouette": 0.0085491713755129033, "nearest_locality": "Kampung Seri Tiram Jaya", "nearest_locality_type": "village", "nearest_major_locality": "Kampung Seri Tiram Jaya", "nearest_major_locality_type": "village", "nearest_locality_distance_km": 3.32, "nearest_major_locality_distance_km": 3.32, "locality_source": "OpenStreetMap / Geofabrik" }, "geometry": { "type": "Polygon", "coordinates": [ [ [ 101.214183818771474, 3.453440395426112 ], [ 101.214225834348241, 3.47152076012636 ], [ 101.232218505097038, 3.471478257493366 ], [ 101.232176148792519, 3.453398114672112 ], [ 101.214183818771474, 3.453440395426112 ] ] ] } },
{ "type": "Feature", "properties": { "cell_id": "KS_104", "cell_area_km2": 4.0, "center_lon": 101.24119346588061, "center_lat": 3.4624168627704317, "study_area": "Kuala Selangor", "dataset_version": "2.0.0", "geoai_model_version": "kmeans-k3-v1", "network_tiles": 3, "network_tests": 7, "avg_download_mbps": 201.34085714285712, "avg_upload_mbps": 22.056714285714285, "avg_latency_ms": 17.0, "network_data_present": true, "population": 597.54999385587871, "population_pixels": 256, "population_data_present": true, "school_count": 0, "hospital_count": 0, "clinic_count": 0, "doctor_count": 0, "healthcare_count": 0, "download_gap": 0.18681318681318682, "upload_gap": 0.43406593406593408, "latency_gap": 0.12912087912087913, "connectivity_gap_score": 25.0, "population_exposure": 0.47967479674796748, "school_exposure": 0.0, "healthcare_exposure": 0.0, "general_exposure": 0.47967479674796748, "education_exposure": 0.47967479674796754, "healthcare_exposure_mode": 0.47967479674796754, "score_general": 11.991869918699187, "score_education": 11.991869918699189, "score_healthcare": 11.991869918699189, "priority_general": "Low", "priority_education": "Low", "priority_healthcare": "Low", "decision_general": "Lower relative priority", "decision_education": "Lower relative priority", "decision_healthcare": "Lower relative priority", "analysis_status": "Observed", "evidence_label": "Moderate", "evidence_strength_score": 32.417582417582416, "evidence_gap_exposure": 0.47967479674796748, "evidence_gap_rank": null, "validation_needed": false, "top5_general": false, "top5_education": false, "top5_healthcare": false, "top5_evidence_gap": false, "ai_cluster_id": 0.0, "ai_profile": "Strong-Connectivity Areas", "ai_profile_status": "GeoAI classified", "ai_profile_description": "Areas characterised by comparatively strong mobile download and upload performance, lower latency, moderate population exposure, and relatively few mapped essential-service facilities.", "ai_profile_interpretation": "Distinct recurring profile", "cluster_silhouette": 0.25914613683021692, "nearest_locality": "Kampung Seri Tiram Jaya", "nearest_locality_type": "village", "nearest_major_locality": "Kampung Seri Tiram Jaya", "nearest_major_locality_type": "village", "nearest_locality_distance_km": 3.46, "nearest_major_locality_distance_km": 3.46, "locality_source": "OpenStreetMap / Geofabrik" }, "geometry": { "type": "Polygon", "coordinates": [ [ [ 101.232176148792519, 3.453398114672112 ], [ 101.232218505097038, 3.471478257493366 ], [ 101.25021095332211, 3.471435411583357 ], [ 101.250168256310772, 3.453355492433106 ], [ 101.232176148792519, 3.453398114672112 ] ] ] } },
{ "type": "Feature", "properties": { "cell_id": "KS_105", "cell_area_km2": 4.0, "center_lon": 101.25918563160074, "center_lat": 3.4623739575143251, "study_area": "Kuala Selangor", "dataset_version": "2.0.0", "geoai_model_version": "kmeans-k3-v1", "network_tiles": 0, "network_tests": 0, "avg_download_mbps": null, "avg_upload_mbps": null, "avg_latency_ms": null, "network_data_present": false, "population": 1.5883389711380005, "population_pixels": 1, "population_data_present": true, "school_count": 0, "hospital_count": 0, "clinic_count": 0, "doctor_count": 0, "healthcare_count": 0, "download_gap": null, "upload_gap": null, "latency_gap": null, "connectivity_gap_score": null, "population_exposure": 0.024390243902439025, "school_exposure": 0.0, "healthcare_exposure": 0.0, "general_exposure": 0.024390243902439025, "education_exposure": 0.024390243902439046, "healthcare_exposure_mode": 0.024390243902439046, "score_general": null, "score_education": null, "score_healthcare": null, "priority_general": "Evidence Gap", "priority_education": "Evidence Gap", "priority_healthcare": "Evidence Gap", "decision_general": "Evidence Gap", "decision_education": "Evidence Gap", "decision_healthcare": "Evidence Gap", "analysis_status": "Evidence Gap", "evidence_label": "Evidence Gap", "evidence_strength_score": null, "evidence_gap_exposure": 0.024390243902439025, "evidence_gap_rank": 59.0, "validation_needed": false, "top5_general": false, "top5_education": false, "top5_healthcare": false, "top5_evidence_gap": false, "ai_cluster_id": null, "ai_profile": "Unclassified - Evidence Gap", "ai_profile_status": "Unclassified - insufficient connectivity observations", "ai_profile_description": "Insufficient observed connectivity data for GeoAI profiling.", "ai_profile_interpretation": "Not classified", "cluster_silhouette": null, "nearest_locality": "Kampung Seri Tiram Jaya", "nearest_locality_type": "village", "nearest_major_locality": "Kampung Seri Tiram Jaya", "nearest_major_locality_type": "village", "nearest_locality_distance_km": 4.58, "nearest_major_locality_distance_km": 4.58, "locality_source": "OpenStreetMap / Geofabrik" }, "geometry": { "type": "Polygon", "coordinates": [ [ [ 101.250168256310772, 3.453355492433106 ], [ 101.25021095332211, 3.471435411583357 ], [ 101.268203177233573, 3.471392222417448 ], [ 101.268160139536505, 3.453312528730101 ], [ 101.250168256310772, 3.453355492433106 ] ] ] } },
{ "type": "Feature", "properties": { "cell_id": "KS_106", "cell_area_km2": 4.0, "center_lon": 101.27717757212295, "center_lat": 3.4623307099088687, "study_area": "Kuala Selangor", "dataset_version": "2.0.0", "geoai_model_version": "kmeans-k3-v1", "network_tiles": 0, "network_tests": 0, "avg_download_mbps": null, "avg_upload_mbps": null, "avg_latency_ms": null, "network_data_present": false, "population": null, "population_pixels": 0, "population_data_present": false, "school_count": 0, "hospital_count": 0, "clinic_count": 0, "doctor_count": 0, "healthcare_count": 0, "download_gap": null, "upload_gap": null, "latency_gap": null, "connectivity_gap_score": null, "population_exposure": null, "school_exposure": 0.0, "healthcare_exposure": 0.0, "general_exposure": null, "education_exposure": null, "healthcare_exposure_mode": null, "score_general": null, "score_education": null, "score_healthcare": null, "priority_general": "Evidence Gap", "priority_education": "Evidence Gap", "priority_healthcare": "Evidence Gap", "decision_general": "Evidence Gap", "decision_education": "Evidence Gap", "decision_healthcare": "Evidence Gap", "analysis_status": "Evidence Gap", "evidence_label": "Evidence Gap", "evidence_strength_score": null, "evidence_gap_exposure": null, "evidence_gap_rank": null, "validation_needed": false, "top5_general": false, "top5_education": false, "top5_healthcare": false, "top5_evidence_gap": false, "ai_cluster_id": null, "ai_profile": "Unclassified - Evidence Gap", "ai_profile_status": "Unclassified - insufficient connectivity observations", "ai_profile_description": "Insufficient observed connectivity data for GeoAI profiling.", "ai_profile_interpretation": "Not classified", "cluster_silhouette": null, "nearest_locality": "Ladang Raja Musa", "nearest_locality_type": "locality", "nearest_major_locality": "Kampung Seri Tiram Jaya", "nearest_major_locality_type": "village", "nearest_locality_distance_km": 5.91, "nearest_major_locality_distance_km": 6.16, "locality_source": "OpenStreetMap / Geofabrik" }, "geometry": { "type": "Polygon", "coordinates": [ [ [ 101.268160139536505, 3.453312528730101 ], [ 101.268203177233573, 3.471392222417448 ], [ 101.286195175041655, 3.471348690016923 ], [ 101.286151796680088, 3.453269223584267 ], [ 101.268160139536505, 3.453312528730101 ] ] ] } },
{ "type": "Feature", "properties": { "cell_id": "KS_107", "cell_area_km2": 4.0, "center_lon": 101.29516928565761, "center_lat": 3.4622871199753744, "study_area": "Kuala Selangor", "dataset_version": "2.0.0", "geoai_model_version": "kmeans-k3-v1", "network_tiles": 0, "network_tests": 0, "avg_download_mbps": null, "avg_upload_mbps": null, "avg_latency_ms": null, "network_data_present": false, "population": null, "population_pixels": 0, "population_data_present": false, "school_count": 0, "hospital_count": 0, "clinic_count": 0, "doctor_count": 0, "healthcare_count": 0, "download_gap": null, "upload_gap": null, "latency_gap": null, "connectivity_gap_score": null, "population_exposure": null, "school_exposure": 0.0, "healthcare_exposure": 0.0, "general_exposure": null, "education_exposure": null, "healthcare_exposure_mode": null, "score_general": null, "score_education": null, "score_healthcare": null, "priority_general": "Evidence Gap", "priority_education": "Evidence Gap", "priority_healthcare": "Evidence Gap", "decision_general": "Evidence Gap", "decision_education": "Evidence Gap", "decision_healthcare": "Evidence Gap", "analysis_status": "Evidence Gap", "evidence_label": "Evidence Gap", "evidence_strength_score": null, "evidence_gap_exposure": null, "evidence_gap_rank": null, "validation_needed": false, "top5_general": false, "top5_education": false, "top5_healthcare": false, "top5_evidence_gap": false, "ai_cluster_id": null, "ai_profile": "Unclassified - Evidence Gap", "ai_profile_status": "Unclassified - insufficient connectivity observations", "ai_profile_description": "Insufficient observed connectivity data for GeoAI profiling.", "ai_profile_interpretation": "Not classified", "cluster_silhouette": null, "nearest_locality": "Ladang Raja Musa", "nearest_locality_type": "locality", "nearest_major_locality": "Kampung Seri Tiram Jaya", "nearest_major_locality_type": "village", "nearest_locality_distance_km": 6.04, "nearest_major_locality_distance_km": 7.93, "locality_source": "OpenStreetMap / Geofabrik" }, "geometry": { "type": "Polygon", "coordinates": [ [ [ 101.286151796680088, 3.453269223584267 ], [ 101.286195175041655, 3.471348690016923 ], [ 101.304186944956641, 3.471304814403235 ], [ 101.304143225952018, 3.453225577016945 ], [ 101.286151796680088, 3.453269223584267 ] ] ] } },
{ "type": "Feature", "properties": { "cell_id": "KS_108", "cell_area_km2": 4.0, "center_lon": 101.31316077041514, "center_lat": 3.4622431877353237, "study_area": "Kuala Selangor", "dataset_version": "2.0.0", "geoai_model_version": "kmeans-k3-v1", "network_tiles": 0, "network_tests": 0, "avg_download_mbps": null, "avg_upload_mbps": null, "avg_latency_ms": null, "network_data_present": false, "population": 0.56595402956008911, "population_pixels": 1, "population_data_present": true, "school_count": 0, "hospital_count": 0, "clinic_count": 0, "doctor_count": 0, "healthcare_count": 0, "download_gap": null, "upload_gap": null, "latency_gap": null, "connectivity_gap_score": null, "population_exposure": 0.008130081300813009, "school_exposure": 0.0, "healthcare_exposure": 0.0, "general_exposure": 0.008130081300813009, "education_exposure": 0.0081300813008130524, "healthcare_exposure_mode": 0.0081300813008130524, "score_general": null, "score_education": null, "score_healthcare": null, "priority_general": "Evidence Gap", "priority_education": "Evidence Gap", "priority_healthcare": "Evidence Gap", "decision_general": "Evidence Gap", "decision_education": "Evidence Gap", "decision_healthcare": "Evidence Gap", "analysis_status": "Evidence Gap", "evidence_label": "Evidence Gap", "evidence_strength_score": null, "evidence_gap_exposure": 0.008130081300813009, "evidence_gap_rank": 63.0, "validation_needed": false, "top5_general": false, "top5_education": false, "top5_healthcare": false, "top5_evidence_gap": false, "ai_cluster_id": null, "ai_profile": "Unclassified - Evidence Gap", "ai_profile_status": "Unclassified - insufficient connectivity observations", "ai_profile_description": "Insufficient observed connectivity data for GeoAI profiling.", "ai_profile_interpretation": "Not classified", "cluster_silhouette": null, "nearest_locality": "Ladang Raja Musa", "nearest_locality_type": "locality", "nearest_major_locality": "Kampung Seri Tiram Jaya", "nearest_major_locality_type": "village", "nearest_locality_distance_km": 6.79, "nearest_major_locality_distance_km": 9.79, "locality_source": "OpenStreetMap / Geofabrik" }, "geometry": { "type": "Polygon", "coordinates": [ [ [ 101.304143225952018, 3.453225577016945 ], [ 101.304186944956641, 3.471304814403235 ], [ 101.322178485188999, 3.471260595598002 ], [ 101.322134425562894, 3.45318158904964 ], [ 101.304143225952018, 3.453225577016945 ] ] ] } },
{ "type": "Feature", "properties": { "cell_id": "KS_109", "cell_area_km2": 4.0, "center_lon": 101.33115202460615, "center_lat": 3.4621989132103623, "study_area": "Kuala Selangor", "dataset_version": "2.0.0", "geoai_model_version": "kmeans-k3-v1", "network_tiles": 0, "network_tests": 0, "avg_download_mbps": null, "avg_upload_mbps": null, "avg_latency_ms": null, "network_data_present": false, "population": null, "population_pixels": 0, "population_data_present": false, "school_count": 0, "hospital_count": 0, "clinic_count": 0, "doctor_count": 0, "healthcare_count": 0, "download_gap": null, "upload_gap": null, "latency_gap": null, "connectivity_gap_score": null, "population_exposure": null, "school_exposure": 0.0, "healthcare_exposure": 0.0, "general_exposure": null, "education_exposure": null, "healthcare_exposure_mode": null, "score_general": null, "score_education": null, "score_healthcare": null, "priority_general": "Evidence Gap", "priority_education": "Evidence Gap", "priority_healthcare": "Evidence Gap", "decision_general": "Evidence Gap", "decision_education": "Evidence Gap", "decision_healthcare": "Evidence Gap", "analysis_status": "Evidence Gap", "evidence_label": "Evidence Gap", "evidence_strength_score": null, "evidence_gap_exposure": null, "evidence_gap_rank": null, "validation_needed": false, "top5_general": false, "top5_education": false, "top5_healthcare": false, "top5_evidence_gap": false, "ai_cluster_id": null, "ai_profile": "Unclassified - Evidence Gap", "ai_profile_status": "Unclassified - insufficient connectivity observations", "ai_profile_description": "Insufficient observed connectivity data for GeoAI profiling.", "ai_profile_interpretation": "Not classified", "cluster_silhouette": null, "nearest_locality": "Ladang Raja Musa", "nearest_locality_type": "locality", "nearest_major_locality": "Kampung Seri Tiram Jaya", "nearest_major_locality_type": "village", "nearest_locality_distance_km": 7.98, "nearest_major_locality_distance_km": 11.7, "locality_source": "OpenStreetMap / Geofabrik" }, "geometry": { "type": "Polygon", "coordinates": [ [ [ 101.322134425562894, 3.45318158904964 ], [ 101.322178485188999, 3.471260595598002 ], [ 101.340169793949258, 3.471216033623015 ], [ 101.340125393723454, 3.453137259704029 ], [ 101.322134425562894, 3.45318158904964 ] ] ] } },
{ "type": "Feature", "properties": { "cell_id": "KS_110", "cell_area_km2": 4.0, "center_lon": 101.34914304644131, "center_lat": 3.4621542964223084, "study_area": "Kuala Selangor", "dataset_version": "2.0.0", "geoai_model_version": "kmeans-k3-v1", "network_tiles": 0, "network_tests": 0, "avg_download_mbps": null, "avg_upload_mbps": null, "avg_latency_ms": null, "network_data_present": false, "population": null, "population_pixels": 0, "population_data_present": false, "school_count": 0, "hospital_count": 0, "clinic_count": 0, "doctor_count": 0, "healthcare_count": 0, "download_gap": null, "upload_gap": null, "latency_gap": null, "connectivity_gap_score": null, "population_exposure": null, "school_exposure": 0.0, "healthcare_exposure": 0.0, "general_exposure": null, "education_exposure": null, "healthcare_exposure_mode": null, "score_general": null, "score_education": null, "score_healthcare": null, "priority_general": "Evidence Gap", "priority_education": "Evidence Gap", "priority_healthcare": "Evidence Gap", "decision_general": "Evidence Gap", "decision_education": "Evidence Gap", "decision_healthcare": "Evidence Gap", "analysis_status": "Evidence Gap", "evidence_label": "Evidence Gap", "evidence_strength_score": null, "evidence_gap_exposure": null, "evidence_gap_rank": null, "validation_needed": false, "top5_general": false, "top5_education": false, "top5_healthcare": false, "top5_evidence_gap": false, "ai_cluster_id": null, "ai_profile": "Unclassified - Evidence Gap", "ai_profile_status": "Unclassified - insufficient connectivity observations", "ai_profile_description": "Insufficient observed connectivity data for GeoAI profiling.", "ai_profile_interpretation": "Not classified", "cluster_silhouette": null, "nearest_locality": "Kampung Sri Makmur", "nearest_locality_type": "hamlet", "nearest_major_locality": "Bestari Jaya", "nearest_major_locality_type": "town", "nearest_locality_distance_km": 7.44, "nearest_major_locality_distance_km": 11.52, "locality_source": "OpenStreetMap / Geofabrik" }, "geometry": { "type": "Polygon", "coordinates": [ [ [ 101.340125393723454, 3.453137259704029 ], [ 101.340169793949258, 3.471216033623015 ], [ 101.358160869448085, 3.471171128500231 ], [ 101.358116128644497, 3.453092589001953 ], [ 101.340125393723454, 3.453137259704029 ] ] ] } },
{ "type": "Feature", "properties": { "cell_id": "KS_111", "cell_area_km2": 4.0, "center_lon": 101.36713383413147, "center_lat": 3.4621093373931449, "study_area": "Kuala Selangor", "dataset_version": "2.0.0", "geoai_model_version": "kmeans-k3-v1", "network_tiles": 0, "network_tests": 0, "avg_download_mbps": null, "avg_upload_mbps": null, "avg_latency_ms": null, "network_data_present": false, "population": null, "population_pixels": 0, "population_data_present": false, "school_count": 0, "hospital_count": 0, "clinic_count": 0, "doctor_count": 0, "healthcare_count": 0, "download_gap": null, "upload_gap": null, "latency_gap": null, "connectivity_gap_score": null, "population_exposure": null, "school_exposure": 0.0, "healthcare_exposure": 0.0, "general_exposure": null, "education_exposure": null, "healthcare_exposure_mode": null, "score_general": null, "score_education": null, "score_healthcare": null, "priority_general": "Evidence Gap", "priority_education": "Evidence Gap", "priority_healthcare": "Evidence Gap", "decision_general": "Evidence Gap", "decision_education": "Evidence Gap", "decision_healthcare": "Evidence Gap", "analysis_status": "Evidence Gap", "evidence_label": "Evidence Gap", "evidence_strength_score": null, "evidence_gap_exposure": null, "evidence_gap_rank": null, "validation_needed": false, "top5_general": false, "top5_education": false, "top5_healthcare": false, "top5_evidence_gap": false, "ai_cluster_id": null, "ai_profile": "Unclassified - Evidence Gap", "ai_profile_status": "Unclassified - insufficient connectivity observations", "ai_profile_description": "Insufficient observed connectivity data for GeoAI profiling.", "ai_profile_interpretation": "Not classified", "cluster_silhouette": null, "nearest_locality": "Kampung Sri Makmur", "nearest_locality_type": "hamlet", "nearest_major_locality": "Bestari Jaya", "nearest_major_locality_type": "town", "nearest_locality_distance_km": 6.61, "nearest_major_locality_distance_km": 10.47, "locality_source": "OpenStreetMap / Geofabrik" }, "geometry": { "type": "Polygon", "coordinates": [ [ [ 101.358116128644497, 3.453092589001953 ], [ 101.358160869448085, 3.471171128500231 ], [ 101.376151709896263, 3.471125880251776 ], [ 101.376106628536988, 3.453047576965423 ], [ 101.358116128644497, 3.453092589001953 ] ] ] } },
{ "type": "Feature", "properties": { "cell_id": "KS_112", "cell_area_km2": 4.0, "center_lon": 101.38512438588748, "center_lat": 3.4620640361450219, "study_area": "Kuala Selangor", "dataset_version": "2.0.0", "geoai_model_version": "kmeans-k3-v1", "network_tiles": 0, "network_tests": 0, "avg_download_mbps": null, "avg_upload_mbps": null, "avg_latency_ms": null, "network_data_present": false, "population": null, "population_pixels": 0, "population_data_present": false, "school_count": 0, "hospital_count": 0, "clinic_count": 0, "doctor_count": 0, "healthcare_count": 0, "download_gap": null, "upload_gap": null, "latency_gap": null, "connectivity_gap_score": null, "population_exposure": null, "school_exposure": 0.0, "healthcare_exposure": 0.0, "general_exposure": null, "education_exposure": null, "healthcare_exposure_mode": null, "score_general": null, "score_education": null, "score_healthcare": null, "priority_general": "Evidence Gap", "priority_education": "Evidence Gap", "priority_healthcare": "Evidence Gap", "decision_general": "Evidence Gap", "decision_education": "Evidence Gap", "decision_healthcare": "Evidence Gap", "analysis_status": "Evidence Gap", "evidence_label": "Evidence Gap", "evidence_strength_score": null, "evidence_gap_exposure": null, "evidence_gap_rank": null, "validation_needed": false, "top5_general": false, "top5_education": false, "top5_healthcare": false, "top5_evidence_gap": false, "ai_cluster_id": null, "ai_profile": "Unclassified - Evidence Gap", "ai_profile_status": "Unclassified - insufficient connectivity observations", "ai_profile_description": "Insufficient observed connectivity data for GeoAI profiling.", "ai_profile_interpretation": "Not classified", "cluster_silhouette": null, "nearest_locality": "Kampung Sri Makmur", "nearest_locality_type": "hamlet", "nearest_major_locality": "Bestari Jaya", "nearest_major_locality_type": "town", "nearest_locality_distance_km": 6.33, "nearest_major_locality_distance_km": 9.71, "locality_source": "OpenStreetMap / Geofabrik" }, "geometry": { "type": "Polygon", "coordinates": [ [ [ 101.376106628536988, 3.453047576965423 ], [ 101.376151709896263, 3.471125880251776 ], [ 101.394142313504716, 3.471080288899944 ], [ 101.394096891611994, 3.453002223616615 ], [ 101.376106628536988, 3.453047576965423 ] ] ] } },
{ "type": "Feature", "properties": { "cell_id": "KS_113", "cell_area_km2": 4.0, "center_lon": 101.40311469992047, "center_lat": 3.4620183927002626, "study_area": "Kuala Selangor", "dataset_version": "2.0.0", "geoai_model_version": "kmeans-k3-v1", "network_tiles": 0, "network_tests": 0, "avg_download_mbps": null, "avg_upload_mbps": null, "avg_latency_ms": null, "network_data_present": false, "population": 2.4954539425671101, "population_pixels": 5, "population_data_present": true, "school_count": 0, "hospital_count": 0, "clinic_count": 0, "doctor_count": 0, "healthcare_count": 0, "download_gap": null, "upload_gap": null, "latency_gap": null, "connectivity_gap_score": null, "population_exposure": 0.028455284552845527, "school_exposure": 0.0, "healthcare_exposure": 0.0, "general_exposure": 0.028455284552845527, "education_exposure": 0.028455284552845517, "healthcare_exposure_mode": 0.028455284552845517, "score_general": null, "score_education": null, "score_healthcare": null, "priority_general": "Evidence Gap", "priority_education": "Evidence Gap", "priority_healthcare": "Evidence Gap", "decision_general": "Evidence Gap", "decision_education": "Evidence Gap", "decision_healthcare": "Evidence Gap", "analysis_status": "Evidence Gap", "evidence_label": "Evidence Gap", "evidence_strength_score": null, "evidence_gap_exposure": 0.028455284552845527, "evidence_gap_rank": 58.0, "validation_needed": false, "top5_general": false, "top5_education": false, "top5_healthcare": false, "top5_evidence_gap": false, "ai_cluster_id": null, "ai_profile": "Unclassified - Evidence Gap", "ai_profile_status": "Unclassified - insufficient connectivity observations", "ai_profile_description": "Insufficient observed connectivity data for GeoAI profiling.", "ai_profile_interpretation": "Not classified", "cluster_silhouette": null, "nearest_locality": "Sime Darby Plantation Ladang Tennamaram", "nearest_locality_type": "hamlet", "nearest_major_locality": "Bestari Jaya", "nearest_major_locality_type": "town", "nearest_locality_distance_km": 6.23, "nearest_major_locality_distance_km": 9.33, "locality_source": "OpenStreetMap / Geofabrik" }, "geometry": { "type": "Polygon", "coordinates": [ [ [ 101.394096891611994, 3.453002223616615 ], [ 101.394142313504716, 3.471080288899944 ], [ 101.412132678484426, 3.471034354467197 ], [ 101.41208691608071, 3.452956528977876 ], [ 101.394096891611994, 3.453002223616615 ] ] ] } },
{ "type": "Feature", "properties": { "cell_id": "KS_114", "cell_area_km2": 4.0, "center_lon": 101.42110477444152, "center_lat": 3.4619724070813511, "study_area": "Kuala Selangor", "dataset_version": "2.0.0", "geoai_model_version": "kmeans-k3-v1", "network_tiles": 0, "network_tests": 0, "avg_download_mbps": null, "avg_upload_mbps": null, "avg_latency_ms": null, "network_data_present": false, "population": 25.828927092254162, "population_pixels": 41, "population_data_present": true, "school_count": 0, "hospital_count": 0, "clinic_count": 0, "doctor_count": 0, "healthcare_count": 0, "download_gap": null, "upload_gap": null, "latency_gap": null, "connectivity_gap_score": null, "population_exposure": 0.093495934959349589, "school_exposure": 0.0, "healthcare_exposure": 0.0, "general_exposure": 0.093495934959349589, "education_exposure": 0.093495934959349603, "healthcare_exposure_mode": 0.093495934959349603, "score_general": null, "score_education": null, "score_healthcare": null, "priority_general": "Evidence Gap", "priority_education": "Evidence Gap", "priority_healthcare": "Evidence Gap", "decision_general": "Evidence Gap", "decision_education": "Evidence Gap", "decision_healthcare": "Evidence Gap", "analysis_status": "Evidence Gap", "evidence_label": "Evidence Gap", "evidence_strength_score": null, "evidence_gap_exposure": 0.093495934959349589, "evidence_gap_rank": 45.0, "validation_needed": false, "top5_general": false, "top5_education": false, "top5_healthcare": false, "top5_evidence_gap": false, "ai_cluster_id": null, "ai_profile": "Unclassified - Evidence Gap", "ai_profile_status": "Unclassified - insufficient connectivity observations", "ai_profile_description": "Insufficient observed connectivity data for GeoAI profiling.", "ai_profile_interpretation": "Not classified", "cluster_silhouette": null, "nearest_locality": "Sime Darby Plantation Ladang Tennamaram", "nearest_locality_type": "hamlet", "nearest_major_locality": "Bestari Jaya", "nearest_major_locality_type": "town", "nearest_locality_distance_km": 4.31, "nearest_major_locality_distance_km": 9.37, "locality_source": "OpenStreetMap / Geofabrik" }, "geometry": { "type": "Polygon", "coordinates": [ [ [ 101.41208691608071, 3.452956528977876 ], [ 101.412132678484426, 3.471034354467197 ], [ 101.43012280304653, 3.470988076976168 ], [ 101.430076700154402, 3.452910493071715 ], [ 101.41208691608071, 3.452956528977876 ] ] ] } },
{ "type": "Feature", "properties": { "cell_id": "KS_115", "cell_area_km2": 4.0, "center_lon": 101.43909460766194, "center_lat": 3.461926079310945, "study_area": "Kuala Selangor", "dataset_version": "2.0.0", "geoai_model_version": "kmeans-k3-v1", "network_tiles": 0, "network_tests": 0, "avg_download_mbps": null, "avg_upload_mbps": null, "avg_latency_ms": null, "network_data_present": false, "population": 43.433643887750804, "population_pixels": 42, "population_data_present": true, "school_count": 0, "hospital_count": 0, "clinic_count": 0, "doctor_count": 0, "healthcare_count": 0, "download_gap": null, "upload_gap": null, "latency_gap": null, "connectivity_gap_score": null, "population_exposure": 0.13821138211382114, "school_exposure": 0.0, "healthcare_exposure": 0.0, "general_exposure": 0.13821138211382114, "education_exposure": 0.13821138211382111, "healthcare_exposure_mode": 0.13821138211382111, "score_general": null, "score_education": null, "score_healthcare": null, "priority_general": "Evidence Gap", "priority_education": "Evidence Gap", "priority_healthcare": "Evidence Gap", "decision_general": "Evidence Gap", "decision_education": "Evidence Gap", "decision_healthcare": "Evidence Gap", "analysis_status": "Evidence Gap", "evidence_label": "Evidence Gap", "evidence_strength_score": null, "evidence_gap_exposure": 0.13821138211382114, "evidence_gap_rank": 38.0, "validation_needed": false, "top5_general": false, "top5_education": false, "top5_healthcare": false, "top5_evidence_gap": false, "ai_cluster_id": null, "ai_profile": "Unclassified - Evidence Gap", "ai_profile_status": "Unclassified - insufficient connectivity observations", "ai_profile_description": "Insufficient observed connectivity data for GeoAI profiling.", "ai_profile_interpretation": "Not classified", "cluster_silhouette": null, "nearest_locality": "Sime Darby Plantation Ladang Tennamaram", "nearest_locality_type": "hamlet", "nearest_major_locality": "Bestari Jaya", "nearest_major_locality_type": "town", "nearest_locality_distance_km": 2.52, "nearest_major_locality_distance_km": 9.82, "locality_source": "OpenStreetMap / Geofabrik" }, "geometry": { "type": "Polygon", "coordinates": [ [ [ 101.430076700154402, 3.452910493071715 ], [ 101.43012280304653, 3.470988076976168 ], [ 101.448112685402307, 3.470941456449653 ], [ 101.448066242044533, 3.452864115920814 ], [ 101.430076700154402, 3.452910493071715 ] ] ] } },
{ "type": "Feature", "properties": { "cell_id": "KS_116", "cell_area_km2": 3.3958035952793435, "center_lon": 101.45572555060956, "center_lat": 3.4618829460783203, "study_area": "Kuala Selangor", "dataset_version": "2.0.0", "geoai_model_version": "kmeans-k3-v1", "network_tiles": 0, "network_tests": 0, "avg_download_mbps": null, "avg_upload_mbps": null, "avg_latency_ms": null, "network_data_present": false, "population": 68.040053023956716, "population_pixels": 74, "population_data_present": true, "school_count": 0, "hospital_count": 0, "clinic_count": 0, "doctor_count": 0, "healthcare_count": 0, "download_gap": null, "upload_gap": null, "latency_gap": null, "connectivity_gap_score": null, "population_exposure": 0.17886178861788618, "school_exposure": 0.0, "healthcare_exposure": 0.0, "general_exposure": 0.17886178861788618, "education_exposure": 0.17886178861788615, "healthcare_exposure_mode": 0.17886178861788615, "score_general": null, "score_education": null, "score_healthcare": null, "priority_general": "Evidence Gap", "priority_education": "Evidence Gap", "priority_healthcare": "Evidence Gap", "decision_general": "Evidence Gap", "decision_education": "Evidence Gap", "decision_healthcare": "Evidence Gap", "analysis_status": "Evidence Gap", "evidence_label": "Evidence Gap", "evidence_strength_score": null, "evidence_gap_exposure": 0.17886178861788618, "evidence_gap_rank": 32.0, "validation_needed": false, "top5_general": false, "top5_education": false, "top5_healthcare": false, "top5_evidence_gap": false, "ai_cluster_id": null, "ai_profile": "Unclassified - Evidence Gap", "ai_profile_status": "Unclassified - insufficient connectivity observations", "ai_profile_description": "Insufficient observed connectivity data for GeoAI profiling.", "ai_profile_interpretation": "Not classified", "cluster_silhouette": null, "nearest_locality": "Sime Darby Plantation Ladang Tennamaram", "nearest_locality_type": "hamlet", "nearest_major_locality": "Bestari Jaya", "nearest_major_locality_type": "town", "nearest_locality_distance_km": 1.5, "nearest_major_locality_distance_km": 10.61, "locality_source": "OpenStreetMap / Geofabrik" }, "geometry": { "type": "Polygon", "coordinates": [ [ [ 101.448066242044533, 3.452864115920814 ], [ 101.448112685402307, 3.470941456449653 ], [ 101.465521163671013, 3.470896015451714 ], [ 101.461202182459417, 3.452830035434781 ], [ 101.448066242044533, 3.452864115920814 ] ] ] } },
{ "type": "Feature", "properties": { "cell_id": "KS_117", "cell_area_km2": 2.1837235395034047, "center_lon": 101.12067183704741, "center_lat": 3.4586968128935531, "study_area": "Kuala Selangor", "dataset_version": "2.0.0", "geoai_model_version": "kmeans-k3-v1", "network_tiles": 0, "network_tests": 0, "avg_download_mbps": null, "avg_upload_mbps": null, "avg_latency_ms": null, "network_data_present": false, "population": 432.23046024795622, "population_pixels": 137, "population_data_present": true, "school_count": 0, "hospital_count": 0, "clinic_count": 0, "doctor_count": 0, "healthcare_count": 0, "download_gap": null, "upload_gap": null, "latency_gap": null, "connectivity_gap_score": null, "population_exposure": 0.41869918699186992, "school_exposure": 0.0, "healthcare_exposure": 0.0, "general_exposure": 0.41869918699186992, "education_exposure": 0.41869918699186992, "healthcare_exposure_mode": 0.41869918699186992, "score_general": null, "score_education": null, "score_healthcare": null, "priority_general": "Evidence Gap", "priority_education": "Evidence Gap", "priority_healthcare": "Evidence Gap", "decision_general": "Evidence Gap", "decision_education": "Evidence Gap", "decision_healthcare": "Evidence Gap", "analysis_status": "Evidence Gap", "evidence_label": "Evidence Gap", "evidence_strength_score": null, "evidence_gap_exposure": 0.41869918699186992, "evidence_gap_rank": 8.0, "validation_needed": false, "top5_general": false, "top5_education": false, "top5_healthcare": false, "top5_evidence_gap": false, "ai_cluster_id": null, "ai_profile": "Unclassified - Evidence Gap", "ai_profile_status": "Unclassified - insufficient connectivity observations", "ai_profile_description": "Insufficient observed connectivity data for GeoAI profiling.", "ai_profile_interpretation": "Not classified", "cluster_silhouette": null, "nearest_locality": "Kampung Parit 3", "nearest_locality_type": "hamlet", "nearest_major_locality": "Tanjong Karang", "nearest_major_locality_type": "town", "nearest_locality_distance_km": 3.11, "nearest_major_locality_distance_km": 7.64, "locality_source": "OpenStreetMap / Geofabrik" }, "geometry": { "type": "Polygon", "coordinates": [ [ [ 101.12421889377292, 3.453646676197626 ], [ 101.124209170965656, 3.449271317188153 ], [ 101.118837016775331, 3.453658745232621 ], [ 101.117985221000083, 3.454354401000046 ], [ 101.116241887000072, 3.463055191000024 ], [ 101.109261648524864, 3.471761855193523 ], [ 101.124259205403007, 3.471728123408884 ], [ 101.12421889377292, 3.453646676197626 ] ] ] } },
{ "type": "Feature", "properties": { "cell_id": "KS_118", "cell_area_km2": 2.2126315108391168, "center_lon": 101.13677199041078, "center_lat": 3.4450612705770189, "study_area": "Kuala Selangor", "dataset_version": "2.0.0", "geoai_model_version": "kmeans-k3-v1", "network_tiles": 2, "network_tests": 7, "avg_download_mbps": 46.027571428571427, "avg_upload_mbps": 3.6578571428571425, "avg_latency_ms": 28.714285714285715, "network_data_present": true, "population": 728.94867335725576, "population_pixels": 181, "population_data_present": true, "school_count": 0, "hospital_count": 0, "clinic_count": 0, "doctor_count": 0, "healthcare_count": 0, "download_gap": 0.69780219780219777, "upload_gap": 0.82967032967032961, "latency_gap": 0.79120879120879117, "connectivity_gap_score": 77.289377289377285, "population_exposure": 0.50406504065040647, "school_exposure": 0.0, "healthcare_exposure": 0.0, "general_exposure": 0.50406504065040647, "education_exposure": 0.50406504065040647, "healthcare_exposure_mode": 0.50406504065040647, "score_general": 38.958873105214565, "score_education": 38.958873105214565, "score_healthcare": 38.958873105214565, "priority_general": "Medium", "priority_education": "Medium", "priority_healthcare": "Medium", "decision_general": "Monitor / investigate", "decision_education": "Monitor / investigate", "decision_healthcare": "Monitor / investigate", "analysis_status": "Observed", "evidence_label": "Moderate", "evidence_strength_score": 32.417582417582416, "evidence_gap_exposure": 0.50406504065040647, "evidence_gap_rank": null, "validation_needed": false, "top5_general": false, "top5_education": false, "top5_healthcare": false, "top5_evidence_gap": false, "ai_cluster_id": 2.0, "ai_profile": "Connectivity-Constrained Areas", "ai_profile_status": "GeoAI classified", "ai_profile_description": "Areas characterised by comparatively lower download and upload performance, higher connectivity gaps, lower population density, and relatively few mapped essential-service facilities.", "ai_profile_interpretation": "Distinct recurring profile", "cluster_silhouette": 0.48951399836238396, "nearest_locality": "Kampung Melaka", "nearest_locality_type": "hamlet", "nearest_major_locality": "Tanjong Karang", "nearest_major_locality_type": "town", "nearest_locality_distance_km": 2.52, "nearest_major_locality_distance_km": 5.27, "locality_source": "OpenStreetMap / Geofabrik" }, "geometry": { "type": "Polygon", "coordinates": [ [ [ 101.12421889377292, 3.453646676197626 ], [ 101.142212309458017, 3.453606103177847 ], [ 101.142171870550598, 3.435524861517667 ], [ 101.141989215483662, 3.435525272939256 ], [ 101.138324110000042, 3.441013035000025 ], [ 101.124377443000071, 3.449133889000051 ], [ 101.124209170965656, 3.449271317188153 ], [ 101.12421889377292, 3.453646676197626 ] ] ] } },
{ "type": "Feature", "properties": { "cell_id": "KS_119", "cell_area_km2": 4.0, "center_lon": 101.15118860631576, "center_lat": 3.4445451222236532, "study_area": "Kuala Selangor", "dataset_version": "2.0.0", "geoai_model_version": "kmeans-k3-v1", "network_tiles": 7, "network_tests": 36, "avg_download_mbps": 251.39783333333335, "avg_upload_mbps": 31.928, "avg_latency_ms": 43.833333333333336, "network_data_present": true, "population": 2827.810190808028, "population_pixels": 434, "population_data_present": true, "school_count": 0, "hospital_count": 0, "clinic_count": 0, "doctor_count": 0, "healthcare_count": 0, "download_gap": 0.13186813186813184, "upload_gap": 0.15934065934065933, "latency_gap": 0.9285714285714286, "connectivity_gap_score": 40.659340659340664, "population_exposure": 0.85772357723577231, "school_exposure": 0.0, "healthcare_exposure": 0.0, "general_exposure": 0.85772357723577231, "education_exposure": 0.85772357723577231, "healthcare_exposure_mode": 0.85772357723577231, "score_general": 34.874475118377561, "score_education": 34.874475118377561, "score_healthcare": 34.874475118377561, "priority_general": "Medium", "priority_education": "Medium", "priority_healthcare": "Medium", "decision_general": "Monitor / investigate", "decision_education": "Monitor / investigate", "decision_healthcare": "Monitor / investigate", "analysis_status": "Observed", "evidence_label": "Good", "evidence_strength_score": 68.681318681318686, "evidence_gap_exposure": 0.85772357723577231, "evidence_gap_rank": null, "validation_needed": false, "top5_general": false, "top5_education": false, "top5_healthcare": false, "top5_evidence_gap": false, "ai_cluster_id": 0.0, "ai_profile": "Strong-Connectivity Areas", "ai_profile_status": "GeoAI classified", "ai_profile_description": "Areas characterised by comparatively strong mobile download and upload performance, lower latency, moderate population exposure, and relatively few mapped essential-service facilities.", "ai_profile_interpretation": "Distinct recurring profile", "cluster_silhouette": 0.32549013327047854, "nearest_locality": "Kampung Melaka", "nearest_locality_type": "hamlet", "nearest_major_locality": "Tanjong Karang", "nearest_major_locality_type": "town", "nearest_locality_distance_km": 0.75, "nearest_major_locality_distance_km": 3.56, "locality_source": "OpenStreetMap / Geofabrik" }, "geometry": { "type": "Polygon", "coordinates": [ [ [ 101.142171870550598, 3.435524861517667 ], [ 101.142212309458017, 3.453606103177847 ], [ 101.160205511590661, 3.453565188570555 ], [ 101.160164733663748, 3.435484161612476 ], [ 101.142171870550598, 3.435524861517667 ] ] ] } },
{ "type": "Feature", "properties": { "cell_id": "KS_120", "cell_area_km2": 4.0, "center_lon": 101.1691815312723, "center_lat": 3.4445041446302831, "study_area": "Kuala Selangor", "dataset_version": "2.0.0", "geoai_model_version": "kmeans-k3-v1", "network_tiles": 6, "network_tests": 16, "avg_download_mbps": 19.3865, "avg_upload_mbps": 3.584875, "avg_latency_ms": 25.75, "network_data_present": true, "population": 1962.1912452485412, "population_pixels": 430, "population_data_present": true, "school_count": 0, "hospital_count": 0, "clinic_count": 0, "doctor_count": 0, "healthcare_count": 0, "download_gap": 0.86263736263736268, "upload_gap": 0.8351648351648352, "latency_gap": 0.67307692307692313, "connectivity_gap_score": 79.029304029304043, "population_exposure": 0.79268292682926833, "school_exposure": 0.0, "healthcare_exposure": 0.0, "general_exposure": 0.79268292682926833, "education_exposure": 0.79268292682926833, "healthcare_exposure_mode": 0.79268292682926833, "score_general": 62.645180023228818, "score_education": 62.645180023228818, "score_healthcare": 62.645180023228818, "priority_general": "High", "priority_education": "High", "priority_healthcare": "High", "decision_general": "High priority - supported", "decision_education": "High priority - supported", "decision_healthcare": "High priority - supported", "analysis_status": "Observed", "evidence_label": "Good", "evidence_strength_score": 51.648351648351657, "evidence_gap_exposure": 0.79268292682926833, "evidence_gap_rank": null, "validation_needed": false, "top5_general": true, "top5_education": false, "top5_healthcare": false, "top5_evidence_gap": false, "ai_cluster_id": 2.0, "ai_profile": "Connectivity-Constrained Areas", "ai_profile_status": "GeoAI classified", "ai_profile_description": "Areas characterised by comparatively lower download and upload performance, higher connectivity gaps, lower population density, and relatively few mapped essential-service facilities.", "ai_profile_interpretation": "Distinct recurring profile", "cluster_silhouette": 0.40434748213654842, "nearest_locality": "Kampung Haji Razali", "nearest_locality_type": "hamlet", "nearest_major_locality": "Tanjong Karang", "nearest_major_locality_type": "town", "nearest_locality_distance_km": 0.74, "nearest_major_locality_distance_km": 2.32, "locality_source": "OpenStreetMap / Geofabrik" }, "geometry": { "type": "Polygon", "coordinates": [ [ [ 101.160164733663748, 3.435484161612476 ], [ 101.160205511590661, 3.453565188570555 ], [ 101.178198498380539, 3.453523932395919 ], [ 101.178157381454298, 3.435443121932319 ], [ 101.160164733663748, 3.435484161612476 ] ] ] } },
{ "type": "Feature", "properties": { "cell_id": "KS_121", "cell_area_km2": 4.0, "center_lon": 101.18717424000114, "center_lat": 3.444462826375883, "study_area": "Kuala Selangor", "dataset_version": "2.0.0", "geoai_model_version": "kmeans-k3-v1", "network_tiles": 5, "network_tests": 24, "avg_download_mbps": 98.14475, "avg_upload_mbps": 11.627625, "avg_latency_ms": 28.333333333333332, "network_data_present": true, "population": 1600.4562944024801, "population_pixels": 325, "population_data_present": true, "school_count": 0, "hospital_count": 0, "clinic_count": 0, "doctor_count": 0, "healthcare_count": 0, "download_gap": 0.49450549450549453, "upload_gap": 0.63736263736263732, "latency_gap": 0.78021978021978022, "connectivity_gap_score": 63.73626373626373, "population_exposure": 0.73983739837398377, "school_exposure": 0.0, "healthcare_exposure": 0.0, "general_exposure": 0.73983739837398377, "education_exposure": 0.73983739837398377, "healthcare_exposure_mode": 0.73983739837398377, "score_general": 47.154471544715449, "score_education": 47.154471544715449, "score_healthcare": 47.154471544715449, "priority_general": "High", "priority_education": "High", "priority_healthcare": "High", "decision_general": "High priority - supported", "decision_education": "High priority - supported", "decision_healthcare": "High priority - supported", "analysis_status": "Observed", "evidence_label": "Good", "evidence_strength_score": 62.912087912087912, "evidence_gap_exposure": 0.73983739837398377, "evidence_gap_rank": null, "validation_needed": false, "top5_general": false, "top5_education": false, "top5_healthcare": false, "top5_evidence_gap": false, "ai_cluster_id": 2.0, "ai_profile": "Connectivity-Constrained Areas", "ai_profile_status": "GeoAI classified", "ai_profile_description": "Areas characterised by comparatively lower download and upload performance, higher connectivity gaps, lower population density, and relatively few mapped essential-service facilities.", "ai_profile_interpretation": "Distinct recurring profile", "cluster_silhouette": 0.24150352010145726, "nearest_locality": "Kampung Kunci Air Buang", "nearest_locality_type": "hamlet", "nearest_major_locality": "Tanjong Karang", "nearest_major_locality_type": "town", "nearest_locality_distance_km": 0.86, "nearest_major_locality_distance_km": 2.47, "locality_source": "OpenStreetMap / Geofabrik" }, "geometry": { "type": "Polygon", "coordinates": [ [ [ 101.178157381454298, 3.435443121932319 ], [ 101.178198498380539, 3.453523932395919 ], [ 101.196191268037509, 3.453482334674271 ], [ 101.196149812132248, 3.435401742497423 ], [ 101.178157381454298, 3.435443121932319 ] ] ] } },
{ "type": "Feature", "properties": { "cell_id": "KS_122", "cell_area_km2": 4.0, "center_lon": 101.20516673071224, "center_lat": 3.4444211674808183, "study_area": "Kuala Selangor", "dataset_version": "2.0.0", "geoai_model_version": "kmeans-k3-v1", "network_tiles": 4, "network_tests": 13, "avg_download_mbps": 45.031307692307692, "avg_upload_mbps": 4.960461538461538, "avg_latency_ms": 43.307692307692307, "network_data_present": true, "population": 1517.9486293899827, "population_pixels": 413, "population_data_present": true, "school_count": 1, "hospital_count": 0, "clinic_count": 0, "doctor_count": 0, "healthcare_count": 0, "download_gap": 0.70879120879120872, "upload_gap": 0.79120879120879117, "latency_gap": 0.92307692307692313, "connectivity_gap_score": 80.769230769230788, "population_exposure": 0.71951219512195119, "school_exposure": 0.30172413793103448, "healthcare_exposure": 0.0, "general_exposure": 0.71951219512195119, "education_exposure": 0.8041421362489487, "healthcare_exposure_mode": 0.71951219512195119, "score_general": 58.114446529080688, "score_education": 64.949941773953555, "score_healthcare": 58.114446529080688, "priority_general": "High", "priority_education": "High", "priority_healthcare": "High", "decision_general": "High priority - validate evidence", "decision_education": "High priority - validate evidence", "decision_healthcare": "High priority - validate evidence", "analysis_status": "Observed", "evidence_label": "Moderate", "evidence_strength_score": 46.428571428571431, "evidence_gap_exposure": 0.8041421362489487, "evidence_gap_rank": null, "validation_needed": true, "top5_general": false, "top5_education": false, "top5_healthcare": false, "top5_evidence_gap": false, "ai_cluster_id": 2.0, "ai_profile": "Connectivity-Constrained Areas", "ai_profile_status": "GeoAI classified", "ai_profile_description": "Areas characterised by comparatively lower download and upload performance, higher connectivity gaps, lower population density, and relatively few mapped essential-service facilities.", "ai_profile_interpretation": "Distinct recurring profile", "cluster_silhouette": 0.34893931282849816, "nearest_locality": "Kampung Kunci Air Buang", "nearest_locality_type": "hamlet", "nearest_major_locality": "Kampung Sungai Gulang-Gulang", "nearest_major_locality_type": "village", "nearest_locality_distance_km": 2.22, "nearest_major_locality_distance_km": 2.41, "locality_source": "OpenStreetMap / Geofabrik" }, "geometry": { "type": "Polygon", "coordinates": [ [ [ 101.196149812132248, 3.435401742497423 ], [ 101.196191268037509, 3.453482334674271 ], [ 101.214183818771474, 3.453440395426112 ], [ 101.214142023907669, 3.43536002332818 ], [ 101.196149812132248, 3.435401742497423 ] ] ] } },
{ "type": "Feature", "properties": { "cell_id": "KS_123", "cell_area_km2": 4.0, "center_lon": 101.22315900161563, "center_lat": 3.4443791679656193, "study_area": "Kuala Selangor", "dataset_version": "2.0.0", "geoai_model_version": "kmeans-k3-v1", "network_tiles": 6, "network_tests": 19, "avg_download_mbps": 173.55978947368422, "avg_upload_mbps": 14.775421052631579, "avg_latency_ms": 17.684210526315791, "network_data_present": true, "population": 799.32837697863579, "population_pixels": 440, "population_data_present": true, "school_count": 0, "hospital_count": 0, "clinic_count": 0, "doctor_count": 0, "healthcare_count": 0, "download_gap": 0.2857142857142857, "upload_gap": 0.5714285714285714, "latency_gap": 0.15384615384615385, "connectivity_gap_score": 33.699633699633694, "population_exposure": 0.52439024390243905, "school_exposure": 0.0, "healthcare_exposure": 0.0, "general_exposure": 0.52439024390243905, "education_exposure": 0.52439024390243905, "healthcare_exposure_mode": 0.52439024390243905, "score_general": 17.671759135173769, "score_education": 17.671759135173769, "score_healthcare": 17.671759135173769, "priority_general": "Medium", "priority_education": "Medium", "priority_healthcare": "Medium", "decision_general": "Monitor / investigate", "decision_education": "Monitor / investigate", "decision_healthcare": "Monitor / investigate", "analysis_status": "Observed", "evidence_label": "Good", "evidence_strength_score": 56.043956043956044, "evidence_gap_exposure": 0.52439024390243905, "evidence_gap_rank": null, "validation_needed": false, "top5_general": false, "top5_education": false, "top5_healthcare": false, "top5_evidence_gap": false, "ai_cluster_id": 0.0, "ai_profile": "Strong-Connectivity Areas", "ai_profile_status": "GeoAI classified", "ai_profile_description": "Areas characterised by comparatively strong mobile download and upload performance, lower latency, moderate population exposure, and relatively few mapped essential-service facilities.", "ai_profile_interpretation": "Distinct recurring profile", "cluster_silhouette": 0.064138861442417247, "nearest_locality": "Kampung Seri Tiram Jaya", "nearest_locality_type": "village", "nearest_major_locality": "Kampung Seri Tiram Jaya", "nearest_major_locality_type": "village", "nearest_locality_distance_km": 1.44, "nearest_major_locality_distance_km": 1.44, "locality_source": "OpenStreetMap / Geofabrik" }, "geometry": { "type": "Polygon", "coordinates": [ [ [ 101.214142023907669, 3.43536002332818 ], [ 101.214183818771474, 3.453440395426112 ], [ 101.232176148792519, 3.453398114672112 ], [ 101.232134014990805, 3.435317964445151 ], [ 101.214142023907669, 3.43536002332818 ] ] ] } },
{ "type": "Feature", "properties": { "cell_id": "KS_124", "cell_area_km2": 4.0, "center_lon": 101.24115105092152, "center_lat": 3.4443368278509845, "study_area": "Kuala Selangor", "dataset_version": "2.0.0", "geoai_model_version": "kmeans-k3-v1", "network_tiles": 6, "network_tests": 24, "avg_download_mbps": 300.47495833333329, "avg_upload_mbps": 50.822916666666664, "avg_latency_ms": 18.333333333333332, "network_data_present": true, "population": 1637.2792073183227, "population_pixels": 367, "population_data_present": true, "school_count": 0, "hospital_count": 0, "clinic_count": 0, "doctor_count": 0, "healthcare_count": 0, "download_gap": 0.054945054945054972, "upload_gap": 0.032967032967032961, "latency_gap": 0.2032967032967033, "connectivity_gap_score": 9.706959706959708, "population_exposure": 0.74796747967479671, "school_exposure": 0.0, "healthcare_exposure": 0.0, "general_exposure": 0.74796747967479671, "education_exposure": 0.74796747967479671, "healthcare_exposure_mode": 0.74796747967479671, "score_general": 7.2604901873194558, "score_education": 7.2604901873194558, "score_healthcare": 7.2604901873194558, "priority_general": "Low", "priority_education": "Low", "priority_healthcare": "Low", "decision_general": "Lower relative priority", "decision_education": "Lower relative priority", "decision_healthcare": "Lower relative priority", "analysis_status": "Observed", "evidence_label": "Good", "evidence_strength_score": 62.912087912087912, "evidence_gap_exposure": 0.74796747967479671, "evidence_gap_rank": null, "validation_needed": false, "top5_general": false, "top5_education": false, "top5_healthcare": false, "top5_evidence_gap": false, "ai_cluster_id": 0.0, "ai_profile": "Strong-Connectivity Areas", "ai_profile_status": "GeoAI classified", "ai_profile_description": "Areas characterised by comparatively strong mobile download and upload performance, lower latency, moderate population exposure, and relatively few mapped essential-service facilities.", "ai_profile_interpretation": "Distinct recurring profile", "cluster_silhouette": 0.48513836657709847, "nearest_locality": "Kampung Seri Tiram Jaya", "nearest_locality_type": "village", "nearest_major_locality": "Kampung Seri Tiram Jaya", "nearest_major_locality_type": "village", "nearest_locality_distance_km": 1.75, "nearest_major_locality_distance_km": 1.75, "locality_source": "OpenStreetMap / Geofabrik" }, "geometry": { "type": "Polygon", "coordinates": [ [ [ 101.232134014990805, 3.435317964445151 ], [ 101.232176148792519, 3.453398114672112 ], [ 101.250168256310772, 3.453355492433106 ], [ 101.250125783591969, 3.435275565869063 ], [ 101.232134014990805, 3.435317964445151 ] ] ] } },
{ "type": "Feature", "properties": { "cell_id": "KS_125", "cell_area_km2": 4.0, "center_lon": 101.2591428768402, "center_lat": 3.4442941471577799, "study_area": "Kuala Selangor", "dataset_version": "2.0.0", "geoai_model_version": "kmeans-k3-v1", "network_tiles": 5, "network_tests": 9, "avg_download_mbps": 61.06688888888889, "avg_upload_mbps": 10.455111111111112, "avg_latency_ms": 27.111111111111111, "network_data_present": true, "population": 924.23911199811846, "population_pixels": 307, "population_data_present": true, "school_count": 0, "hospital_count": 0, "clinic_count": 0, "doctor_count": 0, "healthcare_count": 0, "download_gap": 0.63186813186813184, "upload_gap": 0.65384615384615385, "latency_gap": 0.7142857142857143, "connectivity_gap_score": 66.666666666666657, "population_exposure": 0.57723577235772361, "school_exposure": 0.0, "healthcare_exposure": 0.0, "general_exposure": 0.57723577235772361, "education_exposure": 0.57723577235772361, "healthcare_exposure_mode": 0.57723577235772361, "score_general": 38.482384823848236, "score_education": 38.482384823848236, "score_healthcare": 38.482384823848236, "priority_general": "Medium", "priority_education": "Medium", "priority_healthcare": "Medium", "decision_general": "Monitor / investigate", "decision_education": "Monitor / investigate", "decision_healthcare": "Monitor / investigate", "analysis_status": "Observed", "evidence_label": "Moderate", "evidence_strength_score": 39.835164835164832, "evidence_gap_exposure": 0.57723577235772361, "evidence_gap_rank": null, "validation_needed": false, "top5_general": false, "top5_education": false, "top5_healthcare": false, "top5_evidence_gap": false, "ai_cluster_id": 2.0, "ai_profile": "Connectivity-Constrained Areas", "ai_profile_status": "GeoAI classified", "ai_profile_description": "Areas characterised by comparatively lower download and upload performance, higher connectivity gaps, lower population density, and relatively few mapped essential-service facilities.", "ai_profile_interpretation": "Distinct recurring profile", "cluster_silhouette": 0.40515184892101863, "nearest_locality": "Kampung Seri Tiram Jaya", "nearest_locality_type": "village", "nearest_major_locality": "Kampung Seri Tiram Jaya", "nearest_major_locality_type": "village", "nearest_locality_distance_km": 3.47, "nearest_major_locality_distance_km": 3.47, "locality_source": "OpenStreetMap / Geofabrik" }, "geometry": { "type": "Polygon", "coordinates": [ [ [ 101.250125783591969, 3.435275565869063 ], [ 101.250168256310772, 3.453355492433106 ], [ 101.268160139536505, 3.453312528730101 ], [ 101.268117327921587, 3.435232827620808 ], [ 101.250125783591969, 3.435275565869063 ] ] ] } },
{ "type": "Feature", "properties": { "cell_id": "KS_126", "cell_area_km2": 4.0, "center_lon": 101.27713447758209, "center_lat": 3.4442511259070367, "study_area": "Kuala Selangor", "dataset_version": "2.0.0", "geoai_model_version": "kmeans-k3-v1", "network_tiles": 1, "network_tests": 1, "avg_download_mbps": 9.353, "avg_upload_mbps": 0.171, "avg_latency_ms": 18.0, "network_data_present": true, "population": 34.290989764034748, "population_pixels": 27, "population_data_present": true, "school_count": 0, "hospital_count": 0, "clinic_count": 0, "doctor_count": 0, "healthcare_count": 0, "download_gap": 0.93956043956043955, "upload_gap": 0.99450549450549453, "latency_gap": 0.17582417582417584, "connectivity_gap_score": 70.329670329670336, "population_exposure": 0.10975609756097561, "school_exposure": 0.0, "healthcare_exposure": 0.0, "general_exposure": 0.10975609756097561, "education_exposure": 0.1097560975609756, "healthcare_exposure_mode": 0.1097560975609756, "score_general": 7.7191101581345487, "score_education": 7.7191101581345487, "score_healthcare": 7.7191101581345487, "priority_general": "Low", "priority_education": "Low", "priority_healthcare": "Low", "decision_general": "Lower relative priority", "decision_education": "Lower relative priority", "decision_healthcare": "Lower relative priority", "analysis_status": "Observed", "evidence_label": "Limited", "evidence_strength_score": 5.7692307692307692, "evidence_gap_exposure": 0.10975609756097561, "evidence_gap_rank": null, "validation_needed": false, "top5_general": false, "top5_education": false, "top5_healthcare": false, "top5_evidence_gap": false, "ai_cluster_id": 2.0, "ai_profile": "Connectivity-Constrained Areas", "ai_profile_status": "GeoAI classified", "ai_profile_description": "Areas characterised by comparatively lower download and upload performance, higher connectivity gaps, lower population density, and relatively few mapped essential-service facilities.", "ai_profile_interpretation": "Distinct recurring profile", "cluster_silhouette": 0.39633130790161675, "nearest_locality": "Ladang Raja Musa", "nearest_locality_type": "locality", "nearest_major_locality": "Kampung Seri Tiram Jaya", "nearest_major_locality_type": "village", "nearest_locality_distance_km": 3.92, "nearest_major_locality_distance_km": 5.39, "locality_source": "OpenStreetMap / Geofabrik" }, "geometry": { "type": "Polygon", "coordinates": [ [ [ 101.268117327921587, 3.435232827620808 ], [ 101.268160139536505, 3.453312528730101 ], [ 101.286151796680088, 3.453269223584267 ], [ 101.286108646190186, 3.435189749721449 ], [ 101.268117327921587, 3.435232827620808 ] ] ] } },
{ "type": "Feature", "properties": { "cell_id": "KS_127", "cell_area_km2": 4.0, "center_lon": 101.2951258513577, "center_lat": 3.4442077641199553, "study_area": "Kuala Selangor", "dataset_version": "2.0.0", "geoai_model_version": "kmeans-k3-v1", "network_tiles": 0, "network_tests": 0, "avg_download_mbps": null, "avg_upload_mbps": null, "avg_latency_ms": null, "network_data_present": false, "population": null, "population_pixels": 0, "population_data_present": false, "school_count": 0, "hospital_count": 0, "clinic_count": 0, "doctor_count": 0, "healthcare_count": 0, "download_gap": null, "upload_gap": null, "latency_gap": null, "connectivity_gap_score": null, "population_exposure": null, "school_exposure": 0.0, "healthcare_exposure": 0.0, "general_exposure": null, "education_exposure": null, "healthcare_exposure_mode": null, "score_general": null, "score_education": null, "score_healthcare": null, "priority_general": "Evidence Gap", "priority_education": "Evidence Gap", "priority_healthcare": "Evidence Gap", "decision_general": "Evidence Gap", "decision_education": "Evidence Gap", "decision_healthcare": "Evidence Gap", "analysis_status": "Evidence Gap", "evidence_label": "Evidence Gap", "evidence_strength_score": null, "evidence_gap_exposure": null, "evidence_gap_rank": null, "validation_needed": false, "top5_general": false, "top5_education": false, "top5_healthcare": false, "top5_evidence_gap": false, "ai_cluster_id": null, "ai_profile": "Unclassified - Evidence Gap", "ai_profile_status": "Unclassified - insufficient connectivity observations", "ai_profile_description": "Insufficient observed connectivity data for GeoAI profiling.", "ai_profile_interpretation": "Not classified", "cluster_silhouette": null, "nearest_locality": "Ladang Raja Musa", "nearest_locality_type": "locality", "nearest_major_locality": "Kampung Seri Tiram Jaya", "nearest_major_locality_type": "village", "nearest_locality_distance_km": 4.12, "nearest_major_locality_distance_km": 7.35, "locality_source": "OpenStreetMap / Geofabrik" }, "geometry": { "type": "Polygon", "coordinates": [ [ [ 101.286108646190186, 3.435189749721449 ], [ 101.286151796680088, 3.453269223584267 ], [ 101.304143225952018, 3.453225577016945 ], [ 101.304099736608464, 3.435146332192212 ], [ 101.286108646190186, 3.435189749721449 ] ] ] } },
{ "type": "Feature", "properties": { "cell_id": "KS_128", "cell_area_km2": 4.0, "center_lon": 101.31311699637763, "center_lat": 3.4441640618179035, "study_area": "Kuala Selangor", "dataset_version": "2.0.0", "geoai_model_version": "kmeans-k3-v1", "network_tiles": 0, "network_tests": 0, "avg_download_mbps": null, "avg_upload_mbps": null, "avg_latency_ms": null, "network_data_present": false, "population": null, "population_pixels": 0, "population_data_present": false, "school_count": 0, "hospital_count": 0, "clinic_count": 0, "doctor_count": 0, "healthcare_count": 0, "download_gap": null, "upload_gap": null, "latency_gap": null, "connectivity_gap_score": null, "population_exposure": null, "school_exposure": 0.0, "healthcare_exposure": 0.0, "general_exposure": null, "education_exposure": null, "healthcare_exposure_mode": null, "score_general": null, "score_education": null, "score_healthcare": null, "priority_general": "Evidence Gap", "priority_education": "Evidence Gap", "priority_healthcare": "Evidence Gap", "decision_general": "Evidence Gap", "decision_education": "Evidence Gap", "decision_healthcare": "Evidence Gap", "analysis_status": "Evidence Gap", "evidence_label": "Evidence Gap", "evidence_strength_score": null, "evidence_gap_exposure": null, "evidence_gap_rank": null, "validation_needed": false, "top5_general": false, "top5_education": false, "top5_healthcare": false, "top5_evidence_gap": false, "ai_cluster_id": null, "ai_profile": "Unclassified - Evidence Gap", "ai_profile_status": "Unclassified - insufficient connectivity observations", "ai_profile_description": "Insufficient observed connectivity data for GeoAI profiling.", "ai_profile_interpretation": "Not classified", "cluster_silhouette": null, "nearest_locality": "Ladang Raja Musa", "nearest_locality_type": "locality", "nearest_major_locality": "Kampung Seri Tiram Jaya", "nearest_major_locality_type": "village", "nearest_locality_distance_km": 5.16, "nearest_major_locality_distance_km": 9.33, "locality_source": "OpenStreetMap / Geofabrik" }, "geometry": { "type": "Polygon", "coordinates": [ [ [ 101.304099736608464, 3.435146332192212 ], [ 101.304143225952018, 3.453225577016945 ], [ 101.322134425562894, 3.45318158904964 ], [ 101.322090597387145, 3.435102575054489 ], [ 101.304099736608464, 3.435146332192212 ] ] ] } },
{ "type": "Feature", "properties": { "cell_id": "KS_129", "cell_area_km2": 4.0, "center_lon": 101.33110791085267, "center_lat": 3.444120019022415, "study_area": "Kuala Selangor", "dataset_version": "2.0.0", "geoai_model_version": "kmeans-k3-v1", "network_tiles": 0, "network_tests": 0, "avg_download_mbps": null, "avg_upload_mbps": null, "avg_latency_ms": null, "network_data_present": false, "population": null, "population_pixels": 0, "population_data_present": false, "school_count": 0, "hospital_count": 0, "clinic_count": 0, "doctor_count": 0, "healthcare_count": 0, "download_gap": null, "upload_gap": null, "latency_gap": null, "connectivity_gap_score": null, "population_exposure": null, "school_exposure": 0.0, "healthcare_exposure": 0.0, "general_exposure": null, "education_exposure": null, "healthcare_exposure_mode": null, "score_general": null, "score_education": null, "score_healthcare": null, "priority_general": "Evidence Gap", "priority_education": "Evidence Gap", "priority_healthcare": "Evidence Gap", "decision_general": "Evidence Gap", "decision_education": "Evidence Gap", "decision_healthcare": "Evidence Gap", "analysis_status": "Evidence Gap", "evidence_label": "Evidence Gap", "evidence_strength_score": null, "evidence_gap_exposure": null, "evidence_gap_rank": null, "validation_needed": false, "top5_general": false, "top5_education": false, "top5_healthcare": false, "top5_evidence_gap": false, "ai_cluster_id": null, "ai_profile": "Unclassified - Evidence Gap", "ai_profile_status": "Unclassified - insufficient connectivity observations", "ai_profile_description": "Insufficient observed connectivity data for GeoAI profiling.", "ai_profile_interpretation": "Not classified", "cluster_silhouette": null, "nearest_locality": "Ladang Raja Musa", "nearest_locality_type": "locality", "nearest_major_locality": "Kampung Seri Tiram Jaya", "nearest_major_locality_type": "village", "nearest_locality_distance_km": 6.65, "nearest_major_locality_distance_km": 11.31, "locality_source": "OpenStreetMap / Geofabrik" }, "geometry": { "type": "Polygon", "coordinates": [ [ [ 101.322090597387145, 3.435102575054489 ], [ 101.322134425562894, 3.45318158904964 ], [ 101.340125393723454, 3.453137259704029 ], [ 101.340081226737155, 3.435058478329845 ], [ 101.322090597387145, 3.435102575054489 ] ] ] } },
{ "type": "Feature", "properties": { "cell_id": "KS_130", "cell_area_km2": 4.0, "center_lon": 101.34909859299364, "center_lat": 3.44407563575519, "study_area": "Kuala Selangor", "dataset_version": "2.0.0", "geoai_model_version": "kmeans-k3-v1", "network_tiles": 0, "network_tests": 0, "avg_download_mbps": null, "avg_upload_mbps": null, "avg_latency_ms": null, "network_data_present": false, "population": null, "population_pixels": 0, "population_data_present": false, "school_count": 0, "hospital_count": 0, "clinic_count": 0, "doctor_count": 0, "healthcare_count": 0, "download_gap": null, "upload_gap": null, "latency_gap": null, "connectivity_gap_score": null, "population_exposure": null, "school_exposure": 0.0, "healthcare_exposure": 0.0, "general_exposure": null, "education_exposure": null, "healthcare_exposure_mode": null, "score_general": null, "score_education": null, "score_healthcare": null, "priority_general": "Evidence Gap", "priority_education": "Evidence Gap", "priority_healthcare": "Evidence Gap", "decision_general": "Evidence Gap", "decision_education": "Evidence Gap", "decision_healthcare": "Evidence Gap", "analysis_status": "Evidence Gap", "evidence_label": "Evidence Gap", "evidence_strength_score": null, "evidence_gap_exposure": null, "evidence_gap_rank": null, "validation_needed": false, "top5_general": false, "top5_education": false, "top5_healthcare": false, "top5_evidence_gap": false, "ai_cluster_id": null, "ai_profile": "Unclassified - Evidence Gap", "ai_profile_status": "Unclassified - insufficient connectivity observations", "ai_profile_description": "Insufficient observed connectivity data for GeoAI profiling.", "ai_profile_interpretation": "Not classified", "cluster_silhouette": null, "nearest_locality": "Kampung Sri Makmur", "nearest_locality_type": "hamlet", "nearest_major_locality": "Bestari Jaya", "nearest_major_locality_type": "town", "nearest_locality_distance_km": 5.83, "nearest_major_locality_distance_km": 9.98, "locality_source": "OpenStreetMap / Geofabrik" }, "geometry": { "type": "Polygon", "coordinates": [ [ [ 101.340081226737155, 3.435058478329845 ], [ 101.340125393723454, 3.453137259704029 ], [ 101.358116128644497, 3.453092589001953 ], [ 101.358071622869474, 3.435014042040003 ], [ 101.340081226737155, 3.435058478329845 ] ] ] } },
{ "type": "Feature", "properties": { "cell_id": "KS_131", "cell_area_km2": 4.0, "center_lon": 101.36708904101154, "center_lat": 3.4440309120380981, "study_area": "Kuala Selangor", "dataset_version": "2.0.0", "geoai_model_version": "kmeans-k3-v1", "network_tiles": 0, "network_tests": 0, "avg_download_mbps": null, "avg_upload_mbps": null, "avg_latency_ms": null, "network_data_present": false, "population": null, "population_pixels": 0, "population_data_present": false, "school_count": 0, "hospital_count": 0, "clinic_count": 0, "doctor_count": 0, "healthcare_count": 0, "download_gap": null, "upload_gap": null, "latency_gap": null, "connectivity_gap_score": null, "population_exposure": null, "school_exposure": 0.0, "healthcare_exposure": 0.0, "general_exposure": null, "education_exposure": null, "healthcare_exposure_mode": null, "score_general": null, "score_education": null, "score_healthcare": null, "priority_general": "Evidence Gap", "priority_education": "Evidence Gap", "priority_healthcare": "Evidence Gap", "decision_general": "Evidence Gap", "decision_education": "Evidence Gap", "decision_healthcare": "Evidence Gap", "analysis_status": "Evidence Gap", "evidence_label": "Evidence Gap", "evidence_strength_score": null, "evidence_gap_exposure": null, "evidence_gap_rank": null, "validation_needed": false, "top5_general": false, "top5_education": false, "top5_healthcare": false, "top5_evidence_gap": false, "ai_cluster_id": null, "ai_profile": "Unclassified - Evidence Gap", "ai_profile_status": "Unclassified - insufficient connectivity observations", "ai_profile_description": "Insufficient observed connectivity data for GeoAI profiling.", "ai_profile_interpretation": "Not classified", "cluster_silhouette": null, "nearest_locality": "Kampung Sri Makmur", "nearest_locality_type": "hamlet", "nearest_major_locality": "Bestari Jaya", "nearest_major_locality_type": "town", "nearest_locality_distance_km": 4.73, "nearest_major_locality_distance_km": 8.74, "locality_source": "OpenStreetMap / Geofabrik" }, "geometry": { "type": "Polygon", "coordinates": [ [ [ 101.358071622869474, 3.435014042040003 ], [ 101.358116128644497, 3.453092589001953 ], [ 101.376106628536988, 3.453047576965423 ], [ 101.376061783995198, 3.434969266206859 ], [ 101.358071622869474, 3.435014042040003 ] ] ] } },
{ "type": "Feature", "properties": { "cell_id": "KS_132", "cell_area_km2": 4.0, "center_lon": 101.38507925311744, "center_lat": 3.4439858478931744, "study_area": "Kuala Selangor", "dataset_version": "2.0.0", "geoai_model_version": "kmeans-k3-v1", "network_tiles": 0, "network_tests": 0, "avg_download_mbps": null, "avg_upload_mbps": null, "avg_latency_ms": null, "network_data_present": false, "population": 29.274964880663902, "population_pixels": 62, "population_data_present": true, "school_count": 0, "hospital_count": 0, "clinic_count": 0, "doctor_count": 0, "healthcare_count": 0, "download_gap": null, "upload_gap": null, "latency_gap": null, "connectivity_gap_score": null, "population_exposure": 0.097560975609756101, "school_exposure": 0.0, "healthcare_exposure": 0.0, "general_exposure": 0.097560975609756101, "education_exposure": 0.097560975609756073, "healthcare_exposure_mode": 0.097560975609756073, "score_general": null, "score_education": null, "score_healthcare": null, "priority_general": "Evidence Gap", "priority_education": "Evidence Gap", "priority_healthcare": "Evidence Gap", "decision_general": "Evidence Gap", "decision_education": "Evidence Gap", "decision_healthcare": "Evidence Gap", "analysis_status": "Evidence Gap", "evidence_label": "Evidence Gap", "evidence_strength_score": null, "evidence_gap_exposure": 0.097560975609756101, "evidence_gap_rank": 44.0, "validation_needed": false, "top5_general": false, "top5_education": false, "top5_healthcare": false, "top5_evidence_gap": false, "ai_cluster_id": null, "ai_profile": "Unclassified - Evidence Gap", "ai_profile_status": "Unclassified - insufficient connectivity observations", "ai_profile_description": "Insufficient observed connectivity data for GeoAI profiling.", "ai_profile_interpretation": "Not classified", "cluster_silhouette": null, "nearest_locality": "Kampung Sri Makmur", "nearest_locality_type": "hamlet", "nearest_major_locality": "Bestari Jaya", "nearest_major_locality_type": "town", "nearest_locality_distance_km": 4.33, "nearest_major_locality_distance_km": 7.82, "locality_source": "OpenStreetMap / Geofabrik" }, "geometry": { "type": "Polygon", "coordinates": [ [ [ 101.376061783995198, 3.434969266206859 ], [ 101.376106628536988, 3.453047576965423 ], [ 101.394096891611994, 3.453002223616615 ], [ 101.394051708325605, 3.434924150852472 ], [ 101.376061783995198, 3.434969266206859 ] ] ] } },
{ "type": "Feature", "properties": { "cell_id": "KS_133", "cell_area_km2": 4.0, "center_lon": 101.40306922752256, "center_lat": 3.4439404433426208, "study_area": "Kuala Selangor", "dataset_version": "2.0.0", "geoai_model_version": "kmeans-k3-v1", "network_tiles": 0, "network_tests": 0, "avg_download_mbps": null, "avg_upload_mbps": null, "avg_latency_ms": null, "network_data_present": false, "population": 56.041377991437912, "population_pixels": 175, "population_data_present": true, "school_count": 0, "hospital_count": 0, "clinic_count": 0, "doctor_count": 0, "healthcare_count": 0, "download_gap": null, "upload_gap": null, "latency_gap": null, "connectivity_gap_score": null, "population_exposure": 0.15853658536585366, "school_exposure": 0.0, "healthcare_exposure": 0.0, "general_exposure": 0.15853658536585366, "education_exposure": 0.15853658536585369, "healthcare_exposure_mode": 0.15853658536585369, "score_general": null, "score_education": null, "score_healthcare": null, "priority_general": "Evidence Gap", "priority_education": "Evidence Gap", "priority_healthcare": "Evidence Gap", "decision_general": "Evidence Gap", "decision_education": "Evidence Gap", "decision_healthcare": "Evidence Gap", "analysis_status": "Evidence Gap", "evidence_label": "Evidence Gap", "evidence_strength_score": null, "evidence_gap_exposure": 0.15853658536585366, "evidence_gap_rank": 35.0, "validation_needed": false, "top5_general": false, "top5_education": false, "top5_healthcare": false, "top5_evidence_gap": false, "ai_cluster_id": null, "ai_profile": "Unclassified - Evidence Gap", "ai_profile_status": "Unclassified - insufficient connectivity observations", "ai_profile_description": "Insufficient observed connectivity data for GeoAI profiling.", "ai_profile_interpretation": "Not classified", "cluster_silhouette": null, "nearest_locality": "Sime Darby Plantation Ladang Tennamaram", "nearest_locality_type": "hamlet", "nearest_major_locality": "Bestari Jaya", "nearest_major_locality_type": "town", "nearest_locality_distance_km": 4.5, "nearest_major_locality_distance_km": 7.34, "locality_source": "OpenStreetMap / Geofabrik" }, "geometry": { "type": "Polygon", "coordinates": [ [ [ 101.394051708325605, 3.434924150852472 ], [ 101.394096891611994, 3.453002223616615 ], [ 101.41208691608071, 3.452956528977876 ], [ 101.412041394072006, 3.434878695999071 ], [ 101.394051708325605, 3.434924150852472 ] ] ] } },
{ "type": "Feature", "properties": { "cell_id": "KS_134", "cell_area_km2": 4.0, "center_lon": 101.42105896243825, "center_lat": 3.4438946984088075, "study_area": "Kuala Selangor", "dataset_version": "2.0.0", "geoai_model_version": "kmeans-k3-v1", "network_tiles": 1, "network_tests": 1, "avg_download_mbps": 5.587, "avg_upload_mbps": 3.204, "avg_latency_ms": 36.0, "network_data_present": true, "population": 379.45621771598235, "population_pixels": 290, "population_data_present": true, "school_count": 0, "hospital_count": 0, "clinic_count": 0, "doctor_count": 0, "healthcare_count": 0, "download_gap": 0.98351648351648346, "upload_gap": 0.84615384615384615, "latency_gap": 0.87087912087912089, "connectivity_gap_score": 90.018315018315022, "population_exposure": 0.38211382113821141, "school_exposure": 0.0, "healthcare_exposure": 0.0, "general_exposure": 0.38211382113821141, "education_exposure": 0.38211382113821135, "healthcare_exposure_mode": 0.38211382113821135, "score_general": 34.397242324071598, "score_education": 34.397242324071591, "score_healthcare": 34.397242324071591, "priority_general": "Medium", "priority_education": "Medium", "priority_healthcare": "Medium", "decision_general": "Monitor / investigate", "decision_education": "Monitor / investigate", "decision_healthcare": "Monitor / investigate", "analysis_status": "Observed", "evidence_label": "Limited", "evidence_strength_score": 5.7692307692307692, "evidence_gap_exposure": 0.38211382113821141, "evidence_gap_rank": null, "validation_needed": false, "top5_general": false, "top5_education": false, "top5_healthcare": false, "top5_evidence_gap": false, "ai_cluster_id": 2.0, "ai_profile": "Connectivity-Constrained Areas", "ai_profile_status": "GeoAI classified", "ai_profile_description": "Areas characterised by comparatively lower download and upload performance, higher connectivity gaps, lower population density, and relatively few mapped essential-service facilities.", "ai_profile_interpretation": "Distinct recurring profile", "cluster_silhouette": 0.52017453106443867, "nearest_locality": "Sime Darby Plantation Ladang Tennamaram", "nearest_locality_type": "hamlet", "nearest_major_locality": "Bestari Jaya", "nearest_major_locality_type": "town", "nearest_locality_distance_km": 4.1, "nearest_major_locality_distance_km": 7.39, "locality_source": "OpenStreetMap / Geofabrik" }, "geometry": { "type": "Polygon", "coordinates": [ [ [ 101.412041394072006, 3.434878695999071 ], [ 101.41208691608071, 3.452956528977876 ], [ 101.430076700154402, 3.452910493071715 ], [ 101.430030839445877, 3.434832901669048 ], [ 101.412041394072006, 3.434878695999071 ] ] ] } },
{ "type": "Feature", "properties": { "cell_id": "KS_135", "cell_area_km2": 4.0, "center_lon": 101.43904845607591, "center_lat": 3.44384861311427, "study_area": "Kuala Selangor", "dataset_version": "2.0.0", "geoai_model_version": "kmeans-k3-v1", "network_tiles": 0, "network_tests": 0, "avg_download_mbps": null, "avg_upload_mbps": null, "avg_latency_ms": null, "network_data_present": false, "population": 47.218297980725765, "population_pixels": 143, "population_data_present": true, "school_count": 0, "hospital_count": 0, "clinic_count": 0, "doctor_count": 0, "healthcare_count": 0, "download_gap": null, "upload_gap": null, "latency_gap": null, "connectivity_gap_score": null, "population_exposure": 0.14227642276422764, "school_exposure": 0.0, "healthcare_exposure": 0.0, "general_exposure": 0.14227642276422764, "education_exposure": 0.14227642276422769, "healthcare_exposure_mode": 0.14227642276422769, "score_general": null, "score_education": null, "score_healthcare": null, "priority_general": "Evidence Gap", "priority_education": "Evidence Gap", "priority_healthcare": "Evidence Gap", "decision_general": "Evidence Gap", "decision_education": "Evidence Gap", "decision_healthcare": "Evidence Gap", "analysis_status": "Evidence Gap", "evidence_label": "Evidence Gap", "evidence_strength_score": null, "evidence_gap_exposure": 0.14227642276422764, "evidence_gap_rank": 37.0, "validation_needed": false, "top5_general": false, "top5_education": false, "top5_healthcare": false, "top5_evidence_gap": false, "ai_cluster_id": null, "ai_profile": "Unclassified - Evidence Gap", "ai_profile_status": "Unclassified - insufficient connectivity observations", "ai_profile_description": "Insufficient observed connectivity data for GeoAI profiling.", "ai_profile_interpretation": "Not classified", "cluster_silhouette": null, "nearest_locality": "Sime Darby Plantation Ladang Tennamaram", "nearest_locality_type": "hamlet", "nearest_major_locality": "Bestari Jaya", "nearest_major_locality_type": "town", "nearest_locality_distance_km": 2.14, "nearest_major_locality_distance_km": 7.96, "locality_source": "OpenStreetMap / Geofabrik" }, "geometry": { "type": "Polygon", "coordinates": [ [ [ 101.430030839445877, 3.434832901669048 ], [ 101.430076700154402, 3.452910493071715 ], [ 101.448066242044533, 3.452864115920814 ], [ 101.448020042658811, 3.434786767884964 ], [ 101.430030839445877, 3.434832901669048 ] ] ] } },
{ "type": "Feature", "properties": { "cell_id": "KS_136", "cell_area_km2": 2.7863535079439647, "center_lon": 101.45428254314695, "center_lat": 3.4427610701525753, "study_area": "Kuala Selangor", "dataset_version": "2.0.0", "geoai_model_version": "kmeans-k3-v1", "network_tiles": 0, "network_tests": 0, "avg_download_mbps": null, "avg_upload_mbps": null, "avg_latency_ms": null, "network_data_present": false, "population": 179.82171153556556, "population_pixels": 105, "population_data_present": true, "school_count": 1, "hospital_count": 0, "clinic_count": 0, "doctor_count": 0, "healthcare_count": 0, "download_gap": null, "upload_gap": null, "latency_gap": null, "connectivity_gap_score": null, "population_exposure": 0.27642276422764228, "school_exposure": 0.30172413793103448, "healthcare_exposure": 0.0, "general_exposure": 0.27642276422764228, "education_exposure": 0.49474348191757778, "healthcare_exposure_mode": 0.27642276422764223, "score_general": null, "score_education": null, "score_healthcare": null, "priority_general": "Evidence Gap", "priority_education": "Evidence Gap", "priority_healthcare": "Evidence Gap", "decision_general": "Evidence Gap", "decision_education": "Evidence Gap", "decision_healthcare": "Evidence Gap", "analysis_status": "Evidence Gap", "evidence_label": "Evidence Gap", "evidence_strength_score": null, "evidence_gap_exposure": 0.49474348191757778, "evidence_gap_rank": 4.0, "validation_needed": false, "top5_general": false, "top5_education": false, "top5_healthcare": false, "top5_evidence_gap": true, "ai_cluster_id": null, "ai_profile": "Unclassified - Evidence Gap", "ai_profile_status": "Unclassified - insufficient connectivity observations", "ai_profile_description": "Insufficient observed connectivity data for GeoAI profiling.", "ai_profile_interpretation": "Not classified", "cluster_silhouette": null, "nearest_locality": "Sime Darby Plantation Ladang Tennamaram", "nearest_locality_type": "hamlet", "nearest_major_locality": "Bestari Jaya", "nearest_major_locality_type": "town", "nearest_locality_distance_km": 0.66, "nearest_major_locality_distance_km": 8.78, "locality_source": "OpenStreetMap / Geofabrik" }, "geometry": { "type": "Polygon", "coordinates": [ [ [ 101.448020042658811, 3.434786767884964 ], [ 101.448066242044533, 3.452864115920814 ], [ 101.461202182459417, 3.452830035434781 ], [ 101.460701320000055, 3.450734849000071 ], [ 101.460347977553241, 3.434754956197363 ], [ 101.448020042658811, 3.434786767884964 ] ] ] } },
{ "type": "Feature", "properties": { "cell_id": "KS_137", "cell_area_km2": 2.9451558128629847, "center_lon": 101.15257929580385, "center_lat": 3.4296846364913036, "study_area": "Kuala Selangor", "dataset_version": "2.0.0", "geoai_model_version": "kmeans-k3-v1", "network_tiles": 7, "network_tests": 93, "avg_download_mbps": 78.517290322580649, "avg_upload_mbps": 28.835709677419356, "avg_latency_ms": 23.526881720430108, "network_data_present": true, "population": 1250.6745715393918, "population_pixels": 263, "population_data_present": true, "school_count": 1, "hospital_count": 0, "clinic_count": 0, "doctor_count": 0, "healthcare_count": 0, "download_gap": 0.53846153846153844, "upload_gap": 0.25824175824175821, "latency_gap": 0.5494505494505495, "connectivity_gap_score": 44.871794871794876, "population_exposure": 0.63821138211382111, "school_exposure": 0.30172413793103448, "healthcare_exposure": 0.0, "general_exposure": 0.63821138211382111, "education_exposure": 0.74737174095878889, "healthcare_exposure_mode": 0.63821138211382111, "score_general": 28.637690223056079, "score_education": 33.535911453278985, "score_healthcare": 28.637690223056079, "priority_general": "Medium", "priority_education": "Medium", "priority_healthcare": "Medium", "decision_general": "Monitor / investigate", "decision_education": "Monitor / investigate", "decision_healthcare": "Monitor / investigate", "analysis_status": "Observed", "evidence_label": "Strong", "evidence_strength_score": 87.362637362637358, "evidence_gap_exposure": 0.74737174095878889, "evidence_gap_rank": null, "validation_needed": false, "top5_general": false, "top5_education": false, "top5_healthcare": false, "top5_evidence_gap": false, "ai_cluster_id": 0.0, "ai_profile": "Strong-Connectivity Areas", "ai_profile_status": "GeoAI classified", "ai_profile_description": "Areas characterised by comparatively strong mobile download and upload performance, lower latency, moderate population exposure, and relatively few mapped essential-service facilities.", "ai_profile_interpretation": "Distinct recurring profile", "cluster_silhouette": 0.079441669481772878, "nearest_locality": "Kampung Melaka", "nearest_locality_type": "hamlet", "nearest_major_locality": "Tanjong Karang", "nearest_major_locality_type": "town", "nearest_locality_distance_km": 1.43, "nearest_major_locality_distance_km": 2.61, "locality_source": "OpenStreetMap / Geofabrik" }, "geometry": { "type": "Polygon", "coordinates": [ [ [ 101.160164733663748, 3.435484161612476 ], [ 101.160124171059465, 3.417403127318845 ], [ 101.152541247142977, 3.417420231017299 ], [ 101.152270777000069, 3.417810215000031 ], [ 101.147040777000086, 3.425351194000029 ], [ 101.142972999000051, 3.434052248000057 ], [ 101.142171263470857, 3.435252691590455 ], [ 101.141989215483662, 3.435525272939256 ], [ 101.142171870550598, 3.435524861517667 ], [ 101.160164733663748, 3.435484161612476 ] ] ] } },
{ "type": "Feature", "properties": { "cell_id": "KS_138", "cell_area_km2": 4.0, "center_lon": 101.16914069195455, "center_lat": 3.4264232220208735, "study_area": "Kuala Selangor", "dataset_version": "2.0.0", "geoai_model_version": "kmeans-k3-v1", "network_tiles": 10, "network_tests": 232, "avg_download_mbps": 275.33095258620688, "avg_upload_mbps": 41.934702586206896, "avg_latency_ms": 19.556034482758619, "network_data_present": true, "population": 9071.5892057865858, "population_pixels": 471, "population_data_present": true, "school_count": 4, "hospital_count": 0, "clinic_count": 1, "doctor_count": 0, "healthcare_count": 1, "download_gap": 0.098901098901098883, "upload_gap": 0.071428571428571397, "latency_gap": 0.29120879120879123, "connectivity_gap_score": 15.384615384615383, "population_exposure": 0.99593495934959353, "school_exposure": 0.91379310344827591, "healthcare_exposure": 0.26785714285714285, "general_exposure": 0.99593495934959353, "education_exposure": 0.9996495654611719, "healthcare_exposure_mode": 0.99702380952380953, "score_general": 15.322076297686053, "score_education": 15.379224084018029, "score_healthcare": 15.338827838827838, "priority_general": "Medium", "priority_education": "Medium", "priority_healthcare": "Medium", "decision_general": "Monitor / investigate", "decision_education": "Monitor / investigate", "decision_healthcare": "Monitor / investigate", "analysis_status": "Observed", "evidence_label": "Strong", "evidence_strength_score": 94.505494505494497, "evidence_gap_exposure": 0.99974343185550085, "evidence_gap_rank": null, "validation_needed": false, "top5_general": false, "top5_education": false, "top5_healthcare": false, "top5_evidence_gap": false, "ai_cluster_id": 1.0, "ai_profile": "High-Exposure Essential-Service Hubs", "ai_profile_status": "GeoAI classified", "ai_profile_description": "Areas with comparatively high population exposure and concentrations of mapped schools and healthcare facilities. Connectivity is generally moderate to strong, but disruption or degradation may affect more people and essential services.", "ai_profile_interpretation": "Mixed / transitional recurring profile", "cluster_silhouette": 0.12257829891626462, "nearest_locality": "Tanjong Karang", "nearest_locality_type": "town", "nearest_major_locality": "Tanjong Karang", "nearest_major_locality_type": "town", "nearest_locality_distance_km": 0.84, "nearest_major_locality_distance_km": 0.84, "locality_source": "OpenStreetMap / Geofabrik" }, "geometry": { "type": "Polygon", "coordinates": [ [ [ 101.160124171059465, 3.417403127318845 ], [ 101.160164733663748, 3.435484161612476 ], [ 101.178157381454298, 3.435443121932319 ], [ 101.178116481640686, 3.41736230412538 ], [ 101.160124171059465, 3.417403127318845 ] ] ] } },
{ "type": "Feature", "properties": { "cell_id": "KS_139", "cell_area_km2": 4.0, "center_lon": 101.18713306258918, "center_lat": 3.4263821211531882, "study_area": "Kuala Selangor", "dataset_version": "2.0.0", "geoai_model_version": "kmeans-k3-v1", "network_tiles": 8, "network_tests": 76, "avg_download_mbps": 261.88651315789474, "avg_upload_mbps": 35.33709210526316, "avg_latency_ms": 20.328947368421051, "network_data_present": true, "population": 6137.7505693398416, "population_pixels": 453, "population_data_present": true, "school_count": 1, "hospital_count": 0, "clinic_count": 2, "doctor_count": 0, "healthcare_count": 2, "download_gap": 0.12087912087912089, "upload_gap": 0.11538461538461542, "latency_gap": 0.34615384615384615, "connectivity_gap_score": 19.413919413919416, "population_exposure": 0.97154471544715448, "school_exposure": 0.30172413793103448, "healthcare_exposure": 0.6607142857142857, "general_exposure": 0.97154471544715448, "education_exposure": 0.98013036164844403, "healthcare_exposure_mode": 0.99034552845528456, "score_general": 18.861490812710326, "score_education": 19.028171856178584, "score_healthcare": 19.226488281366329, "priority_general": "Medium", "priority_education": "Medium", "priority_healthcare": "Medium", "decision_general": "Monitor / investigate", "decision_education": "Monitor / investigate", "decision_healthcare": "Monitor / investigate", "analysis_status": "Observed", "evidence_label": "Strong", "evidence_strength_score": 83.516483516483518, "evidence_gap_exposure": 0.99325851555929345, "evidence_gap_rank": null, "validation_needed": false, "top5_general": false, "top5_education": false, "top5_healthcare": false, "top5_evidence_gap": false, "ai_cluster_id": 0.0, "ai_profile": "Strong-Connectivity Areas", "ai_profile_status": "GeoAI classified", "ai_profile_description": "Areas characterised by comparatively strong mobile download and upload performance, lower latency, moderate population exposure, and relatively few mapped essential-service facilities.", "ai_profile_interpretation": "Distinct recurring profile", "cluster_silhouette": 0.23135707786181267, "nearest_locality": "Tanjong Karang", "nearest_locality_type": "town", "nearest_major_locality": "Tanjong Karang", "nearest_major_locality_type": "town", "nearest_locality_distance_km": 1.19, "nearest_major_locality_distance_km": 1.19, "locality_source": "OpenStreetMap / Geofabrik" }, "geometry": { "type": "Polygon", "coordinates": [ [ [ 101.178116481640686, 3.41736230412538 ], [ 101.178157381454298, 3.435443121932319 ], [ 101.196149812132248, 3.435401742497423 ], [ 101.196108575129514, 3.417321142969383 ], [ 101.178116481640686, 3.41736230412538 ] ] ] } },
{ "type": "Feature", "properties": { "cell_id": "KS_140", "cell_area_km2": 4.0, "center_lon": 101.2051252152264, "center_lat": 3.4263406814370234, "study_area": "Kuala Selangor", "dataset_version": "2.0.0", "geoai_model_version": "kmeans-k3-v1", "network_tiles": 5, "network_tests": 15, "avg_download_mbps": 253.32106666666667, "avg_upload_mbps": 28.360933333333335, "avg_latency_ms": 19.333333333333332, "network_data_present": true, "population": 2144.8620715553407, "population_pixels": 429, "population_data_present": true, "school_count": 0, "hospital_count": 0, "clinic_count": 0, "doctor_count": 0, "healthcare_count": 0, "download_gap": 0.12637362637362637, "upload_gap": 0.26373626373626369, "latency_gap": 0.2857142857142857, "connectivity_gap_score": 22.527472527472526, "population_exposure": 0.80894308943089432, "school_exposure": 0.0, "healthcare_exposure": 0.0, "general_exposure": 0.80894308943089432, "education_exposure": 0.80894308943089432, "healthcare_exposure_mode": 0.80894308943089432, "score_general": 18.223443223443223, "score_education": 18.223443223443223, "score_healthcare": 18.223443223443223, "priority_general": "Medium", "priority_education": "Medium", "priority_healthcare": "Medium", "decision_general": "Monitor / investigate", "decision_education": "Monitor / investigate", "decision_healthcare": "Monitor / investigate", "analysis_status": "Observed", "evidence_label": "Good", "evidence_strength_score": 49.450549450549453, "evidence_gap_exposure": 0.80894308943089432, "evidence_gap_rank": null, "validation_needed": false, "top5_general": false, "top5_education": false, "top5_healthcare": false, "top5_evidence_gap": false, "ai_cluster_id": 0.0, "ai_profile": "Strong-Connectivity Areas", "ai_profile_status": "GeoAI classified", "ai_profile_description": "Areas characterised by comparatively strong mobile download and upload performance, lower latency, moderate population exposure, and relatively few mapped essential-service facilities.", "ai_profile_interpretation": "Distinct recurring profile", "cluster_silhouette": 0.46232075097984648, "nearest_locality": "Kampung Sungai Gulang-Gulang", "nearest_locality_type": "village", "nearest_major_locality": "Kampung Sungai Gulang-Gulang", "nearest_major_locality_type": "village", "nearest_locality_distance_km": 0.91, "nearest_major_locality_distance_km": 0.91, "locality_source": "OpenStreetMap / Geofabrik" }, "geometry": { "type": "Polygon", "coordinates": [ [ [ 101.196108575129514, 3.417321142969383 ], [ 101.196149812132248, 3.435401742497423 ], [ 101.214142023907669, 3.43536002332818 ], [ 101.214100449736193, 3.417279643871141 ], [ 101.196108575129514, 3.417321142969383 ] ] ] } },
{ "type": "Feature", "properties": { "cell_id": "KS_141", "cell_area_km2": 4.0, "center_lon": 101.22311714807644, "center_lat": 3.4262989028928028, "study_area": "Kuala Selangor", "dataset_version": "2.0.0", "geoai_model_version": "kmeans-k3-v1", "network_tiles": 6, "network_tests": 19, "avg_download_mbps": 46.301, "avg_upload_mbps": 5.4102105263157894, "avg_latency_ms": 25.473684210526315, "network_data_present": true, "population": 1919.8539804266766, "population_pixels": 418, "population_data_present": true, "school_count": 0, "hospital_count": 0, "clinic_count": 0, "doctor_count": 0, "healthcare_count": 0, "download_gap": 0.69230769230769229, "upload_gap": 0.7857142857142857, "latency_gap": 0.65384615384615385, "connectivity_gap_score": 71.062271062271066, "population_exposure": 0.78861788617886175, "school_exposure": 0.0, "healthcare_exposure": 0.0, "general_exposure": 0.78861788617886175, "education_exposure": 0.78861788617886175, "healthcare_exposure_mode": 0.78861788617886175, "score_general": 56.040977992197504, "score_education": 56.040977992197504, "score_healthcare": 56.040977992197504, "priority_general": "High", "priority_education": "High", "priority_healthcare": "High", "decision_general": "High priority - supported", "decision_education": "High priority - supported", "decision_healthcare": "High priority - supported", "analysis_status": "Observed", "evidence_label": "Good", "evidence_strength_score": 56.043956043956044, "evidence_gap_exposure": 0.78861788617886175, "evidence_gap_rank": null, "validation_needed": false, "top5_general": false, "top5_education": false, "top5_healthcare": false, "top5_evidence_gap": false, "ai_cluster_id": 2.0, "ai_profile": "Connectivity-Constrained Areas", "ai_profile_status": "GeoAI classified", "ai_profile_description": "Areas characterised by comparatively lower download and upload performance, higher connectivity gaps, lower population density, and relatively few mapped essential-service facilities.", "ai_profile_interpretation": "Distinct recurring profile", "cluster_silhouette": 0.37512450119646612, "nearest_locality": "Kampung Parit Serong", "nearest_locality_type": "village", "nearest_major_locality": "Kampung Parit Serong", "nearest_major_locality_type": "village", "nearest_locality_distance_km": 0.57, "nearest_major_locality_distance_km": 0.57, "locality_source": "OpenStreetMap / Geofabrik" }, "geometry": { "type": "Polygon", "coordinates": [ [ [ 101.214100449736193, 3.417279643871141 ], [ 101.214142023907669, 3.43536002332818 ], [ 101.232134014990805, 3.435317964445151 ], [ 101.232092103671093, 3.417237806851102 ], [ 101.214100449736193, 3.417279643871141 ] ] ] } },
{ "type": "Feature", "properties": { "cell_id": "KS_142", "cell_area_km2": 4.0, "center_lon": 101.24110885934967, "center_lat": 3.4262567855411143, "study_area": "Kuala Selangor", "dataset_version": "2.0.0", "geoai_model_version": "kmeans-k3-v1", "network_tiles": 5, "network_tests": 19, "avg_download_mbps": 290.68478947368419, "avg_upload_mbps": 26.062631578947371, "avg_latency_ms": 18.05263157894737, "network_data_present": true, "population": 1835.5331204114482, "population_pixels": 300, "population_data_present": true, "school_count": 2, "hospital_count": 0, "clinic_count": 0, "doctor_count": 0, "healthcare_count": 0, "download_gap": 0.071428571428571397, "upload_gap": 0.32417582417582413, "latency_gap": 0.19230769230769232, "connectivity_gap_score": 19.597069597069595, "population_exposure": 0.77235772357723576, "school_exposure": 0.7068965517241379, "healthcare_exposure": 0.0, "general_exposure": 0.77235772357723576, "education_exposure": 0.93327726380712084, "healthcare_exposure_mode": 0.77235772357723576, "score_general": 15.135948062777329, "score_education": 18.289499492190828, "score_healthcare": 15.135948062777329, "priority_general": "Medium", "priority_education": "Medium", "priority_healthcare": "Medium", "decision_general": "Monitor / investigate", "decision_education": "Monitor / investigate", "decision_healthcare": "Monitor / investigate", "analysis_status": "Observed", "evidence_label": "Good", "evidence_strength_score": 56.043956043956044, "evidence_gap_exposure": 0.93327726380712084, "evidence_gap_rank": null, "validation_needed": false, "top5_general": false, "top5_education": false, "top5_healthcare": false, "top5_evidence_gap": false, "ai_cluster_id": 0.0, "ai_profile": "Strong-Connectivity Areas", "ai_profile_status": "GeoAI classified", "ai_profile_description": "Areas characterised by comparatively strong mobile download and upload performance, lower latency, moderate population exposure, and relatively few mapped essential-service facilities.", "ai_profile_interpretation": "Distinct recurring profile", "cluster_silhouette": 0.36462304711620441, "nearest_locality": "Kampung Seri Tiram Jaya", "nearest_locality_type": "village", "nearest_major_locality": "Kampung Seri Tiram Jaya", "nearest_major_locality_type": "village", "nearest_locality_distance_km": 1.46, "nearest_major_locality_distance_km": 1.46, "locality_source": "OpenStreetMap / Geofabrik" }, "geometry": { "type": "Polygon", "coordinates": [ [ [ 101.232092103671093, 3.417237806851102 ], [ 101.232134014990805, 3.435317964445151 ], [ 101.250125783591969, 3.435275565869063 ], [ 101.250083535144739, 3.417195631929886 ], [ 101.232092103671093, 3.417237806851102 ] ] ] } },
{ "type": "Feature", "properties": { "cell_id": "KS_143", "cell_area_km2": 4.0, "center_lon": 101.25910034725649, "center_lat": 3.426214329402713, "study_area": "Kuala Selangor", "dataset_version": "2.0.0", "geoai_model_version": "kmeans-k3-v1", "network_tiles": 1, "network_tests": 2, "avg_download_mbps": 69.575, "avg_upload_mbps": 22.027, "avg_latency_ms": 167.0, "network_data_present": true, "population": 244.04992295242846, "population_pixels": 155, "population_data_present": true, "school_count": 0, "hospital_count": 0, "clinic_count": 0, "doctor_count": 0, "healthcare_count": 0, "download_gap": 0.59340659340659341, "upload_gap": 0.43956043956043955, "latency_gap": 1.0, "connectivity_gap_score": 67.765567765567752, "population_exposure": 0.32926829268292684, "school_exposure": 0.0, "healthcare_exposure": 0.0, "general_exposure": 0.32926829268292684, "education_exposure": 0.3292682926829269, "healthcare_exposure_mode": 0.3292682926829269, "score_general": 22.313052800857676, "score_education": 22.31305280085768, "score_healthcare": 22.31305280085768, "priority_general": "Medium", "priority_education": "Medium", "priority_healthcare": "Medium", "decision_general": "Monitor / investigate", "decision_education": "Monitor / investigate", "decision_healthcare": "Monitor / investigate", "analysis_status": "Observed", "evidence_label": "Limited", "evidence_strength_score": 14.560439560439562, "evidence_gap_exposure": 0.32926829268292684, "evidence_gap_rank": null, "validation_needed": false, "top5_general": false, "top5_education": false, "top5_healthcare": false, "top5_evidence_gap": false, "ai_cluster_id": 2.0, "ai_profile": "Connectivity-Constrained Areas", "ai_profile_status": "GeoAI classified", "ai_profile_description": "Areas characterised by comparatively lower download and upload performance, higher connectivity gaps, lower population density, and relatively few mapped essential-service facilities.", "ai_profile_interpretation": "Distinct recurring profile", "cluster_silhouette": 0.079324173851990407, "nearest_locality": "Ladang Raja Musa", "nearest_locality_type": "locality", "nearest_major_locality": "Kampung Seri Tiram Jaya", "nearest_major_locality_type": "village", "nearest_locality_distance_km": 3.2, "nearest_major_locality_distance_km": 3.34, "locality_source": "OpenStreetMap / Geofabrik" }, "geometry": { "type": "Polygon", "coordinates": [ [ [ 101.250083535144739, 3.417195631929886 ], [ 101.250125783591969, 3.435275565869063 ], [ 101.268117327921587, 3.435232827620808 ], [ 101.268074742367688, 3.417153119128274 ], [ 101.250083535144739, 3.417195631929886 ] ] ] } },
{ "type": "Feature", "properties": { "cell_id": "KS_144", "cell_area_km2": 4.0, "center_lon": 101.27709161000753, "center_lat": 3.426171534498522, "study_area": "Kuala Selangor", "dataset_version": "2.0.0", "geoai_model_version": "kmeans-k3-v1", "network_tiles": 0, "network_tests": 0, "avg_download_mbps": null, "avg_upload_mbps": null, "avg_latency_ms": null, "network_data_present": false, "population": 15.139878019690514, "population_pixels": 28, "population_data_present": true, "school_count": 0, "hospital_count": 0, "clinic_count": 0, "doctor_count": 0, "healthcare_count": 0, "download_gap": null, "upload_gap": null, "latency_gap": null, "connectivity_gap_score": null, "population_exposure": 0.06910569105691057, "school_exposure": 0.0, "healthcare_exposure": 0.0, "general_exposure": 0.06910569105691057, "education_exposure": 0.069105691056910556, "healthcare_exposure_mode": 0.069105691056910556, "score_general": null, "score_education": null, "score_healthcare": null, "priority_general": "Evidence Gap", "priority_education": "Evidence Gap", "priority_healthcare": "Evidence Gap", "decision_general": "Evidence Gap", "decision_education": "Evidence Gap", "decision_healthcare": "Evidence Gap", "analysis_status": "Evidence Gap", "evidence_label": "Evidence Gap", "evidence_strength_score": null, "evidence_gap_exposure": 0.06910569105691057, "evidence_gap_rank": 49.0, "validation_needed": false, "top5_general": false, "top5_education": false, "top5_healthcare": false, "top5_evidence_gap": false, "ai_cluster_id": null, "ai_profile": "Unclassified - Evidence Gap", "ai_profile_status": "Unclassified - insufficient connectivity observations", "ai_profile_description": "Insufficient observed connectivity data for GeoAI profiling.", "ai_profile_interpretation": "Not classified", "cluster_silhouette": null, "nearest_locality": "Ladang Raja Musa", "nearest_locality_type": "locality", "nearest_major_locality": "Kampung Seri Tiram Jaya", "nearest_major_locality_type": "village", "nearest_locality_distance_km": 1.97, "nearest_major_locality_distance_km": 5.3, "locality_source": "OpenStreetMap / Geofabrik" }, "geometry": { "type": "Polygon", "coordinates": [ [ [ 101.268074742367688, 3.417153119128274 ], [ 101.268117327921587, 3.435232827620808 ], [ 101.286108646190186, 3.435189749721449 ], [ 101.286065723550664, 3.417110268467216 ], [ 101.268074742367688, 3.417153119128274 ] ] ] } },
{ "type": "Feature", "properties": { "cell_id": "KS_145", "cell_area_km2": 4.0, "center_lon": 101.29508264581345, "center_lat": 3.4261284008496267, "study_area": "Kuala Selangor", "dataset_version": "2.0.0", "geoai_model_version": "kmeans-k3-v1", "network_tiles": 0, "network_tests": 0, "avg_download_mbps": null, "avg_upload_mbps": null, "avg_latency_ms": null, "network_data_present": false, "population": 16.435884058475494, "population_pixels": 16, "population_data_present": true, "school_count": 0, "hospital_count": 0, "clinic_count": 0, "doctor_count": 0, "healthcare_count": 0, "download_gap": null, "upload_gap": null, "latency_gap": null, "connectivity_gap_score": null, "population_exposure": 0.077235772357723581, "school_exposure": 0.0, "healthcare_exposure": 0.0, "general_exposure": 0.077235772357723581, "education_exposure": 0.077235772357723609, "healthcare_exposure_mode": 0.077235772357723609, "score_general": null, "score_education": null, "score_healthcare": null, "priority_general": "Evidence Gap", "priority_education": "Evidence Gap", "priority_healthcare": "Evidence Gap", "decision_general": "Evidence Gap", "decision_education": "Evidence Gap", "decision_healthcare": "Evidence Gap", "analysis_status": "Evidence Gap", "evidence_label": "Evidence Gap", "evidence_strength_score": null, "evidence_gap_exposure": 0.077235772357723581, "evidence_gap_rank": 47.0, "validation_needed": false, "top5_general": false, "top5_education": false, "top5_healthcare": false, "top5_evidence_gap": false, "ai_cluster_id": null, "ai_profile": "Unclassified - Evidence Gap", "ai_profile_status": "Unclassified - insufficient connectivity observations", "ai_profile_description": "Insufficient observed connectivity data for GeoAI profiling.", "ai_profile_interpretation": "Not classified", "cluster_silhouette": null, "nearest_locality": "Ladang Raja Musa", "nearest_locality_type": "locality", "nearest_major_locality": "Kampung Seri Tiram Jaya", "nearest_major_locality_type": "village", "nearest_locality_distance_km": 2.34, "nearest_major_locality_distance_km": 7.29, "locality_source": "OpenStreetMap / Geofabrik" }, "geometry": { "type": "Polygon", "coordinates": [ [ [ 101.286065723550664, 3.417110268467216 ], [ 101.286108646190186, 3.435189749721449 ], [ 101.304099736608464, 3.435146332192212 ], [ 101.304056476904492, 3.417067079967828 ], [ 101.286065723550664, 3.417110268467216 ] ] ] } },
{ "type": "Feature", "properties": { "cell_id": "KS_146", "cell_area_km2": 4.0, "center_lon": 101.31307345288505, "center_lat": 3.426084928477283, "study_area": "Kuala Selangor", "dataset_version": "2.0.0", "geoai_model_version": "kmeans-k3-v1", "network_tiles": 0, "network_tests": 0, "avg_download_mbps": null, "avg_upload_mbps": null, "avg_latency_ms": null, "network_data_present": false, "population": 110.88178640790284, "population_pixels": 69, "population_data_present": true, "school_count": 0, "hospital_count": 0, "clinic_count": 0, "doctor_count": 0, "healthcare_count": 0, "download_gap": null, "upload_gap": null, "latency_gap": null, "connectivity_gap_score": null, "population_exposure": 0.23983739837398374, "school_exposure": 0.0, "healthcare_exposure": 0.0, "general_exposure": 0.23983739837398374, "education_exposure": 0.23983739837398377, "healthcare_exposure_mode": 0.23983739837398377, "score_general": null, "score_education": null, "score_healthcare": null, "priority_general": "Evidence Gap", "priority_education": "Evidence Gap", "priority_healthcare": "Evidence Gap", "decision_general": "Evidence Gap", "decision_education": "Evidence Gap", "decision_healthcare": "Evidence Gap", "analysis_status": "Evidence Gap", "evidence_label": "Evidence Gap", "evidence_strength_score": null, "evidence_gap_exposure": 0.23983739837398374, "evidence_gap_rank": 25.0, "validation_needed": false, "top5_general": false, "top5_education": false, "top5_healthcare": false, "top5_evidence_gap": false, "ai_cluster_id": null, "ai_profile": "Unclassified - Evidence Gap", "ai_profile_status": "Unclassified - insufficient connectivity observations", "ai_profile_description": "Insufficient observed connectivity data for GeoAI profiling.", "ai_profile_interpretation": "Not classified", "cluster_silhouette": null, "nearest_locality": "Ladang Raja Musa", "nearest_locality_type": "locality", "nearest_major_locality": "Kampung Seri Tiram Jaya", "nearest_major_locality_type": "village", "nearest_locality_distance_km": 3.89, "nearest_major_locality_distance_km": 9.28, "locality_source": "OpenStreetMap / Geofabrik" }, "geometry": { "type": "Polygon", "coordinates": [ [ [ 101.304056476904492, 3.417067079967828 ], [ 101.304099736608464, 3.435146332192212 ], [ 101.322090597387145, 3.435102575054489 ], [ 101.322047000640111, 3.417023553651388 ], [ 101.304056476904492, 3.417067079967828 ] ] ] } },
{ "type": "Feature", "properties": { "cell_id": "KS_147", "cell_area_km2": 4.0, "center_lon": 101.33106402943325, "center_lat": 3.4260411174029106, "study_area": "Kuala Selangor", "dataset_version": "2.0.0", "geoai_model_version": "kmeans-k3-v1", "network_tiles": 0, "network_tests": 0, "avg_download_mbps": null, "avg_upload_mbps": null, "avg_latency_ms": null, "network_data_present": false, "population": 21.029867060482502, "population_pixels": 37, "population_data_present": true, "school_count": 0, "hospital_count": 0, "clinic_count": 0, "doctor_count": 0, "healthcare_count": 0, "download_gap": null, "upload_gap": null, "latency_gap": null, "connectivity_gap_score": null, "population_exposure": 0.085365853658536592, "school_exposure": 0.0, "healthcare_exposure": 0.0, "general_exposure": 0.085365853658536592, "education_exposure": 0.08536585365853655, "healthcare_exposure_mode": 0.08536585365853655, "score_general": null, "score_education": null, "score_healthcare": null, "priority_general": "Evidence Gap", "priority_education": "Evidence Gap", "priority_healthcare": "Evidence Gap", "decision_general": "Evidence Gap", "decision_education": "Evidence Gap", "decision_healthcare": "Evidence Gap", "analysis_status": "Evidence Gap", "evidence_label": "Evidence Gap", "evidence_strength_score": null, "evidence_gap_exposure": 0.085365853658536592, "evidence_gap_rank": 46.0, "validation_needed": false, "top5_general": false, "top5_education": false, "top5_healthcare": false, "top5_evidence_gap": false, "ai_cluster_id": null, "ai_profile": "Unclassified - Evidence Gap", "ai_profile_status": "Unclassified - insufficient connectivity observations", "ai_profile_description": "Insufficient observed connectivity data for GeoAI profiling.", "ai_profile_interpretation": "Not classified", "cluster_silhouette": null, "nearest_locality": "Ladang Raja Musa", "nearest_locality_type": "locality", "nearest_major_locality": "Bestari Jaya", "nearest_major_locality_type": "town", "nearest_locality_distance_km": 5.72, "nearest_major_locality_distance_km": 10.28, "locality_source": "OpenStreetMap / Geofabrik" }, "geometry": { "type": "Polygon", "coordinates": [ [ [ 101.322047000640111, 3.417023553651388 ], [ 101.322090597387145, 3.435102575054489 ], [ 101.340081226737155, 3.435058478329845 ], [ 101.340037292968574, 3.416979689539343 ], [ 101.322047000640111, 3.417023553651388 ] ] ] } },
{ "type": "Feature", "properties": { "cell_id": "KS_148", "cell_area_km2": 4.0, "center_lon": 101.34905437366906, "center_lat": 3.4259969676480964, "study_area": "Kuala Selangor", "dataset_version": "2.0.0", "geoai_model_version": "kmeans-k3-v1", "network_tiles": 1, "network_tests": 1, "avg_download_mbps": 27.09, "avg_upload_mbps": 1.171, "avg_latency_ms": 28.0, "network_data_present": true, "population": 155.70495539251715, "population_pixels": 92, "population_data_present": true, "school_count": 0, "hospital_count": 0, "clinic_count": 0, "doctor_count": 0, "healthcare_count": 0, "download_gap": 0.81318681318681318, "upload_gap": 0.9285714285714286, "latency_gap": 0.76648351648351654, "connectivity_gap_score": 83.608058608058613, "population_exposure": 0.27235772357723576, "school_exposure": 0.0, "healthcare_exposure": 0.0, "general_exposure": 0.27235772357723576, "education_exposure": 0.27235772357723576, "healthcare_exposure_mode": 0.27235772357723576, "score_general": 22.771300515202952, "score_education": 22.771300515202952, "score_healthcare": 22.771300515202952, "priority_general": "Medium", "priority_education": "Medium", "priority_healthcare": "Medium", "decision_general": "Monitor / investigate", "decision_education": "Monitor / investigate", "decision_healthcare": "Monitor / investigate", "analysis_status": "Observed", "evidence_label": "Limited", "evidence_strength_score": 5.7692307692307692, "evidence_gap_exposure": 0.27235772357723576, "evidence_gap_rank": null, "validation_needed": false, "top5_general": false, "top5_education": false, "top5_healthcare": false, "top5_evidence_gap": false, "ai_cluster_id": 2.0, "ai_profile": "Connectivity-Constrained Areas", "ai_profile_status": "GeoAI classified", "ai_profile_description": "Areas characterised by comparatively lower download and upload performance, higher connectivity gaps, lower population density, and relatively few mapped essential-service facilities.", "ai_profile_interpretation": "Distinct recurring profile", "cluster_silhouette": 0.50270952597766017, "nearest_locality": "Kampung Sri Makmur", "nearest_locality_type": "hamlet", "nearest_major_locality": "Bestari Jaya", "nearest_major_locality_type": "town", "nearest_locality_distance_km": 4.55, "nearest_major_locality_distance_km": 8.63, "locality_source": "OpenStreetMap / Geofabrik" }, "geometry": { "type": "Polygon", "coordinates": [ [ [ 101.340037292968574, 3.416979689539343 ], [ 101.340081226737155, 3.435058478329845 ], [ 101.358071622869474, 3.435014042040003 ], [ 101.358027352101033, 3.416935487653306 ], [ 101.340037292968574, 3.416979689539343 ] ] ] } },
{ "type": "Feature", "properties": { "cell_id": "KS_149", "cell_area_km2": 4.0, "center_lon": 101.36704448380362, "center_lat": 3.4259524792345935, "study_area": "Kuala Selangor", "dataset_version": "2.0.0", "geoai_model_version": "kmeans-k3-v1", "network_tiles": 0, "network_tests": 0, "avg_download_mbps": null, "avg_upload_mbps": null, "avg_latency_ms": null, "network_data_present": false, "population": 51.745531510561705, "population_pixels": 85, "population_data_present": true, "school_count": 0, "hospital_count": 0, "clinic_count": 0, "doctor_count": 0, "healthcare_count": 0, "download_gap": null, "upload_gap": null, "latency_gap": null, "connectivity_gap_score": null, "population_exposure": 0.14634146341463414, "school_exposure": 0.0, "healthcare_exposure": 0.0, "general_exposure": 0.14634146341463414, "education_exposure": 0.14634146341463417, "healthcare_exposure_mode": 0.14634146341463417, "score_general": null, "score_education": null, "score_healthcare": null, "priority_general": "Evidence Gap", "priority_education": "Evidence Gap", "priority_healthcare": "Evidence Gap", "decision_general": "Evidence Gap", "decision_education": "Evidence Gap", "decision_healthcare": "Evidence Gap", "analysis_status": "Evidence Gap", "evidence_label": "Evidence Gap", "evidence_strength_score": null, "evidence_gap_exposure": 0.14634146341463414, "evidence_gap_rank": 36.0, "validation_needed": false, "top5_general": false, "top5_education": false, "top5_healthcare": false, "top5_evidence_gap": false, "ai_cluster_id": null, "ai_profile": "Unclassified - Evidence Gap", "ai_profile_status": "Unclassified - insufficient connectivity observations", "ai_profile_description": "Insufficient observed connectivity data for GeoAI profiling.", "ai_profile_interpretation": "Not classified", "cluster_silhouette": null, "nearest_locality": "Kampung Sri Makmur", "nearest_locality_type": "hamlet", "nearest_major_locality": "Bestari Jaya", "nearest_major_locality_type": "town", "nearest_locality_distance_km": 3.01, "nearest_major_locality_distance_km": 7.15, "locality_source": "OpenStreetMap / Geofabrik" }, "geometry": { "type": "Polygon", "coordinates": [ [ [ 101.358027352101033, 3.416935487653306 ], [ 101.358071622869474, 3.435014042040003 ], [ 101.376061783995198, 3.434969266206859 ], [ 101.376017176248794, 3.416890948015055 ], [ 101.358027352101033, 3.416935487653306 ] ] ] } },
{ "type": "Feature", "properties": { "cell_id": "KS_150", "cell_area_km2": 4.0, "center_lon": 101.38503435804819, "center_lat": 3.425907652184319, "study_area": "Kuala Selangor", "dataset_version": "2.0.0", "geoai_model_version": "kmeans-k3-v1", "network_tiles": 0, "network_tests": 0, "avg_download_mbps": null, "avg_upload_mbps": null, "avg_latency_ms": null, "network_data_present": false, "population": 107.92711371043697, "population_pixels": 239, "population_data_present": true, "school_count": 0, "hospital_count": 0, "clinic_count": 0, "doctor_count": 0, "healthcare_count": 0, "download_gap": null, "upload_gap": null, "latency_gap": null, "connectivity_gap_score": null, "population_exposure": 0.23577235772357724, "school_exposure": 0.0, "healthcare_exposure": 0.0, "general_exposure": 0.23577235772357724, "education_exposure": 0.2357723577235773, "healthcare_exposure_mode": 0.2357723577235773, "score_general": null, "score_education": null, "score_healthcare": null, "priority_general": "Evidence Gap", "priority_education": "Evidence Gap", "priority_healthcare": "Evidence Gap", "decision_general": "Evidence Gap", "decision_education": "Evidence Gap", "decision_healthcare": "Evidence Gap", "analysis_status": "Evidence Gap", "evidence_label": "Evidence Gap", "evidence_strength_score": null, "evidence_gap_exposure": 0.23577235772357724, "evidence_gap_rank": 26.0, "validation_needed": false, "top5_general": false, "top5_education": false, "top5_healthcare": false, "top5_evidence_gap": false, "ai_cluster_id": null, "ai_profile": "Unclassified - Evidence Gap", "ai_profile_status": "Unclassified - insufficient connectivity observations", "ai_profile_description": "Insufficient observed connectivity data for GeoAI profiling.", "ai_profile_interpretation": "Not classified", "cluster_silhouette": null, "nearest_locality": "Kampung Sri Makmur", "nearest_locality_type": "hamlet", "nearest_major_locality": "Bestari Jaya", "nearest_major_locality_type": "town", "nearest_locality_distance_km": 2.34, "nearest_major_locality_distance_km": 5.99, "locality_source": "OpenStreetMap / Geofabrik" }, "geometry": { "type": "Polygon", "coordinates": [ [ [ 101.376017176248794, 3.416890948015055 ], [ 101.376061783995198, 3.434969266206859 ], [ 101.394051708325605, 3.434924150852472 ], [ 101.39400676362321, 3.416846070646532 ], [ 101.376017176248794, 3.416890948015055 ] ] ] } },
{ "type": "Feature", "properties": { "cell_id": "KS_151", "cell_area_km2": 4.0, "center_lon": 101.40302399461416, "center_lat": 3.4258624865193603, "study_area": "Kuala Selangor", "dataset_version": "2.0.0", "geoai_model_version": "kmeans-k3-v1", "network_tiles": 0, "network_tests": 0, "avg_download_mbps": null, "avg_upload_mbps": null, "avg_latency_ms": null, "network_data_present": false, "population": 101.51154723390937, "population_pixels": 233, "population_data_present": true, "school_count": 0, "hospital_count": 0, "clinic_count": 0, "doctor_count": 0, "healthcare_count": 0, "download_gap": null, "upload_gap": null, "latency_gap": null, "connectivity_gap_score": null, "population_exposure": 0.22357723577235772, "school_exposure": 0.0, "healthcare_exposure": 0.0, "general_exposure": 0.22357723577235772, "education_exposure": 0.22357723577235777, "healthcare_exposure_mode": 0.22357723577235777, "score_general": null, "score_education": null, "score_healthcare": null, "priority_general": "Evidence Gap", "priority_education": "Evidence Gap", "priority_healthcare": "Evidence Gap", "decision_general": "Evidence Gap", "decision_education": "Evidence Gap", "decision_healthcare": "Evidence Gap", "analysis_status": "Evidence Gap", "evidence_label": "Evidence Gap", "evidence_strength_score": null, "evidence_gap_exposure": 0.22357723577235772, "evidence_gap_rank": 28.0, "validation_needed": false, "top5_general": false, "top5_education": false, "top5_healthcare": false, "top5_evidence_gap": false, "ai_cluster_id": null, "ai_profile": "Unclassified - Evidence Gap", "ai_profile_status": "Unclassified - insufficient connectivity observations", "ai_profile_description": "Insufficient observed connectivity data for GeoAI profiling.", "ai_profile_interpretation": "Not classified", "cluster_silhouette": null, "nearest_locality": "Sime Darby Plantation Ladang Tennamaram", "nearest_locality_type": "hamlet", "nearest_major_locality": "Bestari Jaya", "nearest_major_locality_type": "town", "nearest_locality_distance_km": 2.5, "nearest_major_locality_distance_km": 5.35, "locality_source": "OpenStreetMap / Geofabrik" }, "geometry": { "type": "Polygon", "coordinates": [ [ [ 101.39400676362321, 3.416846070646532 ], [ 101.394051708325605, 3.434924150852472 ], [ 101.412041394072006, 3.434878695999071 ], [ 101.41199611243583, 3.416800855569849 ], [ 101.39400676362321, 3.416846070646532 ] ] ] } },
{ "type": "Feature", "properties": { "cell_id": "KS_152", "cell_area_km2": 4.0, "center_lon": 101.421013391713, "center_lat": 3.4258169822619675, "study_area": "Kuala Selangor", "dataset_version": "2.0.0", "geoai_model_version": "kmeans-k3-v1", "network_tiles": 1, "network_tests": 1, "avg_download_mbps": 61.39, "avg_upload_mbps": 30.632, "avg_latency_ms": 33.0, "network_data_present": true, "population": 130.41433457611129, "population_pixels": 185, "population_data_present": true, "school_count": 0, "hospital_count": 0, "clinic_count": 0, "doctor_count": 0, "healthcare_count": 0, "download_gap": 0.62637362637362637, "upload_gap": 0.20879120879120883, "latency_gap": 0.85164835164835162, "connectivity_gap_score": 56.227106227106226, "population_exposure": 0.25609756097560976, "school_exposure": 0.0, "healthcare_exposure": 0.0, "general_exposure": 0.25609756097560976, "education_exposure": 0.25609756097560976, "healthcare_exposure_mode": 0.25609756097560976, "score_general": 14.399624765478425, "score_education": 14.399624765478425, "score_healthcare": 14.399624765478425, "priority_general": "Low", "priority_education": "Low", "priority_healthcare": "Low", "decision_general": "Lower relative priority", "decision_education": "Lower relative priority", "decision_healthcare": "Lower relative priority", "analysis_status": "Observed", "evidence_label": "Limited", "evidence_strength_score": 5.7692307692307692, "evidence_gap_exposure": 0.25609756097560976, "evidence_gap_rank": null, "validation_needed": false, "top5_general": false, "top5_education": false, "top5_healthcare": false, "top5_evidence_gap": false, "ai_cluster_id": 2.0, "ai_profile": "Connectivity-Constrained Areas", "ai_profile_status": "GeoAI classified", "ai_profile_description": "Areas characterised by comparatively lower download and upload performance, higher connectivity gaps, lower population density, and relatively few mapped essential-service facilities.", "ai_profile_interpretation": "Distinct recurring profile", "cluster_silhouette": 0.19354537906489616, "nearest_locality": "Sime Darby Plantation Ladang Tennamaram", "nearest_locality_type": "hamlet", "nearest_major_locality": "Bestari Jaya", "nearest_major_locality_type": "town", "nearest_locality_distance_km": 3.13, "nearest_major_locality_distance_km": 5.42, "locality_source": "OpenStreetMap / Geofabrik" }, "geometry": { "type": "Polygon", "coordinates": [ [ [ 101.41199611243583, 3.416800855569849 ], [ 101.412041394072006, 3.434878695999071 ], [ 101.430030839445877, 3.434832901669048 ], [ 101.429985220898288, 3.416755302807278 ], [ 101.41199611243583, 3.416800855569849 ] ] ] } },
{ "type": "Feature", "properties": { "cell_id": "KS_153", "cell_area_km2": 4.0, "center_lon": 101.43900254755634, "center_lat": 3.4257711394345574, "study_area": "Kuala Selangor", "dataset_version": "2.0.0", "geoai_model_version": "kmeans-k3-v1", "network_tiles": 5, "network_tests": 262, "avg_download_mbps": 278.20264122137405, "avg_upload_mbps": 50.213080152671758, "avg_latency_ms": 19.206106870229007, "network_data_present": true, "population": 2984.9355053091422, "population_pixels": 269, "population_data_present": true, "school_count": 0, "hospital_count": 0, "clinic_count": 0, "doctor_count": 0, "healthcare_count": 0, "download_gap": 0.093406593406593408, "upload_gap": 0.049450549450549497, "latency_gap": 0.27472527472527475, "connectivity_gap_score": 13.919413919413923, "population_exposure": 0.88617886178861793, "school_exposure": 0.0, "healthcare_exposure": 0.0, "general_exposure": 0.88617886178861793, "education_exposure": 0.88617886178861793, "healthcare_exposure_mode": 0.88617886178861793, "score_general": 12.335090383870876, "score_education": 12.335090383870876, "score_healthcare": 12.335090383870876, "priority_general": "Low", "priority_education": "Low", "priority_healthcare": "Low", "decision_general": "Lower relative priority", "decision_education": "Lower relative priority", "decision_healthcare": "Lower relative priority", "analysis_status": "Observed", "evidence_label": "Strong", "evidence_strength_score": 96.703296703296701, "evidence_gap_exposure": 0.88617886178861793, "evidence_gap_rank": null, "validation_needed": false, "top5_general": false, "top5_education": false, "top5_healthcare": false, "top5_evidence_gap": false, "ai_cluster_id": 0.0, "ai_profile": "Strong-Connectivity Areas", "ai_profile_status": "GeoAI classified", "ai_profile_description": "Areas characterised by comparatively strong mobile download and upload performance, lower latency, moderate population exposure, and relatively few mapped essential-service facilities.", "ai_profile_interpretation": "Distinct recurring profile", "cluster_silhouette": 0.48122003485976733, "nearest_locality": "Kampung Rantau Panjang", "nearest_locality_type": "hamlet", "nearest_major_locality": "Bestari Jaya", "nearest_major_locality_type": "town", "nearest_locality_distance_km": 2.49, "nearest_major_locality_distance_km": 6.18, "locality_source": "OpenStreetMap / Geofabrik" }, "geometry": { "type": "Polygon", "coordinates": [ [ [ 101.429985220898288, 3.416755302807278 ], [ 101.430030839445877, 3.434832901669048 ], [ 101.448020042658811, 3.434786767884964 ], [ 101.447974087222335, 3.416709412381261 ], [ 101.429985220898288, 3.416755302807278 ] ] ] } },
{ "type": "Feature", "properties": { "cell_id": "KS_154", "cell_area_km2": 2.7019397930309643, "center_lon": 101.45407264046484, "center_lat": 3.4257324743437727, "study_area": "Kuala Selangor", "dataset_version": "2.0.0", "geoai_model_version": "kmeans-k3-v1", "network_tiles": 2, "network_tests": 25, "avg_download_mbps": 192.04268, "avg_upload_mbps": 18.65348, "avg_latency_ms": 19.0, "network_data_present": true, "population": 452.72937810234725, "population_pixels": 162, "population_data_present": true, "school_count": 0, "hospital_count": 0, "clinic_count": 0, "doctor_count": 0, "healthcare_count": 0, "download_gap": 0.22527472527472525, "upload_gap": 0.49450549450549453, "latency_gap": 0.25824175824175827, "connectivity_gap_score": 32.600732600732599, "population_exposure": 0.43089430894308944, "school_exposure": 0.0, "healthcare_exposure": 0.0, "general_exposure": 0.43089430894308944, "education_exposure": 0.43089430894308944, "healthcare_exposure_mode": 0.43089430894308944, "score_general": 14.047470145031122, "score_education": 14.047470145031122, "score_healthcare": 14.047470145031122, "priority_general": "Low", "priority_education": "Low", "priority_healthcare": "Low", "decision_general": "Lower relative priority", "decision_education": "Lower relative priority", "decision_healthcare": "Lower relative priority", "analysis_status": "Observed", "evidence_label": "Good", "evidence_strength_score": 64.285714285714292, "evidence_gap_exposure": 0.43089430894308944, "evidence_gap_rank": null, "validation_needed": false, "top5_general": false, "top5_education": false, "top5_healthcare": false, "top5_evidence_gap": false, "ai_cluster_id": 0.0, "ai_profile": "Strong-Connectivity Areas", "ai_profile_status": "GeoAI classified", "ai_profile_description": "Areas characterised by comparatively strong mobile download and upload performance, lower latency, moderate population exposure, and relatively few mapped essential-service facilities.", "ai_profile_interpretation": "Distinct recurring profile", "cluster_silhouette": 0.12566544775869176, "nearest_locality": "Sime Darby Plantation Ladang Tennamaram", "nearest_locality_type": "hamlet", "nearest_major_locality": "Bestari Jaya", "nearest_major_locality_type": "town", "nearest_locality_distance_km": 2.58, "nearest_major_locality_distance_km": 7.19, "locality_source": "OpenStreetMap / Geofabrik" }, "geometry": { "type": "Polygon", "coordinates": [ [ [ 101.447974087222335, 3.416709412381261 ], [ 101.448020042658811, 3.434786767884964 ], [ 101.460347977553241, 3.434754956197363 ], [ 101.45994852419021, 3.41667867751114 ], [ 101.447974087222335, 3.416709412381261 ] ] ] } },
{ "type": "Feature", "properties": { "cell_id": "KS_155", "cell_area_km2": 0.51475687990581553, "center_lon": 101.15756860588479, "center_lat": 3.4138389618616096, "study_area": "Kuala Selangor", "dataset_version": "2.0.0", "geoai_model_version": "kmeans-k3-v1", "network_tiles": 1, "network_tests": 2, "avg_download_mbps": 124.31, "avg_upload_mbps": 12.852, "avg_latency_ms": 15.0, "network_data_present": true, "population": 413.17335195839405, "population_pixels": 50, "population_data_present": true, "school_count": 0, "hospital_count": 0, "clinic_count": 0, "doctor_count": 0, "healthcare_count": 0, "download_gap": 0.44505494505494503, "upload_gap": 0.60439560439560447, "latency_gap": 0.027472527472527472, "connectivity_gap_score": 35.897435897435898, "population_exposure": 0.39430894308943087, "school_exposure": 0.0, "healthcare_exposure": 0.0, "general_exposure": 0.39430894308943087, "education_exposure": 0.39430894308943087, "healthcare_exposure_mode": 0.39430894308943087, "score_general": 14.154680008338543, "score_education": 14.154680008338543, "score_healthcare": 14.154680008338543, "priority_general": "Low", "priority_education": "Low", "priority_healthcare": "Low", "decision_general": "Lower relative priority", "decision_education": "Lower relative priority", "decision_healthcare": "Lower relative priority", "analysis_status": "Observed", "evidence_label": "Limited", "evidence_strength_score": 14.560439560439562, "evidence_gap_exposure": 0.39430894308943087, "evidence_gap_rank": null, "validation_needed": false, "top5_general": false, "top5_education": false, "top5_healthcare": false, "top5_evidence_gap": false, "ai_cluster_id": 2.0, "ai_profile": "Connectivity-Constrained Areas", "ai_profile_status": "GeoAI classified", "ai_profile_description": "Areas characterised by comparatively lower download and upload performance, higher connectivity gaps, lower population density, and relatively few mapped essential-service facilities.", "ai_profile_interpretation": "Distinct recurring profile", "cluster_silhouette": 0.1923101051857736, "nearest_locality": "Kampung Sungai Kajang", "nearest_locality_type": "hamlet", "nearest_major_locality": "Tanjong Karang", "nearest_major_locality_type": "town", "nearest_locality_distance_km": 0.33, "nearest_major_locality_distance_km": 2.44, "locality_source": "OpenStreetMap / Geofabrik" }, "geometry": { "type": "Polygon", "coordinates": [ [ [ 101.160124171059465, 3.417403127318845 ], [ 101.160098822497361, 3.406054822164422 ], [ 101.157500778000042, 3.410269178000021 ], [ 101.152541247142977, 3.417420231017299 ], [ 101.160124171059465, 3.417403127318845 ] ] ] } },
{ "type": "Feature", "properties": { "cell_id": "KS_156", "cell_area_km2": 3.7996852042879099, "center_lon": 101.1691076157649, "center_lat": 3.4117086396477867, "study_area": "Kuala Selangor", "dataset_version": "2.0.0", "geoai_model_version": "kmeans-k3-v1", "network_tiles": 3, "network_tests": 15, "avg_download_mbps": 59.292866666666669, "avg_upload_mbps": 8.7586, "avg_latency_ms": 27.266666666666666, "network_data_present": true, "population": 2494.6423731502146, "population_pixels": 378, "population_data_present": true, "school_count": 1, "hospital_count": 0, "clinic_count": 0, "doctor_count": 0, "healthcare_count": 0, "download_gap": 0.64285714285714279, "upload_gap": 0.69230769230769229, "latency_gap": 0.73076923076923073, "connectivity_gap_score": 68.864468864468847, "population_exposure": 0.83739837398373984, "school_exposure": 0.30172413793103448, "healthcare_exposure": 0.0, "general_exposure": 0.83739837398373984, "education_exposure": 0.88645920941968037, "healthcare_exposure_mode": 0.83739837398373984, "score_general": 57.666994252360091, "score_education": 61.045542626703252, "score_healthcare": 57.666994252360091, "priority_general": "High", "priority_education": "High", "priority_healthcare": "High", "decision_general": "High priority - supported", "decision_education": "High priority - supported", "decision_healthcare": "High priority - supported", "analysis_status": "Observed", "evidence_label": "Good", "evidence_strength_score": 49.450549450549453, "evidence_gap_exposure": 0.88645920941968037, "evidence_gap_rank": null, "validation_needed": false, "top5_general": false, "top5_education": false, "top5_healthcare": false, "top5_evidence_gap": false, "ai_cluster_id": 2.0, "ai_profile": "Connectivity-Constrained Areas", "ai_profile_status": "GeoAI classified", "ai_profile_description": "Areas characterised by comparatively lower download and upload performance, higher connectivity gaps, lower population density, and relatively few mapped essential-service facilities.", "ai_profile_interpretation": "Distinct recurring profile", "cluster_silhouette": 0.25068109619556223, "nearest_locality": "Bagan Pasir", "nearest_locality_type": "hamlet", "nearest_major_locality": "Tanjong Karang", "nearest_major_locality_type": "town", "nearest_locality_distance_km": 0.88, "nearest_major_locality_distance_km": 1.95, "locality_source": "OpenStreetMap / Geofabrik" }, "geometry": { "type": "Polygon", "coordinates": [ [ [ 101.160124171059465, 3.417403127318845 ], [ 101.178116481640686, 3.41736230412538 ], [ 101.178075798919508, 3.3992814790136 ], [ 101.16557405162547, 3.399309730334309 ], [ 101.162149667000051, 3.402728081000021 ], [ 101.160098822497361, 3.406054822164422 ], [ 101.160124171059465, 3.417403127318845 ] ] ] } },
{ "type": "Feature", "properties": { "cell_id": "KS_157", "cell_area_km2": 2.2726088705622232, "center_lon": 101.45386925540713, "center_lat": 3.4092153449782976, "study_area": "Kuala Selangor", "dataset_version": "2.0.0", "geoai_model_version": "kmeans-k3-v1", "network_tiles": 0, "network_tests": 0, "avg_download_mbps": null, "avg_upload_mbps": null, "avg_latency_ms": null, "network_data_present": false, "population": 74.613803372252733, "population_pixels": 84, "population_data_present": true, "school_count": 0, "hospital_count": 0, "clinic_count": 0, "doctor_count": 0, "healthcare_count": 0, "download_gap": null, "upload_gap": null, "latency_gap": null, "connectivity_gap_score": null, "population_exposure": 0.1951219512195122, "school_exposure": 0.0, "healthcare_exposure": 0.0, "general_exposure": 0.1951219512195122, "education_exposure": 0.19512195121951215, "healthcare_exposure_mode": 0.19512195121951215, "score_general": null, "score_education": null, "score_healthcare": null, "priority_general": "Evidence Gap", "priority_education": "Evidence Gap", "priority_healthcare": "Evidence Gap", "decision_general": "Evidence Gap", "decision_education": "Evidence Gap", "decision_healthcare": "Evidence Gap", "analysis_status": "Evidence Gap", "evidence_label": "Evidence Gap", "evidence_strength_score": null, "evidence_gap_exposure": 0.1951219512195122, "evidence_gap_rank": 30.0, "validation_needed": false, "top5_general": false, "top5_education": false, "top5_healthcare": false, "top5_evidence_gap": false, "ai_cluster_id": null, "ai_profile": "Unclassified - Evidence Gap", "ai_profile_status": "Unclassified - insufficient connectivity observations", "ai_profile_description": "Insufficient observed connectivity data for GeoAI profiling.", "ai_profile_interpretation": "Not classified", "cluster_silhouette": null, "nearest_locality": "Kampung Rantau Panjang", "nearest_locality_type": "hamlet", "nearest_major_locality": "Bestari Jaya", "nearest_major_locality_type": "town", "nearest_locality_distance_km": 1.46, "nearest_major_locality_distance_km": 5.93, "locality_source": "OpenStreetMap / Geofabrik" }, "geometry": { "type": "Polygon", "coordinates": [ [ [ 101.447974087222335, 3.416709412381261 ], [ 101.45994852419021, 3.41667867751114 ], [ 101.459602596000082, 3.401015085000041 ], [ 101.45958558600006, 3.400245307000032 ], [ 101.456238386000052, 3.401730332000057 ], [ 101.448800164000033, 3.400616563000027 ], [ 101.447932562454341, 3.400291786748368 ], [ 101.447974087222335, 3.416709412381261 ] ] ] } },
{ "type": "Feature", "properties": { "cell_id": "KS_158", "cell_area_km2": 3.9615601522195099, "center_lon": 101.43895897310058, "center_lat": 3.4085235323945606, "study_area": "Kuala Selangor", "dataset_version": "2.0.0", "geoai_model_version": "kmeans-k3-v1", "network_tiles": 3, "network_tests": 3, "avg_download_mbps": 293.911, "avg_upload_mbps": 32.280333333333331, "avg_latency_ms": 16.0, "network_data_present": true, "population": 1252.3891236411873, "population_pixels": 287, "population_data_present": true, "school_count": 1, "hospital_count": 0, "clinic_count": 0, "doctor_count": 0, "healthcare_count": 0, "download_gap": 0.065934065934065922, "upload_gap": 0.14835164835164838, "latency_gap": 0.065934065934065936, "connectivity_gap_score": 9.3406593406593412, "population_exposure": 0.64227642276422769, "school_exposure": 0.30172413793103448, "healthcare_exposure": 0.0, "general_exposure": 0.64227642276422769, "education_exposure": 0.75021026072329688, "healthcare_exposure_mode": 0.64227642276422769, "score_general": 5.9992852675779504, "score_education": 7.0074584792835415, "score_healthcare": 5.9992852675779504, "priority_general": "Low", "priority_education": "Low", "priority_healthcare": "Low", "decision_general": "Lower relative priority", "decision_education": "Lower relative priority", "decision_healthcare": "Lower relative priority", "analysis_status": "Observed", "evidence_label": "Limited", "evidence_strength_score": 20.054945054945055, "evidence_gap_exposure": 0.75021026072329688, "evidence_gap_rank": null, "validation_needed": false, "top5_general": false, "top5_education": false, "top5_healthcare": false, "top5_evidence_gap": false, "ai_cluster_id": 0.0, "ai_profile": "Strong-Connectivity Areas", "ai_profile_status": "GeoAI classified", "ai_profile_description": "Areas characterised by comparatively strong mobile download and upload performance, lower latency, moderate population exposure, and relatively few mapped essential-service facilities.", "ai_profile_interpretation": "Distinct recurring profile", "cluster_silhouette": 0.46758547422511815, "nearest_locality": "Kampung Rantau Panjang", "nearest_locality_type": "hamlet", "nearest_major_locality": "Bestari Jaya", "nearest_major_locality_type": "town", "nearest_locality_distance_km": 0.59, "nearest_major_locality_distance_km": 4.58, "locality_source": "OpenStreetMap / Geofabrik" }, "geometry": { "type": "Polygon", "coordinates": [ [ [ 101.429939844489155, 3.398677696525516 ], [ 101.429985220898288, 3.416755302807278 ], [ 101.447974087222335, 3.416709412381261 ], [ 101.447932562454341, 3.400291786748368 ], [ 101.445824875000085, 3.399502794000057 ], [ 101.44474467165486, 3.398640152812444 ], [ 101.429939844489155, 3.398677696525516 ] ] ] } },
{ "type": "Feature", "properties": { "cell_id": "KS_159", "cell_area_km2": 4.0, "center_lon": 101.18709210317466, "center_lat": 3.4083014086024956, "study_area": "Kuala Selangor", "dataset_version": "2.0.0", "geoai_model_version": "kmeans-k3-v1", "network_tiles": 3, "network_tests": 9, "avg_download_mbps": 208.95722222222221, "avg_upload_mbps": 25.011111111111109, "avg_latency_ms": 20.111111111111111, "network_data_present": true, "population": 2342.6115854179952, "population_pixels": 222, "population_data_present": true, "school_count": 0, "hospital_count": 0, "clinic_count": 0, "doctor_count": 0, "healthcare_count": 0, "download_gap": 0.17032967032967028, "upload_gap": 0.36263736263736268, "latency_gap": 0.33516483516483514, "connectivity_gap_score": 28.937728937728942, "population_exposure": 0.82926829268292679, "school_exposure": 0.0, "healthcare_exposure": 0.0, "general_exposure": 0.82926829268292679, "education_exposure": 0.82926829268292679, "healthcare_exposure_mode": 0.82926829268292679, "score_general": 23.997141070311802, "score_education": 23.997141070311802, "score_healthcare": 23.997141070311802, "priority_general": "Medium", "priority_education": "Medium", "priority_healthcare": "Medium", "decision_general": "Monitor / investigate", "decision_education": "Monitor / investigate", "decision_healthcare": "Monitor / investigate", "analysis_status": "Observed", "evidence_label": "Moderate", "evidence_strength_score": 39.835164835164832, "evidence_gap_exposure": 0.82926829268292679, "evidence_gap_rank": null, "validation_needed": false, "top5_general": false, "top5_education": false, "top5_healthcare": false, "top5_evidence_gap": false, "ai_cluster_id": 0.0, "ai_profile": "Strong-Connectivity Areas", "ai_profile_status": "GeoAI classified", "ai_profile_description": "Areas characterised by comparatively strong mobile download and upload performance, lower latency, moderate population exposure, and relatively few mapped essential-service facilities.", "ai_profile_interpretation": "Distinct recurring profile", "cluster_silhouette": 0.39801903350916418, "nearest_locality": "Kampung Tok Adam", "nearest_locality_type": "hamlet", "nearest_major_locality": "Tanjong Karang", "nearest_major_locality_type": "town", "nearest_locality_distance_km": 1.12, "nearest_major_locality_distance_km": 2.18, "locality_source": "OpenStreetMap / Geofabrik" }, "geometry": { "type": "Polygon", "coordinates": [ [ [ 101.178075798919508, 3.3992814790136 ], [ 101.178116481640686, 3.41736230412538 ], [ 101.196108575129514, 3.417321142969383 ], [ 101.196067557008931, 3.399240536128692 ], [ 101.178075798919508, 3.3992814790136 ] ] ] } },
{ "type": "Feature", "properties": { "cell_id": "KS_160", "cell_area_km2": 4.0, "center_lon": 101.20508391952778, "center_lat": 3.4082601880573682, "study_area": "Kuala Selangor", "dataset_version": "2.0.0", "geoai_model_version": "kmeans-k3-v1", "network_tiles": 6, "network_tests": 36, "avg_download_mbps": 77.394555555555556, "avg_upload_mbps": 15.378888888888889, "avg_latency_ms": 25.777777777777779, "network_data_present": true, "population": 2991.727393516805, "population_pixels": 448, "population_data_present": true, "school_count": 0, "hospital_count": 0, "clinic_count": 0, "doctor_count": 0, "healthcare_count": 0, "download_gap": 0.54395604395604402, "upload_gap": 0.5494505494505495, "latency_gap": 0.68131868131868134, "connectivity_gap_score": 59.157509157509161, "population_exposure": 0.8902439024390244, "school_exposure": 0.0, "healthcare_exposure": 0.0, "general_exposure": 0.8902439024390244, "education_exposure": 0.8902439024390244, "healthcare_exposure_mode": 0.8902439024390244, "score_general": 52.664611810953275, "score_education": 52.664611810953275, "score_healthcare": 52.664611810953275, "priority_general": "High", "priority_education": "High", "priority_healthcare": "High", "decision_general": "High priority - supported", "decision_education": "High priority - supported", "decision_healthcare": "High priority - supported", "analysis_status": "Observed", "evidence_label": "Good", "evidence_strength_score": 68.681318681318686, "evidence_gap_exposure": 0.8902439024390244, "evidence_gap_rank": null, "validation_needed": false, "top5_general": false, "top5_education": false, "top5_healthcare": false, "top5_evidence_gap": false, "ai_cluster_id": 2.0, "ai_profile": "Connectivity-Constrained Areas", "ai_profile_status": "GeoAI classified", "ai_profile_description": "Areas characterised by comparatively lower download and upload performance, higher connectivity gaps, lower population density, and relatively few mapped essential-service facilities.", "ai_profile_interpretation": "Distinct recurring profile", "cluster_silhouette": 0.13096130002757633, "nearest_locality": "Kampung Sungai Gulang-Gulang", "nearest_locality_type": "village", "nearest_major_locality": "Kampung Sungai Gulang-Gulang", "nearest_major_locality_type": "village", "nearest_locality_distance_km": 1.97, "nearest_major_locality_distance_km": 1.97, "locality_source": "OpenStreetMap / Geofabrik" }, "geometry": { "type": "Polygon", "coordinates": [ [ [ 101.196067557008931, 3.399240536128692 ], [ 101.196108575129514, 3.417321142969383 ], [ 101.214100449736193, 3.417279643871141 ], [ 101.214059096236483, 3.399199257093575 ], [ 101.196067557008931, 3.399240536128692 ] ] ] } },
{ "type": "Feature", "properties": { "cell_id": "KS_161", "cell_area_km2": 4.0, "center_lon": 101.22307551611411, "center_lat": 3.4082186304761977, "study_area": "Kuala Selangor", "dataset_version": "2.0.0", "geoai_model_version": "kmeans-k3-v1", "network_tiles": 0, "network_tests": 0, "avg_download_mbps": null, "avg_upload_mbps": null, "avg_latency_ms": null, "network_data_present": false, "population": 627.59976165462285, "population_pixels": 222, "population_data_present": true, "school_count": 0, "hospital_count": 0, "clinic_count": 0, "doctor_count": 0, "healthcare_count": 0, "download_gap": null, "upload_gap": null, "latency_gap": null, "connectivity_gap_score": null, "population_exposure": 0.48373983739837401, "school_exposure": 0.0, "healthcare_exposure": 0.0, "general_exposure": 0.48373983739837401, "education_exposure": 0.48373983739837401, "healthcare_exposure_mode": 0.48373983739837401, "score_general": null, "score_education": null, "score_healthcare": null, "priority_general": "Evidence Gap", "priority_education": "Evidence Gap", "priority_healthcare": "Evidence Gap", "decision_general": "Evidence Gap", "decision_education": "Evidence Gap", "decision_healthcare": "Evidence Gap", "analysis_status": "Evidence Gap", "evidence_label": "Evidence Gap", "evidence_strength_score": null, "evidence_gap_exposure": 0.48373983739837401, "evidence_gap_rank": 5.0, "validation_needed": false, "top5_general": false, "top5_education": false, "top5_healthcare": false, "top5_evidence_gap": true, "ai_cluster_id": null, "ai_profile": "Unclassified - Evidence Gap", "ai_profile_status": "Unclassified - insufficient connectivity observations", "ai_profile_description": "Insufficient observed connectivity data for GeoAI profiling.", "ai_profile_interpretation": "Not classified", "cluster_silhouette": null, "nearest_locality": "Kampung Parit Serong", "nearest_locality_type": "village", "nearest_major_locality": "Kampung Parit Serong", "nearest_major_locality_type": "village", "nearest_locality_distance_km": 1.66, "nearest_major_locality_distance_km": 1.66, "locality_source": "OpenStreetMap / Geofabrik" }, "geometry": { "type": "Polygon", "coordinates": [ [ [ 101.214059096236483, 3.399199257093575 ], [ 101.214100449736193, 3.417279643871141 ], [ 101.232092103671093, 3.417237806851102 ], [ 101.232050414812676, 3.39915764192859 ], [ 101.214059096236483, 3.399199257093575 ] ] ] } },
{ "type": "Feature", "properties": { "cell_id": "KS_162", "cell_area_km2": 4.0, "center_lon": 101.24106689114417, "center_lat": 3.4081767358794641, "study_area": "Kuala Selangor", "dataset_version": "2.0.0", "geoai_model_version": "kmeans-k3-v1", "network_tiles": 0, "network_tests": 0, "avg_download_mbps": null, "avg_upload_mbps": null, "avg_latency_ms": null, "network_data_present": false, "population": 471.02768840524368, "population_pixels": 240, "population_data_present": true, "school_count": 0, "hospital_count": 0, "clinic_count": 0, "doctor_count": 0, "healthcare_count": 0, "download_gap": null, "upload_gap": null, "latency_gap": null, "connectivity_gap_score": null, "population_exposure": 0.43902439024390244, "school_exposure": 0.0, "healthcare_exposure": 0.0, "general_exposure": 0.43902439024390244, "education_exposure": 0.43902439024390238, "healthcare_exposure_mode": 0.43902439024390238, "score_general": null, "score_education": null, "score_healthcare": null, "priority_general": "Evidence Gap", "priority_education": "Evidence Gap", "priority_healthcare": "Evidence Gap", "decision_general": "Evidence Gap", "decision_education": "Evidence Gap", "decision_healthcare": "Evidence Gap", "analysis_status": "Evidence Gap", "evidence_label": "Evidence Gap", "evidence_strength_score": null, "evidence_gap_exposure": 0.43902439024390244, "evidence_gap_rank": 7.0, "validation_needed": false, "top5_general": false, "top5_education": false, "top5_healthcare": false, "top5_evidence_gap": false, "ai_cluster_id": null, "ai_profile": "Unclassified - Evidence Gap", "ai_profile_status": "Unclassified - insufficient connectivity observations", "ai_profile_description": "Insufficient observed connectivity data for GeoAI profiling.", "ai_profile_interpretation": "Not classified", "cluster_silhouette": null, "nearest_locality": "Kampung Parit Serong", "nearest_locality_type": "village", "nearest_major_locality": "Kampung Parit Serong", "nearest_major_locality_type": "village", "nearest_locality_distance_km": 2.26, "nearest_major_locality_distance_km": 2.26, "locality_source": "OpenStreetMap / Geofabrik" }, "geometry": { "type": "Polygon", "coordinates": [ [ [ 101.232050414812676, 3.39915764192859 ], [ 101.232092103671093, 3.417237806851102 ], [ 101.250083535144739, 3.417195631929886 ], [ 101.250041510948193, 3.399115690654243 ], [ 101.232050414812676, 3.39915764192859 ] ] ] } },
{ "type": "Feature", "properties": { "cell_id": "KS_163", "cell_area_km2": 4.0, "center_lon": 101.2590580428286, "center_lat": 3.4081345042878124, "study_area": "Kuala Selangor", "dataset_version": "2.0.0", "geoai_model_version": "kmeans-k3-v1", "network_tiles": 0, "network_tests": 0, "avg_download_mbps": null, "avg_upload_mbps": null, "avg_latency_ms": null, "network_data_present": false, "population": 102.06890928279608, "population_pixels": 68, "population_data_present": true, "school_count": 0, "hospital_count": 0, "clinic_count": 0, "doctor_count": 0, "healthcare_count": 0, "download_gap": null, "upload_gap": null, "latency_gap": null, "connectivity_gap_score": null, "population_exposure": 0.22764227642276422, "school_exposure": 0.0, "healthcare_exposure": 0.0, "general_exposure": 0.22764227642276422, "education_exposure": 0.22764227642276424, "healthcare_exposure_mode": 0.22764227642276424, "score_general": null, "score_education": null, "score_healthcare": null, "priority_general": "Evidence Gap", "priority_education": "Evidence Gap", "priority_healthcare": "Evidence Gap", "decision_general": "Evidence Gap", "decision_education": "Evidence Gap", "decision_healthcare": "Evidence Gap", "analysis_status": "Evidence Gap", "evidence_label": "Evidence Gap", "evidence_strength_score": null, "evidence_gap_exposure": 0.22764227642276422, "evidence_gap_rank": 27.0, "validation_needed": false, "top5_general": false, "top5_education": false, "top5_healthcare": false, "top5_evidence_gap": false, "ai_cluster_id": null, "ai_profile": "Unclassified - Evidence Gap", "ai_profile_status": "Unclassified - insufficient connectivity observations", "ai_profile_description": "Insufficient observed connectivity data for GeoAI profiling.", "ai_profile_interpretation": "Not classified", "cluster_silhouette": null, "nearest_locality": "Ladang Raja Musa", "nearest_locality_type": "locality", "nearest_major_locality": "Kampung Parit Serong", "nearest_major_locality_type": "village", "nearest_locality_distance_km": 2.6, "nearest_major_locality_distance_km": 3.93, "locality_source": "OpenStreetMap / Geofabrik" }, "geometry": { "type": "Polygon", "coordinates": [ [ [ 101.250041510948193, 3.399115690654243 ], [ 101.250083535144739, 3.417195631929886 ], [ 101.268074742367688, 3.417153119128274 ], [ 101.268032382853775, 3.399073403291209 ], [ 101.250041510948193, 3.399115690654243 ] ] ] } },
{ "type": "Feature", "properties": { "cell_id": "KS_164", "cell_area_km2": 4.0, "center_lon": 101.27704896937811, "center_lat": 3.408091935722052, "study_area": "Kuala Selangor", "dataset_version": "2.0.0", "geoai_model_version": "kmeans-k3-v1", "network_tiles": 2, "network_tests": 2, "avg_download_mbps": 62.1775, "avg_upload_mbps": 2.1455, "avg_latency_ms": 21.5, "network_data_present": true, "population": 347.82630203291774, "population_pixels": 101, "population_data_present": true, "school_count": 1, "hospital_count": 0, "clinic_count": 0, "doctor_count": 0, "healthcare_count": 0, "download_gap": 0.62087912087912089, "upload_gap": 0.88461538461538458, "latency_gap": 0.40934065934065933, "connectivity_gap_score": 63.827838827838825, "population_exposure": 0.37398373983739835, "school_exposure": 0.30172413793103448, "healthcare_exposure": 0.0, "general_exposure": 0.37398373983739835, "education_exposure": 0.56286795626576958, "healthcare_exposure_mode": 0.37398373983739841, "score_general": 23.870573870573867, "score_education": 35.926645193886571, "score_healthcare": 23.870573870573871, "priority_general": "Medium", "priority_education": "Medium", "priority_healthcare": "Medium", "decision_general": "Monitor / investigate", "decision_education": "Monitor / investigate", "decision_healthcare": "Monitor / investigate", "analysis_status": "Observed", "evidence_label": "Limited", "evidence_strength_score": 14.560439560439562, "evidence_gap_exposure": 0.56286795626576958, "evidence_gap_rank": null, "validation_needed": false, "top5_general": false, "top5_education": false, "top5_healthcare": false, "top5_evidence_gap": false, "ai_cluster_id": 2.0, "ai_profile": "Connectivity-Constrained Areas", "ai_profile_status": "GeoAI classified", "ai_profile_description": "Areas characterised by comparatively lower download and upload performance, higher connectivity gaps, lower population density, and relatively few mapped essential-service facilities.", "ai_profile_interpretation": "Distinct recurring profile", "cluster_silhouette": 0.4103176125503093, "nearest_locality": "Ladang Raja Musa", "nearest_locality_type": "locality", "nearest_major_locality": "Kampung Parit Serong", "nearest_major_locality_type": "village", "nearest_locality_distance_km": 0.61, "nearest_major_locality_distance_km": 5.82, "locality_source": "OpenStreetMap / Geofabrik" }, "geometry": { "type": "Polygon", "coordinates": [ [ [ 101.268032382853775, 3.399073403291209 ], [ 101.268074742367688, 3.417153119128274 ], [ 101.286065723550664, 3.417110268467216 ], [ 101.286023028740303, 3.399030779860323 ], [ 101.268032382853775, 3.399073403291209 ] ] ] } },
{ "type": "Feature", "properties": { "cell_id": "KS_165", "cell_area_km2": 4.0, "center_lon": 101.29503966900356, "center_lat": 3.4080490302031605, "study_area": "Kuala Selangor", "dataset_version": "2.0.0", "geoai_model_version": "kmeans-k3-v1", "network_tiles": 1, "network_tests": 1, "avg_download_mbps": 20.901, "avg_upload_mbps": 10.343, "avg_latency_ms": 25.0, "network_data_present": true, "population": 80.629617810249329, "population_pixels": 70, "population_data_present": true, "school_count": 0, "hospital_count": 0, "clinic_count": 0, "doctor_count": 0, "healthcare_count": 0, "download_gap": 0.85164835164835162, "upload_gap": 0.66483516483516492, "latency_gap": 0.63186813186813184, "connectivity_gap_score": 71.611721611721606, "population_exposure": 0.2073170731707317, "school_exposure": 0.0, "healthcare_exposure": 0.0, "general_exposure": 0.2073170731707317, "education_exposure": 0.20731707317073167, "healthcare_exposure_mode": 0.20731707317073167, "score_general": 14.846332529259357, "score_education": 14.846332529259357, "score_healthcare": 14.846332529259357, "priority_general": "Medium", "priority_education": "Medium", "priority_healthcare": "Medium", "decision_general": "Monitor / investigate", "decision_education": "Monitor / investigate", "decision_healthcare": "Monitor / investigate", "analysis_status": "Observed", "evidence_label": "Limited", "evidence_strength_score": 5.7692307692307692, "evidence_gap_exposure": 0.2073170731707317, "evidence_gap_rank": null, "validation_needed": false, "top5_general": false, "top5_education": false, "top5_healthcare": false, "top5_evidence_gap": false, "ai_cluster_id": 2.0, "ai_profile": "Connectivity-Constrained Areas", "ai_profile_status": "GeoAI classified", "ai_profile_description": "Areas characterised by comparatively lower download and upload performance, higher connectivity gaps, lower population density, and relatively few mapped essential-service facilities.", "ai_profile_interpretation": "Distinct recurring profile", "cluster_silhouette": 0.43699458177045925, "nearest_locality": "Ladang Raja Musa", "nearest_locality_type": "locality", "nearest_major_locality": "Kampung Parit Serong", "nearest_major_locality_type": "village", "nearest_locality_distance_km": 1.41, "nearest_major_locality_distance_km": 7.76, "locality_source": "OpenStreetMap / Geofabrik" }, "geometry": { "type": "Polygon", "coordinates": [ [ [ 101.286023028740303, 3.399030779860323 ], [ 101.286065723550664, 3.417110268467216 ], [ 101.304056476904492, 3.417067079967828 ], [ 101.304013446818772, 3.398987820382589 ], [ 101.286023028740303, 3.399030779860323 ] ] ] } },
{ "type": "Feature", "properties": { "cell_id": "KS_166", "cell_area_km2": 4.0, "center_lon": 101.31303013991591, "center_lat": 3.4080057877522778, "study_area": "Kuala Selangor", "dataset_version": "2.0.0", "geoai_model_version": "kmeans-k3-v1", "network_tiles": 4, "network_tests": 8, "avg_download_mbps": 40.861375, "avg_upload_mbps": 12.806625, "avg_latency_ms": 26.5, "network_data_present": true, "population": 1179.2900252752006, "population_pixels": 302, "population_data_present": true, "school_count": 1, "hospital_count": 0, "clinic_count": 0, "doctor_count": 0, "healthcare_count": 0, "download_gap": 0.73076923076923084, "upload_gap": 0.60989010989010994, "latency_gap": 0.69780219780219777, "connectivity_gap_score": 67.948717948717942, "population_exposure": 0.63414634146341464, "school_exposure": 0.30172413793103448, "healthcare_exposure": 0.0, "general_exposure": 0.63414634146341464, "education_exposure": 0.74453322119428089, "healthcare_exposure_mode": 0.63414634146341464, "score_general": 43.08943089430894, "score_education": 50.590077850380624, "score_healthcare": 43.08943089430894, "priority_general": "High", "priority_education": "High", "priority_healthcare": "High", "decision_general": "High priority - validate evidence", "decision_education": "High priority - validate evidence", "decision_healthcare": "High priority - validate evidence", "analysis_status": "Observed", "evidence_label": "Moderate", "evidence_strength_score": 36.538461538461533, "evidence_gap_exposure": 0.74453322119428089, "evidence_gap_rank": null, "validation_needed": true, "top5_general": false, "top5_education": false, "top5_healthcare": false, "top5_evidence_gap": false, "ai_cluster_id": 2.0, "ai_profile": "Connectivity-Constrained Areas", "ai_profile_status": "GeoAI classified", "ai_profile_description": "Areas characterised by comparatively lower download and upload performance, higher connectivity gaps, lower population density, and relatively few mapped essential-service facilities.", "ai_profile_interpretation": "Distinct recurring profile", "cluster_silhouette": 0.31786482283075224, "nearest_locality": "Ladang Raja Musa", "nearest_locality_type": "locality", "nearest_major_locality": "Pasir Penambang", "nearest_major_locality_type": "suburb", "nearest_locality_distance_km": 3.41, "nearest_major_locality_distance_km": 9.21, "locality_source": "OpenStreetMap / Geofabrik" }, "geometry": { "type": "Polygon", "coordinates": [ [ [ 101.304013446818772, 3.398987820382589 ], [ 101.304056476904492, 3.417067079967828 ], [ 101.322047000640111, 3.417023553651388 ], [ 101.322003635300263, 3.398944524879175 ], [ 101.304013446818772, 3.398987820382589 ] ] ] } },
{ "type": "Feature", "properties": { "cell_id": "KS_167", "cell_area_km2": 4.0, "center_lon": 101.33102038032625, "center_lat": 3.4079622083907108, "study_area": "Kuala Selangor", "dataset_version": "2.0.0", "geoai_model_version": "kmeans-k3-v1", "network_tiles": 1, "network_tests": 1, "avg_download_mbps": 7.051, "avg_upload_mbps": 1.316, "avg_latency_ms": 39.0, "network_data_present": true, "population": 75.929404273629189, "population_pixels": 86, "population_data_present": true, "school_count": 0, "hospital_count": 0, "clinic_count": 0, "doctor_count": 0, "healthcare_count": 0, "download_gap": 0.96153846153846156, "upload_gap": 0.91758241758241754, "latency_gap": 0.90109890109890112, "connectivity_gap_score": 92.673992673992672, "population_exposure": 0.2032520325203252, "school_exposure": 0.0, "healthcare_exposure": 0.0, "general_exposure": 0.2032520325203252, "education_exposure": 0.2032520325203252, "healthcare_exposure_mode": 0.2032520325203252, "score_general": 18.836177372762737, "score_education": 18.836177372762737, "score_healthcare": 18.836177372762737, "priority_general": "Medium", "priority_education": "Medium", "priority_healthcare": "Medium", "decision_general": "Monitor / investigate", "decision_education": "Monitor / investigate", "decision_healthcare": "Monitor / investigate", "analysis_status": "Observed", "evidence_label": "Limited", "evidence_strength_score": 5.7692307692307692, "evidence_gap_exposure": 0.2032520325203252, "evidence_gap_rank": null, "validation_needed": false, "top5_general": false, "top5_education": false, "top5_healthcare": false, "top5_evidence_gap": false, "ai_cluster_id": 2.0, "ai_profile": "Connectivity-Constrained Areas", "ai_profile_status": "GeoAI classified", "ai_profile_description": "Areas characterised by comparatively lower download and upload performance, higher connectivity gaps, lower population density, and relatively few mapped essential-service facilities.", "ai_profile_interpretation": "Distinct recurring profile", "cluster_silhouette": 0.45836089448054212, "nearest_locality": "Ladang Raja Musa", "nearest_locality_type": "locality", "nearest_major_locality": "Bestari Jaya", "nearest_major_locality_type": "town", "nearest_locality_distance_km": 5.41, "nearest_major_locality_distance_km": 9.41, "locality_source": "OpenStreetMap / Geofabrik" }, "geometry": { "type": "Polygon", "coordinates": [ [ [ 101.322003635300263, 3.398944524879175 ], [ 101.322047000640111, 3.417023553651388 ], [ 101.340037292968574, 3.416979689539343 ], [ 101.339993592396013, 3.39890089337141 ], [ 101.322003635300263, 3.398944524879175 ] ] ] } },
{ "type": "Feature", "properties": { "cell_id": "KS_168", "cell_area_km2": 4.0, "center_lon": 101.34901038844575, "center_lat": 3.4079182921399327, "study_area": "Kuala Selangor", "dataset_version": "2.0.0", "geoai_model_version": "kmeans-k3-v1", "network_tiles": 3, "network_tests": 25, "avg_download_mbps": 12.55512, "avg_upload_mbps": 2.6532, "avg_latency_ms": 37.44, "network_data_present": true, "population": 424.23850706592202, "population_pixels": 153, "population_data_present": true, "school_count": 0, "hospital_count": 0, "clinic_count": 0, "doctor_count": 0, "healthcare_count": 0, "download_gap": 0.90659340659340659, "upload_gap": 0.86813186813186816, "latency_gap": 0.88461538461538458, "connectivity_gap_score": 88.644688644688642, "population_exposure": 0.41056910569105692, "school_exposure": 0.0, "healthcare_exposure": 0.0, "general_exposure": 0.41056910569105692, "education_exposure": 0.41056910569105698, "healthcare_exposure_mode": 0.41056910569105698, "score_general": 36.394770541112003, "score_education": 36.39477054111201, "score_healthcare": 36.39477054111201, "priority_general": "Medium", "priority_education": "Medium", "priority_healthcare": "Medium", "decision_general": "Monitor / investigate", "decision_education": "Monitor / investigate", "decision_healthcare": "Monitor / investigate", "analysis_status": "Observed", "evidence_label": "Good", "evidence_strength_score": 64.285714285714292, "evidence_gap_exposure": 0.41056910569105692, "evidence_gap_rank": null, "validation_needed": false, "top5_general": false, "top5_education": false, "top5_healthcare": false, "top5_evidence_gap": false, "ai_cluster_id": 2.0, "ai_profile": "Connectivity-Constrained Areas", "ai_profile_status": "GeoAI classified", "ai_profile_description": "Areas characterised by comparatively lower download and upload performance, higher connectivity gaps, lower population density, and relatively few mapped essential-service facilities.", "ai_profile_interpretation": "Distinct recurring profile", "cluster_silhouette": 0.5141128567765354, "nearest_locality": "Kampung Sri Makmur", "nearest_locality_type": "hamlet", "nearest_major_locality": "Bestari Jaya", "nearest_major_locality_type": "town", "nearest_locality_distance_km": 3.92, "nearest_major_locality_distance_km": 7.57, "locality_source": "OpenStreetMap / Geofabrik" }, "geometry": { "type": "Polygon", "coordinates": [ [ [ 101.339993592396013, 3.39890089337141 ], [ 101.340037292968574, 3.416979689539343 ], [ 101.358027352101033, 3.416935487653306 ], [ 101.357983316317345, 3.398856925880792 ], [ 101.339993592396013, 3.39890089337141 ] ] ] } },
{ "type": "Feature", "properties": { "cell_id": "KS_169", "cell_area_km2": 4.0, "center_lon": 101.36700016248572, "center_lat": 3.407874039021578, "study_area": "Kuala Selangor", "dataset_version": "2.0.0", "geoai_model_version": "kmeans-k3-v1", "network_tiles": 1, "network_tests": 2, "avg_download_mbps": 82.742, "avg_upload_mbps": 26.709, "avg_latency_ms": 24.0, "network_data_present": true, "population": 328.37529444508255, "population_pixels": 130, "population_data_present": true, "school_count": 0, "hospital_count": 0, "clinic_count": 0, "doctor_count": 0, "healthcare_count": 0, "download_gap": 0.52747252747252749, "upload_gap": 0.30769230769230771, "latency_gap": 0.56593406593406592, "connectivity_gap_score": 46.703296703296701, "population_exposure": 0.36585365853658536, "school_exposure": 0.0, "healthcare_exposure": 0.0, "general_exposure": 0.36585365853658536, "education_exposure": 0.36585365853658536, "healthcare_exposure_mode": 0.36585365853658536, "score_general": 17.086571964620742, "score_education": 17.086571964620742, "score_healthcare": 17.086571964620742, "priority_general": "Medium", "priority_education": "Medium", "priority_healthcare": "Medium", "decision_general": "Monitor / investigate", "decision_education": "Monitor / investigate", "decision_healthcare": "Monitor / investigate", "analysis_status": "Observed", "evidence_label": "Limited", "evidence_strength_score": 14.560439560439562, "evidence_gap_exposure": 0.36585365853658536, "evidence_gap_rank": null, "validation_needed": false, "top5_general": false, "top5_education": false, "top5_healthcare": false, "top5_evidence_gap": false, "ai_cluster_id": 2.0, "ai_profile": "Connectivity-Constrained Areas", "ai_profile_status": "GeoAI classified", "ai_profile_description": "Areas characterised by comparatively lower download and upload performance, higher connectivity gaps, lower population density, and relatively few mapped essential-service facilities.", "ai_profile_interpretation": "Distinct recurring profile", "cluster_silhouette": 0.12826481467550957, "nearest_locality": "Kampung Sri Makmur", "nearest_locality_type": "hamlet", "nearest_major_locality": "Bestari Jaya", "nearest_major_locality_type": "town", "nearest_locality_distance_km": 1.93, "nearest_major_locality_distance_km": 5.83, "locality_source": "OpenStreetMap / Geofabrik" }, "geometry": { "type": "Polygon", "coordinates": [ [ [ 101.357983316317345, 3.398856925880792 ], [ 101.358027352101033, 3.416935487653306 ], [ 101.376017176248794, 3.416890948015055 ], [ 101.375972805275708, 3.398812622428987 ], [ 101.357983316317345, 3.398856925880792 ] ] ] } },
{ "type": "Feature", "properties": { "cell_id": "KS_170", "cell_area_km2": 4.0, "center_lon": 101.38498970065758, "center_lat": 3.4078294490574517, "study_area": "Kuala Selangor", "dataset_version": "2.0.0", "geoai_model_version": "kmeans-k3-v1", "network_tiles": 1, "network_tests": 6, "avg_download_mbps": 352.96, "avg_upload_mbps": 33.326, "avg_latency_ms": 22.0, "network_data_present": true, "population": 350.57087925821543, "population_pixels": 149, "population_data_present": true, "school_count": 0, "hospital_count": 0, "clinic_count": 0, "doctor_count": 0, "healthcare_count": 0, "download_gap": 0.038461538461538436, "upload_gap": 0.13736263736263732, "latency_gap": 0.46978021978021978, "connectivity_gap_score": 21.520146520146518, "population_exposure": 0.37804878048780488, "school_exposure": 0.0, "healthcare_exposure": 0.0, "general_exposure": 0.37804878048780488, "education_exposure": 0.37804878048780488, "healthcare_exposure_mode": 0.37804878048780488, "score_general": 8.1356651478602693, "score_education": 8.1356651478602693, "score_healthcare": 8.1356651478602693, "priority_general": "Low", "priority_education": "Low", "priority_healthcare": "Low", "decision_general": "Lower relative priority", "decision_education": "Lower relative priority", "decision_healthcare": "Lower relative priority", "analysis_status": "Observed", "evidence_label": "Moderate", "evidence_strength_score": 28.571428571428569, "evidence_gap_exposure": 0.37804878048780488, "evidence_gap_rank": null, "validation_needed": false, "top5_general": false, "top5_education": false, "top5_healthcare": false, "top5_evidence_gap": false, "ai_cluster_id": 0.0, "ai_profile": "Strong-Connectivity Areas", "ai_profile_status": "GeoAI classified", "ai_profile_description": "Areas characterised by comparatively strong mobile download and upload performance, lower latency, moderate population exposure, and relatively few mapped essential-service facilities.", "ai_profile_interpretation": "Distinct recurring profile", "cluster_silhouette": 0.38336063921978836, "nearest_locality": "Kampung Sri Makmur", "nearest_locality_type": "hamlet", "nearest_major_locality": "Bestari Jaya", "nearest_major_locality_type": "town", "nearest_locality_distance_km": 0.35, "nearest_major_locality_distance_km": 4.33, "locality_source": "OpenStreetMap / Geofabrik" }, "geometry": { "type": "Polygon", "coordinates": [ [ [ 101.375972805275708, 3.398812622428987 ], [ 101.376017176248794, 3.416890948015055 ], [ 101.39400676362321, 3.416846070646532 ], [ 101.393962057482639, 3.398767983037815 ], [ 101.375972805275708, 3.398812622428987 ] ] ] } },
{ "type": "Feature", "properties": { "cell_id": "KS_171", "cell_area_km2": 4.0, "center_lon": 101.40297900117289, "center_lat": 3.40778452226952, "study_area": "Kuala Selangor", "dataset_version": "2.0.0", "geoai_model_version": "kmeans-k3-v1", "network_tiles": 2, "network_tests": 3, "avg_download_mbps": 33.227666666666664, "avg_upload_mbps": 0.3086666666666667, "avg_latency_ms": 53.666666666666664, "network_data_present": true, "population": 840.47353182686493, "population_pixels": 294, "population_data_present": true, "school_count": 0, "hospital_count": 0, "clinic_count": 0, "doctor_count": 0, "healthcare_count": 0, "download_gap": 0.77472527472527475, "upload_gap": 0.97802197802197799, "latency_gap": 0.9505494505494505, "connectivity_gap_score": 90.109890109890117, "population_exposure": 0.54471544715447151, "school_exposure": 0.0, "healthcare_exposure": 0.0, "general_exposure": 0.54471544715447151, "education_exposure": 0.54471544715447151, "healthcare_exposure_mode": 0.54471544715447151, "score_general": 49.08424908424908, "score_education": 49.08424908424908, "score_healthcare": 49.08424908424908, "priority_general": "High", "priority_education": "High", "priority_healthcare": "High", "decision_general": "High priority - validate evidence", "decision_education": "High priority - validate evidence", "decision_healthcare": "High priority - validate evidence", "analysis_status": "Observed", "evidence_label": "Limited", "evidence_strength_score": 20.054945054945055, "evidence_gap_exposure": 0.54471544715447151, "evidence_gap_rank": null, "validation_needed": true, "top5_general": false, "top5_education": false, "top5_healthcare": false, "top5_evidence_gap": false, "ai_cluster_id": 2.0, "ai_profile": "Connectivity-Constrained Areas", "ai_profile_status": "GeoAI classified", "ai_profile_description": "Areas characterised by comparatively lower download and upload performance, higher connectivity gaps, lower population density, and relatively few mapped essential-service facilities.", "ai_profile_interpretation": "Distinct recurring profile", "cluster_silhouette": 0.39535065236205785, "nearest_locality": "Sime Darby Plantation Ladang Tennamaram", "nearest_locality_type": "hamlet", "nearest_major_locality": "Bestari Jaya", "nearest_major_locality_type": "town", "nearest_locality_distance_km": 0.51, "nearest_major_locality_distance_km": 3.39, "locality_source": "OpenStreetMap / Geofabrik" }, "geometry": { "type": "Polygon", "coordinates": [ [ [ 101.393962057482639, 3.398767983037815 ], [ 101.39400676362321, 3.416846070646532 ], [ 101.41199611243583, 3.416800855569849 ], [ 101.411951071149872, 3.398723007729273 ], [ 101.393962057482639, 3.398767983037815 ] ] ] } },
{ "type": "Feature", "properties": { "cell_id": "KS_172", "cell_area_km2": 4.0, "center_lon": 101.42096806224329, "center_lat": 3.4077392586799173, "study_area": "Kuala Selangor", "dataset_version": "2.0.0", "geoai_model_version": "kmeans-k3-v1", "network_tiles": 1, "network_tests": 1, "avg_download_mbps": 18.845, "avg_upload_mbps": 6.756, "avg_latency_ms": 22.0, "network_data_present": true, "population": 1032.855944449082, "population_pixels": 249, "population_data_present": true, "school_count": 0, "hospital_count": 0, "clinic_count": 0, "doctor_count": 0, "healthcare_count": 0, "download_gap": 0.86813186813186816, "upload_gap": 0.73626373626373631, "latency_gap": 0.46978021978021978, "connectivity_gap_score": 69.139194139194146, "population_exposure": 0.61382113821138207, "school_exposure": 0.0, "healthcare_exposure": 0.0, "general_exposure": 0.61382113821138207, "education_exposure": 0.61382113821138207, "healthcare_exposure_mode": 0.61382113821138207, "score_general": 42.43909884153787, "score_education": 42.43909884153787, "score_healthcare": 42.43909884153787, "priority_general": "High", "priority_education": "High", "priority_healthcare": "High", "decision_general": "High priority - validate evidence", "decision_education": "High priority - validate evidence", "decision_healthcare": "High priority - validate evidence", "analysis_status": "Observed", "evidence_label": "Limited", "evidence_strength_score": 5.7692307692307692, "evidence_gap_exposure": 0.61382113821138207, "evidence_gap_rank": null, "validation_needed": true, "top5_general": false, "top5_education": false, "top5_healthcare": false, "top5_evidence_gap": false, "ai_cluster_id": 2.0, "ai_profile": "Connectivity-Constrained Areas", "ai_profile_status": "GeoAI classified", "ai_profile_description": "Areas characterised by comparatively lower download and upload performance, higher connectivity gaps, lower population density, and relatively few mapped essential-service facilities.", "ai_profile_interpretation": "Distinct recurring profile", "cluster_silhouette": 0.44558355528766147, "nearest_locality": "Sime Darby Plantation Ladang Tennamaram", "nearest_locality_type": "hamlet", "nearest_major_locality": "Bestari Jaya", "nearest_major_locality_type": "town", "nearest_locality_distance_km": 1.95, "nearest_major_locality_distance_km": 3.5, "locality_source": "OpenStreetMap / Geofabrik" }, "geometry": { "type": "Polygon", "coordinates": [ [ [ 101.411951071149872, 3.398723007729273 ], [ 101.41199611243583, 3.416800855569849 ], [ 101.429985220898288, 3.416755302807278 ], [ 101.429939844489155, 3.398677696525516 ], [ 101.411951071149872, 3.398723007729273 ] ] ] } },
{ "type": "Feature", "properties": { "cell_id": "KS_173", "cell_area_km2": 4.0, "center_lon": 101.18705136173735, "center_lat": 3.3902206887623252, "study_area": "Kuala Selangor", "dataset_version": "2.0.0", "geoai_model_version": "kmeans-k3-v1", "network_tiles": 6, "network_tests": 23, "avg_download_mbps": 58.073739130434781, "avg_upload_mbps": 14.920826086956522, "avg_latency_ms": 27.260869565217391, "network_data_present": true, "population": 2097.6356105729938, "population_pixels": 289, "population_data_present": true, "school_count": 0, "hospital_count": 0, "clinic_count": 0, "doctor_count": 0, "healthcare_count": 0, "download_gap": 0.65384615384615385, "upload_gap": 0.56043956043956045, "latency_gap": 0.72527472527472525, "connectivity_gap_score": 64.652014652014657, "population_exposure": 0.80487804878048785, "school_exposure": 0.0, "healthcare_exposure": 0.0, "general_exposure": 0.80487804878048785, "education_exposure": 0.80487804878048785, "healthcare_exposure_mode": 0.80487804878048785, "score_general": 52.036987402841071, "score_education": 52.036987402841071, "score_healthcare": 52.036987402841071, "priority_general": "High", "priority_education": "High", "priority_healthcare": "High", "decision_general": "High priority - supported", "decision_education": "High priority - supported", "decision_healthcare": "High priority - supported", "analysis_status": "Observed", "evidence_label": "Good", "evidence_strength_score": 61.26373626373627, "evidence_gap_exposure": 0.80487804878048785, "evidence_gap_rank": null, "validation_needed": false, "top5_general": false, "top5_education": false, "top5_healthcare": false, "top5_evidence_gap": false, "ai_cluster_id": 2.0, "ai_profile": "Connectivity-Constrained Areas", "ai_profile_status": "GeoAI classified", "ai_profile_description": "Areas characterised by comparatively lower download and upload performance, higher connectivity gaps, lower population density, and relatively few mapped essential-service facilities.", "ai_profile_interpretation": "Distinct recurring profile", "cluster_silhouette": 0.24456087299995191, "nearest_locality": "Kampung Sungai Tunggal Baru", "nearest_locality_type": "hamlet", "nearest_major_locality": "Tanjong Karang", "nearest_major_locality_type": "town", "nearest_locality_distance_km": 1.67, "nearest_major_locality_distance_km": 4.01, "locality_source": "OpenStreetMap / Geofabrik" }, "geometry": { "type": "Polygon", "coordinates": [ [ [ 101.178035333270671, 3.38120064663548 ], [ 101.178075798919508, 3.3992814790136 ], [ 101.196067557008931, 3.399240536128692 ], [ 101.196026757750275, 3.381159922013893 ], [ 101.178035333270671, 3.38120064663548 ] ] ] } },
{ "type": "Feature", "properties": { "cell_id": "KS_174", "cell_area_km2": 4.0, "center_lon": 101.20504284359596, "center_lat": 3.3901796873804133, "study_area": "Kuala Selangor", "dataset_version": "2.0.0", "geoai_model_version": "kmeans-k3-v1", "network_tiles": 3, "network_tests": 15, "avg_download_mbps": 8.1403333333333325, "avg_upload_mbps": 1.7678666666666665, "avg_latency_ms": 27.466666666666665, "network_data_present": true, "population": 1176.8843846991658, "population_pixels": 361, "population_data_present": true, "school_count": 0, "hospital_count": 0, "clinic_count": 0, "doctor_count": 0, "healthcare_count": 0, "download_gap": 0.9505494505494505, "upload_gap": 0.90659340659340659, "latency_gap": 0.74175824175824179, "connectivity_gap_score": 86.630036630036628, "population_exposure": 0.63008130081300817, "school_exposure": 0.0, "healthcare_exposure": 0.0, "general_exposure": 0.63008130081300817, "education_exposure": 0.63008130081300817, "healthcare_exposure_mode": 0.63008130081300817, "score_general": 54.583966169332029, "score_education": 54.583966169332029, "score_healthcare": 54.583966169332029, "priority_general": "High", "priority_education": "High", "priority_healthcare": "High", "decision_general": "High priority - supported", "decision_education": "High priority - supported", "decision_healthcare": "High priority - supported", "analysis_status": "Observed", "evidence_label": "Good", "evidence_strength_score": 49.450549450549453, "evidence_gap_exposure": 0.63008130081300817, "evidence_gap_rank": null, "validation_needed": false, "top5_general": false, "top5_education": false, "top5_healthcare": false, "top5_evidence_gap": false, "ai_cluster_id": 2.0, "ai_profile": "Connectivity-Constrained Areas", "ai_profile_status": "GeoAI classified", "ai_profile_description": "Areas characterised by comparatively lower download and upload performance, higher connectivity gaps, lower population density, and relatively few mapped essential-service facilities.", "ai_profile_interpretation": "Distinct recurring profile", "cluster_silhouette": 0.47397335194756501, "nearest_locality": "Kampung Sungai Tunggal Baru", "nearest_locality_type": "hamlet", "nearest_major_locality": "Kampung Sungai Gulang-Gulang", "nearest_major_locality_type": "village", "nearest_locality_distance_km": 0.33, "nearest_major_locality_distance_km": 3.86, "locality_source": "OpenStreetMap / Geofabrik" }, "geometry": { "type": "Polygon", "coordinates": [ [ [ 101.196026757750275, 3.381159922013893 ], [ 101.196067557008931, 3.399240536128692 ], [ 101.214059096236483, 3.399199257093575 ], [ 101.214017963388144, 3.381118863034068 ], [ 101.196026757750275, 3.381159922013893 ] ] ] } },
{ "type": "Feature", "properties": { "cell_id": "KS_175", "cell_area_km2": 4.0, "center_lon": 101.22303410570807, "center_lat": 3.3901383507544081, "study_area": "Kuala Selangor", "dataset_version": "2.0.0", "geoai_model_version": "kmeans-k3-v1", "network_tiles": 6, "network_tests": 80, "avg_download_mbps": 162.0800875, "avg_upload_mbps": 38.3466375, "avg_latency_ms": 18.625, "network_data_present": true, "population": 1912.271160967648, "population_pixels": 306, "population_data_present": true, "school_count": 2, "hospital_count": 1, "clinic_count": 0, "doctor_count": 0, "healthcare_count": 1, "download_gap": 0.31868131868131866, "upload_gap": 0.093406593406593408, "latency_gap": 0.22527472527472528, "connectivity_gap_score": 21.245421245421245, "population_exposure": 0.78455284552845528, "school_exposure": 0.7068965517241379, "healthcare_exposure": 0.26785714285714285, "general_exposure": 0.78455284552845528, "education_exposure": 0.93685169610316787, "healthcare_exposure_mode": 0.84226190476190477, "score_general": 16.668155692545934, "score_education": 19.903808928199172, "score_healthcare": 17.894208965637539, "priority_general": "Medium", "priority_education": "Medium", "priority_healthcare": "Medium", "decision_general": "Monitor / investigate", "decision_education": "Monitor / investigate", "decision_healthcare": "Monitor / investigate", "analysis_status": "Observed", "evidence_label": "Strong", "evidence_strength_score": 85.714285714285708, "evidence_gap_exposure": 0.95376642036124792, "evidence_gap_rank": null, "validation_needed": false, "top5_general": false, "top5_education": false, "top5_healthcare": false, "top5_evidence_gap": false, "ai_cluster_id": 0.0, "ai_profile": "Strong-Connectivity Areas", "ai_profile_status": "GeoAI classified", "ai_profile_description": "Areas characterised by comparatively strong mobile download and upload performance, lower latency, moderate population exposure, and relatively few mapped essential-service facilities.", "ai_profile_interpretation": "Distinct recurring profile", "cluster_silhouette": 0.22776707930100251, "nearest_locality": "Kampung Sungai Tunggal Baru", "nearest_locality_type": "hamlet", "nearest_major_locality": "Kampung Parit Serong", "nearest_major_locality_type": "village", "nearest_locality_distance_km": 2.33, "nearest_major_locality_distance_km": 3.63, "locality_source": "OpenStreetMap / Geofabrik" }, "geometry": { "type": "Polygon", "coordinates": [ [ [ 101.214017963388144, 3.381118863034068 ], [ 101.214059096236483, 3.399199257093575 ], [ 101.232050414812676, 3.39915764192859 ], [ 101.232008948394977, 3.38107746971624 ], [ 101.214017963388144, 3.381118863034068 ] ] ] } },
{ "type": "Feature", "properties": { "cell_id": "KS_176", "cell_area_km2": 4.0, "center_lon": 101.24102514628437, "center_lat": 3.3900966789046802, "study_area": "Kuala Selangor", "dataset_version": "2.0.0", "geoai_model_version": "kmeans-k3-v1", "network_tiles": 1, "network_tests": 1, "avg_download_mbps": 10.725, "avg_upload_mbps": 0.226, "avg_latency_ms": 28.0, "network_data_present": true, "population": 540.01009044563398, "population_pixels": 210, "population_data_present": true, "school_count": 0, "hospital_count": 0, "clinic_count": 0, "doctor_count": 0, "healthcare_count": 0, "download_gap": 0.9285714285714286, "upload_gap": 0.98901098901098905, "latency_gap": 0.76648351648351654, "connectivity_gap_score": 89.468864468864467, "population_exposure": 0.45934959349593496, "school_exposure": 0.0, "healthcare_exposure": 0.0, "general_exposure": 0.45934959349593496, "education_exposure": 0.45934959349593496, "healthcare_exposure_mode": 0.45934959349593496, "score_general": 41.097486524315798, "score_education": 41.097486524315798, "score_healthcare": 41.097486524315798, "priority_general": "High", "priority_education": "Medium", "priority_healthcare": "High", "decision_general": "High priority - validate evidence", "decision_education": "Monitor / investigate", "decision_healthcare": "High priority - validate evidence", "analysis_status": "Observed", "evidence_label": "Limited", "evidence_strength_score": 5.7692307692307692, "evidence_gap_exposure": 0.45934959349593496, "evidence_gap_rank": null, "validation_needed": true, "top5_general": false, "top5_education": false, "top5_healthcare": false, "top5_evidence_gap": false, "ai_cluster_id": 2.0, "ai_profile": "Connectivity-Constrained Areas", "ai_profile_status": "GeoAI classified", "ai_profile_description": "Areas characterised by comparatively lower download and upload performance, higher connectivity gaps, lower population density, and relatively few mapped essential-service facilities.", "ai_profile_interpretation": "Distinct recurring profile", "cluster_silhouette": 0.52084589590321706, "nearest_locality": "Kampung Bukit Belimbing", "nearest_locality_type": "hamlet", "nearest_major_locality": "Kampung Parit Serong", "nearest_major_locality_type": "village", "nearest_locality_distance_km": 3.19, "nearest_major_locality_distance_km": 3.94, "locality_source": "OpenStreetMap / Geofabrik" }, "geometry": { "type": "Polygon", "coordinates": [ [ [ 101.232008948394977, 3.38107746971624 ], [ 101.232050414812676, 3.39915764192859 ], [ 101.250041510948193, 3.399115690654243 ], [ 101.249999710981598, 3.381035742080805 ], [ 101.232008948394977, 3.38107746971624 ] ] ] } },
{ "type": "Feature", "properties": { "cell_id": "KS_177", "cell_area_km2": 4.0, "center_lon": 101.25901596353563, "center_lat": 3.3900546718517655, "study_area": "Kuala Selangor", "dataset_version": "2.0.0", "geoai_model_version": "kmeans-k3-v1", "network_tiles": 1, "network_tests": 4, "avg_download_mbps": 10.431, "avg_upload_mbps": 0.967, "avg_latency_ms": 24.0, "network_data_present": true, "population": 467.47093293583021, "population_pixels": 137, "population_data_present": true, "school_count": 0, "hospital_count": 0, "clinic_count": 0, "doctor_count": 0, "healthcare_count": 0, "download_gap": 0.93406593406593408, "upload_gap": 0.9505494505494505, "latency_gap": 0.56593406593406592, "connectivity_gap_score": 81.684981684981693, "population_exposure": 0.43495934959349591, "school_exposure": 0.0, "healthcare_exposure": 0.0, "general_exposure": 0.43495934959349591, "education_exposure": 0.43495934959349591, "healthcare_exposure_mode": 0.43495934959349591, "score_general": 35.52964650525626, "score_education": 35.52964650525626, "score_healthcare": 35.52964650525626, "priority_general": "Medium", "priority_education": "Medium", "priority_healthcare": "Medium", "decision_general": "Monitor / investigate", "decision_education": "Monitor / investigate", "decision_healthcare": "Monitor / investigate", "analysis_status": "Observed", "evidence_label": "Limited", "evidence_strength_score": 23.626373626373624, "evidence_gap_exposure": 0.43495934959349591, "evidence_gap_rank": null, "validation_needed": false, "top5_general": false, "top5_education": false, "top5_healthcare": false, "top5_evidence_gap": false, "ai_cluster_id": 2.0, "ai_profile": "Connectivity-Constrained Areas", "ai_profile_status": "GeoAI classified", "ai_profile_description": "Areas characterised by comparatively lower download and upload performance, higher connectivity gaps, lower population density, and relatively few mapped essential-service facilities.", "ai_profile_interpretation": "Distinct recurring profile", "cluster_silhouette": 0.513419430234346, "nearest_locality": "Kampung Bukit Belimbing", "nearest_locality_type": "hamlet", "nearest_major_locality": "Pasir Penambang", "nearest_major_locality_type": "suburb", "nearest_locality_distance_km": 1.37, "nearest_major_locality_distance_km": 4.34, "locality_source": "OpenStreetMap / Geofabrik" }, "geometry": { "type": "Polygon", "coordinates": [ [ [ 101.249999710981598, 3.381035742080805 ], [ 101.250041510948193, 3.399115690654243 ], [ 101.268032382853775, 3.399073403291209 ], [ 101.267990249358931, 3.380993680148324 ], [ 101.249999710981598, 3.381035742080805 ] ] ] } },
{ "type": "Feature", "properties": { "cell_id": "KS_178", "cell_area_km2": 4.0, "center_lon": 101.27700655567276, "center_lat": 3.3900123296163618, "study_area": "Kuala Selangor", "dataset_version": "2.0.0", "geoai_model_version": "kmeans-k3-v1", "network_tiles": 6, "network_tests": 18, "avg_download_mbps": 59.051777777777779, "avg_upload_mbps": 6.3536666666666672, "avg_latency_ms": 24.111111111111111, "network_data_present": true, "population": 1461.3705273754895, "population_pixels": 263, "population_data_present": true, "school_count": 3, "hospital_count": 0, "clinic_count": 1, "doctor_count": 0, "healthcare_count": 1, "download_gap": 0.64835164835164827, "upload_gap": 0.74725274725274726, "latency_gap": 0.58241758241758246, "connectivity_gap_score": 65.934065934065927, "population_exposure": 0.69918699186991873, "school_exposure": 0.85344827586206895, "healthcare_exposure": 0.26785714285714285, "general_exposure": 0.69918699186991873, "education_exposure": 0.95591533501541914, "healthcare_exposure_mode": 0.77976190476190477, "score_general": 46.100241222192444, "score_education": 63.027384726291366, "score_healthcare": 51.412872841444269, "priority_general": "High", "priority_education": "High", "priority_healthcare": "High", "decision_general": "High priority - supported", "decision_education": "High priority - supported", "decision_healthcare": "High priority - supported", "analysis_status": "Observed", "evidence_label": "Good", "evidence_strength_score": 54.670329670329664, "evidence_gap_exposure": 0.9677237274220033, "evidence_gap_rank": null, "validation_needed": false, "top5_general": false, "top5_education": false, "top5_healthcare": false, "top5_evidence_gap": false, "ai_cluster_id": 1.0, "ai_profile": "High-Exposure Essential-Service Hubs", "ai_profile_status": "GeoAI classified", "ai_profile_description": "Areas with comparatively high population exposure and concentrations of mapped schools and healthcare facilities. Connectivity is generally moderate to strong, but disruption or degradation may affect more people and essential services.", "ai_profile_interpretation": "Mixed / transitional recurring profile", "cluster_silhouette": -0.00314523683288764, "nearest_locality": "Kampung Bukit Belimbing", "nearest_locality_type": "hamlet", "nearest_major_locality": "Pasir Penambang", "nearest_major_locality_type": "suburb", "nearest_locality_distance_km": 1.27, "nearest_major_locality_distance_km": 5.07, "locality_source": "OpenStreetMap / Geofabrik" }, "geometry": { "type": "Polygon", "coordinates": [ [ [ 101.267990249358931, 3.380993680148324 ], [ 101.268032382853775, 3.399073403291209 ], [ 101.286023028740303, 3.399030779860323 ], [ 101.285980561738015, 3.380951283939525 ], [ 101.267990249358931, 3.380993680148324 ] ] ] } },
{ "type": "Feature", "properties": { "cell_id": "KS_179", "cell_area_km2": 4.0, "center_lon": 101.29499692090678, "center_lat": 3.3899696522193334, "study_area": "Kuala Selangor", "dataset_version": "2.0.0", "geoai_model_version": "kmeans-k3-v1", "network_tiles": 0, "network_tests": 0, "avg_download_mbps": null, "avg_upload_mbps": null, "avg_latency_ms": null, "network_data_present": false, "population": 147.68518662266433, "population_pixels": 104, "population_data_present": true, "school_count": 0, "hospital_count": 0, "clinic_count": 0, "doctor_count": 0, "healthcare_count": 0, "download_gap": null, "upload_gap": null, "latency_gap": null, "connectivity_gap_score": null, "population_exposure": 0.26422764227642276, "school_exposure": 0.0, "healthcare_exposure": 0.0, "general_exposure": 0.26422764227642276, "education_exposure": 0.2642276422764227, "healthcare_exposure_mode": 0.2642276422764227, "score_general": null, "score_education": null, "score_healthcare": null, "priority_general": "Evidence Gap", "priority_education": "Evidence Gap", "priority_healthcare": "Evidence Gap", "decision_general": "Evidence Gap", "decision_education": "Evidence Gap", "decision_healthcare": "Evidence Gap", "analysis_status": "Evidence Gap", "evidence_label": "Evidence Gap", "evidence_strength_score": null, "evidence_gap_exposure": 0.26422764227642276, "evidence_gap_rank": 22.0, "validation_needed": false, "top5_general": false, "top5_education": false, "top5_healthcare": false, "top5_evidence_gap": false, "ai_cluster_id": null, "ai_profile": "Unclassified - Evidence Gap", "ai_profile_status": "Unclassified - insufficient connectivity observations", "ai_profile_description": "Insufficient observed connectivity data for GeoAI profiling.", "ai_profile_interpretation": "Not classified", "cluster_silhouette": null, "nearest_locality": "Ladang Raja Musa", "nearest_locality_type": "locality", "nearest_major_locality": "Pasir Penambang", "nearest_major_locality_type": "suburb", "nearest_locality_distance_km": 2.54, "nearest_major_locality_distance_km": 6.38, "locality_source": "OpenStreetMap / Geofabrik" }, "geometry": { "type": "Polygon", "coordinates": [ [ [ 101.285980561738015, 3.380951283939525 ], [ 101.286023028740303, 3.399030779860323 ], [ 101.304013446818772, 3.398987820382589 ], [ 101.303970646330015, 3.380908553475296 ], [ 101.285980561738015, 3.380951283939525 ] ] ] } },
{ "type": "Feature", "properties": { "cell_id": "KS_180", "cell_area_km2": 4.0, "center_lon": 101.31298705744881, "center_lat": 3.3899266396817089, "study_area": "Kuala Selangor", "dataset_version": "2.0.0", "geoai_model_version": "kmeans-k3-v1", "network_tiles": 2, "network_tests": 7, "avg_download_mbps": 7.8597142857142854, "avg_upload_mbps": 2.8202857142857143, "avg_latency_ms": 38.857142857142854, "network_data_present": true, "population": 485.92521259188652, "population_pixels": 204, "population_data_present": true, "school_count": 0, "hospital_count": 0, "clinic_count": 0, "doctor_count": 0, "healthcare_count": 0, "download_gap": 0.95604395604395609, "upload_gap": 0.85714285714285721, "latency_gap": 0.89560439560439564, "connectivity_gap_score": 90.293040293040292, "population_exposure": 0.44715447154471544, "school_exposure": 0.0, "healthcare_exposure": 0.0, "general_exposure": 0.44715447154471544, "education_exposure": 0.44715447154471544, "healthcare_exposure_mode": 0.44715447154471544, "score_general": 40.374936716400128, "score_education": 40.374936716400128, "score_healthcare": 40.374936716400128, "priority_general": "Medium", "priority_education": "Medium", "priority_healthcare": "Medium", "decision_general": "Monitor / investigate", "decision_education": "Monitor / investigate", "decision_healthcare": "Monitor / investigate", "analysis_status": "Observed", "evidence_label": "Moderate", "evidence_strength_score": 32.417582417582416, "evidence_gap_exposure": 0.44715447154471544, "evidence_gap_rank": null, "validation_needed": false, "top5_general": false, "top5_education": false, "top5_healthcare": false, "top5_evidence_gap": false, "ai_cluster_id": 2.0, "ai_profile": "Connectivity-Constrained Areas", "ai_profile_status": "GeoAI classified", "ai_profile_description": "Areas characterised by comparatively lower download and upload performance, higher connectivity gaps, lower population density, and relatively few mapped essential-service facilities.", "ai_profile_interpretation": "Distinct recurring profile", "cluster_silhouette": 0.50663740974979266, "nearest_locality": "Kampung Kuantan", "nearest_locality_type": "hamlet", "nearest_major_locality": "Pasir Penambang", "nearest_major_locality_type": "suburb", "nearest_locality_distance_km": 3.44, "nearest_major_locality_distance_km": 7.98, "locality_source": "OpenStreetMap / Geofabrik" }, "geometry": { "type": "Polygon", "coordinates": [ [ [ 101.303970646330015, 3.380908553475296 ], [ 101.304013446818772, 3.398987820382589 ], [ 101.322003635300263, 3.398944524879175 ], [ 101.321960501346183, 3.380865488776692 ], [ 101.303970646330015, 3.380908553475296 ] ] ] } },
{ "type": "Feature", "properties": { "cell_id": "KS_181", "cell_area_km2": 4.0, "center_lon": 101.33097696351008, "center_lat": 3.3898832920246811, "study_area": "Kuala Selangor", "dataset_version": "2.0.0", "geoai_model_version": "kmeans-k3-v1", "network_tiles": 0, "network_tests": 0, "avg_download_mbps": null, "avg_upload_mbps": null, "avg_latency_ms": null, "network_data_present": false, "population": 43.164543636143208, "population_pixels": 18, "population_data_present": true, "school_count": 0, "hospital_count": 0, "clinic_count": 0, "doctor_count": 0, "healthcare_count": 0, "download_gap": null, "upload_gap": null, "latency_gap": null, "connectivity_gap_score": null, "population_exposure": 0.13414634146341464, "school_exposure": 0.0, "healthcare_exposure": 0.0, "general_exposure": 0.13414634146341464, "education_exposure": 0.13414634146341464, "healthcare_exposure_mode": 0.13414634146341464, "score_general": null, "score_education": null, "score_healthcare": null, "priority_general": "Evidence Gap", "priority_education": "Evidence Gap", "priority_healthcare": "Evidence Gap", "decision_general": "Evidence Gap", "decision_education": "Evidence Gap", "decision_healthcare": "Evidence Gap", "analysis_status": "Evidence Gap", "evidence_label": "Evidence Gap", "evidence_strength_score": null, "evidence_gap_exposure": 0.13414634146341464, "evidence_gap_rank": 39.0, "validation_needed": false, "top5_general": false, "top5_education": false, "top5_healthcare": false, "top5_evidence_gap": false, "ai_cluster_id": null, "ai_profile": "Unclassified - Evidence Gap", "ai_profile_status": "Unclassified - insufficient connectivity observations", "ai_profile_description": "Insufficient observed connectivity data for GeoAI profiling.", "ai_profile_interpretation": "Not classified", "cluster_silhouette": null, "nearest_locality": "Kampung Asahan Batu 8", "nearest_locality_type": "hamlet", "nearest_major_locality": "Bestari Jaya", "nearest_major_locality_type": "town", "nearest_locality_distance_km": 3.57, "nearest_major_locality_distance_km": 8.91, "locality_source": "OpenStreetMap / Geofabrik" }, "geometry": { "type": "Polygon", "coordinates": [ [ [ 101.321960501346183, 3.380865488776692 ], [ 101.322003635300263, 3.398944524879175 ], [ 101.339993592396013, 3.39890089337141 ], [ 101.339950124997898, 3.380822089864932 ], [ 101.321960501346183, 3.380865488776692 ] ] ] } },
{ "type": "Feature", "properties": { "cell_id": "KS_182", "cell_area_km2": 4.0, "center_lon": 101.34896663730198, "center_lat": 3.3898396092696061, "study_area": "Kuala Selangor", "dataset_version": "2.0.0", "geoai_model_version": "kmeans-k3-v1", "network_tiles": 1, "network_tests": 2, "avg_download_mbps": 17.294, "avg_upload_mbps": 0.371, "avg_latency_ms": 24.0, "network_data_present": true, "population": 203.03423956350889, "population_pixels": 78, "population_data_present": true, "school_count": 0, "hospital_count": 0, "clinic_count": 0, "doctor_count": 0, "healthcare_count": 0, "download_gap": 0.89010989010989006, "upload_gap": 0.97252747252747251, "latency_gap": 0.56593406593406592, "connectivity_gap_score": 80.952380952380963, "population_exposure": 0.2967479674796748, "school_exposure": 0.0, "healthcare_exposure": 0.0, "general_exposure": 0.2967479674796748, "education_exposure": 0.2967479674796748, "healthcare_exposure_mode": 0.2967479674796748, "score_general": 24.02245451025939, "score_education": 24.02245451025939, "score_healthcare": 24.02245451025939, "priority_general": "Medium", "priority_education": "Medium", "priority_healthcare": "Medium", "decision_general": "Monitor / investigate", "decision_education": "Monitor / investigate", "decision_healthcare": "Monitor / investigate", "analysis_status": "Observed", "evidence_label": "Limited", "evidence_strength_score": 14.560439560439562, "evidence_gap_exposure": 0.2967479674796748, "evidence_gap_rank": null, "validation_needed": false, "top5_general": false, "top5_education": false, "top5_healthcare": false, "top5_evidence_gap": false, "ai_cluster_id": 2.0, "ai_profile": "Connectivity-Constrained Areas", "ai_profile_status": "GeoAI classified", "ai_profile_description": "Areas characterised by comparatively lower download and upload performance, higher connectivity gaps, lower population density, and relatively few mapped essential-service facilities.", "ai_profile_interpretation": "Distinct recurring profile", "cluster_silhouette": 0.50635111401297128, "nearest_locality": "Kampung Asahan Batu 8", "nearest_locality_type": "hamlet", "nearest_major_locality": "Bestari Jaya", "nearest_major_locality_type": "town", "nearest_locality_distance_km": 3.14, "nearest_major_locality_distance_km": 6.94, "locality_source": "OpenStreetMap / Geofabrik" }, "geometry": { "type": "Polygon", "coordinates": [ [ [ 101.339950124997898, 3.380822089864932 ], [ 101.339993592396013, 3.39890089337141 ], [ 101.357983316317345, 3.398856925880792 ], [ 101.357939515496639, 3.380778356761395 ], [ 101.339950124997898, 3.380822089864932 ] ] ] } },
{ "type": "Feature", "properties": { "cell_id": "KS_183", "cell_area_km2": 4.0, "center_lon": 101.36695607703594, "center_lat": 3.3897955914380078, "study_area": "Kuala Selangor", "dataset_version": "2.0.0", "geoai_model_version": "kmeans-k3-v1", "network_tiles": 0, "network_tests": 0, "avg_download_mbps": null, "avg_upload_mbps": null, "avg_latency_ms": null, "network_data_present": false, "population": 74.366214196197689, "population_pixels": 62, "population_data_present": true, "school_count": 0, "hospital_count": 0, "clinic_count": 0, "doctor_count": 0, "healthcare_count": 0, "download_gap": null, "upload_gap": null, "latency_gap": null, "connectivity_gap_score": null, "population_exposure": 0.1910569105691057, "school_exposure": 0.0, "healthcare_exposure": 0.0, "general_exposure": 0.1910569105691057, "education_exposure": 0.19105691056910568, "healthcare_exposure_mode": 0.19105691056910568, "score_general": null, "score_education": null, "score_healthcare": null, "priority_general": "Evidence Gap", "priority_education": "Evidence Gap", "priority_healthcare": "Evidence Gap", "decision_general": "Evidence Gap", "decision_education": "Evidence Gap", "decision_healthcare": "Evidence Gap", "analysis_status": "Evidence Gap", "evidence_label": "Evidence Gap", "evidence_strength_score": null, "evidence_gap_exposure": 0.1910569105691057, "evidence_gap_rank": 31.0, "validation_needed": false, "top5_general": false, "top5_education": false, "top5_healthcare": false, "top5_evidence_gap": false, "ai_cluster_id": null, "ai_profile": "Unclassified - Evidence Gap", "ai_profile_status": "Unclassified - insufficient connectivity observations", "ai_profile_description": "Insufficient observed connectivity data for GeoAI profiling.", "ai_profile_interpretation": "Not classified", "cluster_silhouette": null, "nearest_locality": "Kampung Sri Makmur", "nearest_locality_type": "hamlet", "nearest_major_locality": "Bestari Jaya", "nearest_major_locality_type": "town", "nearest_locality_distance_km": 2.53, "nearest_major_locality_distance_km": 4.98, "locality_source": "OpenStreetMap / Geofabrik" }, "geometry": { "type": "Polygon", "coordinates": [ [ [ 101.357939515496639, 3.380778356761395 ], [ 101.357983316317345, 3.398856925880792 ], [ 101.375972805275708, 3.398812622428987 ], [ 101.375928671054041, 3.38073428948763 ], [ 101.357939515496639, 3.380778356761395 ] ] ] } },
{ "type": "Feature", "properties": { "cell_id": "KS_184", "cell_area_km2": 4.0, "center_lon": 101.38494528092356, "center_lat": 3.3897512385515709, "study_area": "Kuala Selangor", "dataset_version": "2.0.0", "geoai_model_version": "kmeans-k3-v1", "network_tiles": 0, "network_tests": 0, "avg_download_mbps": null, "avg_upload_mbps": null, "avg_latency_ms": null, "network_data_present": false, "population": 33.304311443120241, "population_pixels": 29, "population_data_present": true, "school_count": 0, "hospital_count": 0, "clinic_count": 0, "doctor_count": 0, "healthcare_count": 0, "download_gap": null, "upload_gap": null, "latency_gap": null, "connectivity_gap_score": null, "population_exposure": 0.1016260162601626, "school_exposure": 0.0, "healthcare_exposure": 0.0, "general_exposure": 0.1016260162601626, "education_exposure": 0.10162601626016254, "healthcare_exposure_mode": 0.10162601626016254, "score_general": null, "score_education": null, "score_healthcare": null, "priority_general": "Evidence Gap", "priority_education": "Evidence Gap", "priority_healthcare": "Evidence Gap", "decision_general": "Evidence Gap", "decision_education": "Evidence Gap", "decision_healthcare": "Evidence Gap", "analysis_status": "Evidence Gap", "evidence_label": "Evidence Gap", "evidence_strength_score": null, "evidence_gap_exposure": 0.1016260162601626, "evidence_gap_rank": 43.0, "validation_needed": false, "top5_general": false, "top5_education": false, "top5_healthcare": false, "top5_evidence_gap": false, "ai_cluster_id": null, "ai_profile": "Unclassified - Evidence Gap", "ai_profile_status": "Unclassified - insufficient connectivity observations", "ai_profile_description": "Insufficient observed connectivity data for GeoAI profiling.", "ai_profile_interpretation": "Not classified", "cluster_silhouette": null, "nearest_locality": "Kampung Sri Makmur", "nearest_locality_type": "hamlet", "nearest_major_locality": "Bestari Jaya", "nearest_major_locality_type": "town", "nearest_locality_distance_km": 1.67, "nearest_major_locality_distance_km": 3.1, "locality_source": "OpenStreetMap / Geofabrik" }, "geometry": { "type": "Polygon", "coordinates": [ [ [ 101.375928671054041, 3.38073428948763 ], [ 101.375972805275708, 3.398812622428987 ], [ 101.393962057482639, 3.398767983037815 ], [ 101.393917589881838, 3.380689888065346 ], [ 101.375928671054041, 3.38073428948763 ] ] ] } },
{ "type": "Feature", "properties": { "cell_id": "KS_185", "cell_area_km2": 4.0, "center_lon": 101.40293424717655, "center_lat": 3.3897065506321473, "study_area": "Kuala Selangor", "dataset_version": "2.0.0", "geoai_model_version": "kmeans-k3-v1", "network_tiles": 2, "network_tests": 6, "avg_download_mbps": 7.0053333333333327, "avg_upload_mbps": 9.4853333333333332, "avg_latency_ms": 58.833333333333336, "network_data_present": true, "population": 1296.7955985066947, "population_pixels": 156, "population_data_present": true, "school_count": 2, "hospital_count": 0, "clinic_count": 0, "doctor_count": 0, "healthcare_count": 0, "download_gap": 0.96703296703296704, "upload_gap": 0.68131868131868134, "latency_gap": 0.96703296703296704, "connectivity_gap_score": 87.179487179487182, "population_exposure": 0.65447154471544711, "school_exposure": 0.7068965517241379, "healthcare_exposure": 0.0, "general_exposure": 0.65447154471544711, "education_exposure": 0.89872441827866556, "healthcare_exposure_mode": 0.65447154471544711, "score_general": 57.056493641859497, "score_education": 78.350333901216999, "score_healthcare": 57.056493641859497, "priority_general": "High", "priority_education": "High", "priority_healthcare": "High", "decision_general": "High priority - validate evidence", "decision_education": "High priority - validate evidence", "decision_healthcare": "High priority - validate evidence", "analysis_status": "Observed", "evidence_label": "Moderate", "evidence_strength_score": 28.571428571428569, "evidence_gap_exposure": 0.89872441827866556, "evidence_gap_rank": null, "validation_needed": true, "top5_general": false, "top5_education": true, "top5_healthcare": false, "top5_evidence_gap": false, "ai_cluster_id": 2.0, "ai_profile": "Connectivity-Constrained Areas", "ai_profile_status": "GeoAI classified", "ai_profile_description": "Areas characterised by comparatively lower download and upload performance, higher connectivity gaps, lower population density, and relatively few mapped essential-service facilities.", "ai_profile_interpretation": "Distinct recurring profile", "cluster_silhouette": 0.24459258408858192, "nearest_locality": "Sime Darby Plantation Ladang Tennamaram", "nearest_locality_type": "hamlet", "nearest_major_locality": "Bestari Jaya", "nearest_major_locality_type": "town", "nearest_locality_distance_km": 1.51, "nearest_major_locality_distance_km": 1.53, "locality_source": "OpenStreetMap / Geofabrik" }, "geometry": { "type": "Polygon", "coordinates": [ [ [ 101.393917589881838, 3.380689888065346 ], [ 101.393962057482639, 3.398767983037815 ], [ 101.411951071149872, 3.398723007729273 ], [ 101.411906270191835, 3.380645152516415 ], [ 101.393917589881838, 3.380689888065346 ] ] ] } },
{ "type": "Feature", "properties": { "cell_id": "KS_186", "cell_area_km2": 4.0, "center_lon": 101.42092297400673, "center_lat": 3.3896615277017497, "study_area": "Kuala Selangor", "dataset_version": "2.0.0", "geoai_model_version": "kmeans-k3-v1", "network_tiles": 2, "network_tests": 6, "avg_download_mbps": 282.51516666666669, "avg_upload_mbps": 59.26, "avg_latency_ms": 18.0, "network_data_present": true, "population": 2339.228519057855, "population_pixels": 354, "population_data_present": true, "school_count": 0, "hospital_count": 0, "clinic_count": 0, "doctor_count": 0, "healthcare_count": 0, "download_gap": 0.076923076923076872, "upload_gap": 0.016483516483516536, "latency_gap": 0.17582417582417584, "connectivity_gap_score": 8.9743589743589762, "population_exposure": 0.82520325203252032, "school_exposure": 0.0, "healthcare_exposure": 0.0, "general_exposure": 0.82520325203252032, "education_exposure": 0.82520325203252032, "healthcare_exposure_mode": 0.82520325203252032, "score_general": 7.4056702105482612, "score_education": 7.4056702105482612, "score_healthcare": 7.4056702105482612, "priority_general": "Low", "priority_education": "Low", "priority_healthcare": "Low", "decision_general": "Lower relative priority", "decision_education": "Lower relative priority", "decision_healthcare": "Lower relative priority", "analysis_status": "Observed", "evidence_label": "Moderate", "evidence_strength_score": 28.571428571428569, "evidence_gap_exposure": 0.82520325203252032, "evidence_gap_rank": null, "validation_needed": false, "top5_general": false, "top5_education": false, "top5_healthcare": false, "top5_evidence_gap": false, "ai_cluster_id": 0.0, "ai_profile": "Strong-Connectivity Areas", "ai_profile_status": "GeoAI classified", "ai_profile_description": "Areas characterised by comparatively strong mobile download and upload performance, lower latency, moderate population exposure, and relatively few mapped essential-service facilities.", "ai_profile_interpretation": "Distinct recurring profile", "cluster_silhouette": 0.45203152370733157, "nearest_locality": "Kampung Sungai Darat", "nearest_locality_type": "hamlet", "nearest_major_locality": "Bestari Jaya", "nearest_major_locality_type": "town", "nearest_locality_distance_km": 1.62, "nearest_major_locality_distance_km": 1.75, "locality_source": "OpenStreetMap / Geofabrik" }, "geometry": { "type": "Polygon", "coordinates": [ [ [ 101.411906270191835, 3.380645152516415 ], [ 101.411951071149872, 3.398723007729273 ], [ 101.429939844489155, 3.398677696525516 ], [ 101.429894710196024, 3.380600082862877 ], [ 101.411906270191835, 3.380645152516415 ] ] ] } },
{ "type": "Feature", "properties": { "cell_id": "KS_187", "cell_area_km2": 3.1432412586531524, "center_lon": 101.43697920104924, "center_lat": 3.3893088719545825, "study_area": "Kuala Selangor", "dataset_version": "2.0.0", "geoai_model_version": "kmeans-k3-v1", "network_tiles": 5, "network_tests": 16, "avg_download_mbps": 398.2003125, "avg_upload_mbps": 50.38475, "avg_latency_ms": 16.3125, "network_data_present": true, "population": 1708.8371770936064, "population_pixels": 232, "population_data_present": true, "school_count": 1, "hospital_count": 0, "clinic_count": 0, "doctor_count": 0, "healthcare_count": 0, "download_gap": 0.016483516483516536, "upload_gap": 0.038461538461538436, "latency_gap": 0.082417582417582416, "connectivity_gap_score": 4.5787545787545794, "population_exposure": 0.75203252032520329, "school_exposure": 0.30172413793103448, "healthcare_exposure": 0.0, "general_exposure": 0.75203252032520329, "education_exposure": 0.82685029436501267, "healthcare_exposure_mode": 0.75203252032520329, "score_general": 3.4433723458113707, "score_education": 3.7859445712683737, "score_healthcare": 3.4433723458113707, "priority_general": "Low", "priority_education": "Low", "priority_healthcare": "Low", "decision_general": "Lower relative priority", "decision_education": "Lower relative priority", "decision_healthcare": "Lower relative priority", "analysis_status": "Observed", "evidence_label": "Good", "evidence_strength_score": 51.648351648351657, "evidence_gap_exposure": 0.82685029436501267, "evidence_gap_rank": null, "validation_needed": false, "top5_general": false, "top5_education": false, "top5_healthcare": false, "top5_evidence_gap": false, "ai_cluster_id": 0.0, "ai_profile": "Strong-Connectivity Areas", "ai_profile_status": "GeoAI classified", "ai_profile_description": "Areas characterised by comparatively strong mobile download and upload performance, lower latency, moderate population exposure, and relatively few mapped essential-service facilities.", "ai_profile_interpretation": "Distinct recurring profile", "cluster_silhouette": 0.45369873251532372, "nearest_locality": "Kampung Sungai Darat", "nearest_locality_type": "hamlet", "nearest_major_locality": "Bestari Jaya", "nearest_major_locality_type": "town", "nearest_locality_distance_km": 0.28, "nearest_major_locality_distance_km": 3.24, "locality_source": "OpenStreetMap / Geofabrik" }, "geometry": { "type": "Polygon", "coordinates": [ [ [ 101.429894710196024, 3.380600082862877 ], [ 101.429939844489155, 3.398677696525516 ], [ 101.44474467165486, 3.398640152812444 ], [ 101.443965319000085, 3.398017766000066 ], [ 101.444118529946238, 3.380564208427467 ], [ 101.429894710196024, 3.380600082862877 ] ] ] } },
{ "type": "Feature", "properties": { "cell_id": "KS_188", "cell_area_km2": 1.1313679734585691, "center_lon": 101.17667218553881, "center_lat": 3.3867411608788438, "study_area": "Kuala Selangor", "dataset_version": "2.0.0", "geoai_model_version": "kmeans-k3-v1", "network_tiles": 1, "network_tests": 1, "avg_download_mbps": 18.632, "avg_upload_mbps": 1.067, "avg_latency_ms": 30.0, "network_data_present": true, "population": 198.03156993538141, "population_pixels": 57, "population_data_present": true, "school_count": 0, "hospital_count": 0, "clinic_count": 0, "doctor_count": 0, "healthcare_count": 0, "download_gap": 0.87362637362637363, "upload_gap": 0.93406593406593408, "latency_gap": 0.82417582417582413, "connectivity_gap_score": 87.728937728937723, "population_exposure": 0.2886178861788618, "school_exposure": 0.0, "healthcare_exposure": 0.0, "general_exposure": 0.2886178861788618, "education_exposure": 0.28861788617886175, "healthcare_exposure_mode": 0.28861788617886175, "score_general": 25.320140564043005, "score_education": 25.320140564042998, "score_healthcare": 25.320140564042998, "priority_general": "Medium", "priority_education": "Medium", "priority_healthcare": "Medium", "decision_general": "Monitor / investigate", "decision_education": "Monitor / investigate", "decision_healthcare": "Monitor / investigate", "analysis_status": "Observed", "evidence_label": "Limited", "evidence_strength_score": 5.7692307692307692, "evidence_gap_exposure": 0.2886178861788618, "evidence_gap_rank": null, "validation_needed": false, "top5_general": false, "top5_education": false, "top5_healthcare": false, "top5_evidence_gap": false, "ai_cluster_id": 2.0, "ai_profile": "Connectivity-Constrained Areas", "ai_profile_status": "GeoAI classified", "ai_profile_description": "Areas characterised by comparatively lower download and upload performance, higher connectivity gaps, lower population density, and relatively few mapped essential-service facilities.", "ai_profile_interpretation": "Distinct recurring profile", "cluster_silhouette": 0.51666215117597203, "nearest_locality": "Bagan Pasir", "nearest_locality_type": "hamlet", "nearest_major_locality": "Tanjong Karang", "nearest_major_locality_type": "town", "nearest_locality_distance_km": 0.89, "nearest_major_locality_distance_km": 3.47, "locality_source": "OpenStreetMap / Geofabrik" }, "geometry": { "type": "Polygon", "coordinates": [ [ [ 101.178075798919508, 3.3992814790136 ], [ 101.178035333270671, 3.38120064663548 ], [ 101.177402548591886, 3.38120207288399 ], [ 101.173190778000048, 3.392286465000041 ], [ 101.167960778000065, 3.396927197000025 ], [ 101.16557405162547, 3.399309730334309 ], [ 101.178075798919508, 3.3992814790136 ] ] ] } },
{ "type": "Feature", "properties": { "cell_id": "KS_189", "cell_area_km2": 4.0, "center_lon": 101.20500198741065, "center_lat": 3.3720991794447213, "study_area": "Kuala Selangor", "dataset_version": "2.0.0", "geoai_model_version": "kmeans-k3-v1", "network_tiles": 2, "network_tests": 8, "avg_download_mbps": 33.59925, "avg_upload_mbps": 4.105375, "avg_latency_ms": 33.375, "network_data_present": true, "population": 919.84564460813999, "population_pixels": 374, "population_data_present": true, "school_count": 0, "hospital_count": 0, "clinic_count": 0, "doctor_count": 0, "healthcare_count": 0, "download_gap": 0.76923076923076916, "upload_gap": 0.80769230769230771, "latency_gap": 0.86263736263736268, "connectivity_gap_score": 81.318681318681328, "population_exposure": 0.57317073170731703, "school_exposure": 0.0, "healthcare_exposure": 0.0, "general_exposure": 0.57317073170731703, "education_exposure": 0.57317073170731703, "healthcare_exposure_mode": 0.57317073170731703, "score_general": 46.609488072902714, "score_education": 46.609488072902714, "score_healthcare": 46.609488072902714, "priority_general": "High", "priority_education": "High", "priority_healthcare": "High", "decision_general": "High priority - validate evidence", "decision_education": "High priority - validate evidence", "decision_healthcare": "High priority - validate evidence", "analysis_status": "Observed", "evidence_label": "Moderate", "evidence_strength_score": 36.538461538461533, "evidence_gap_exposure": 0.57317073170731703, "evidence_gap_rank": null, "validation_needed": true, "top5_general": false, "top5_education": false, "top5_healthcare": false, "top5_evidence_gap": false, "ai_cluster_id": 2.0, "ai_profile": "Connectivity-Constrained Areas", "ai_profile_status": "GeoAI classified", "ai_profile_description": "Areas characterised by comparatively lower download and upload performance, higher connectivity gaps, lower population density, and relatively few mapped essential-service facilities.", "ai_profile_interpretation": "Distinct recurring profile", "cluster_silhouette": 0.48070942252238363, "nearest_locality": "Kampung Sungai Tunggal Baru", "nearest_locality_type": "hamlet", "nearest_major_locality": "Pasir Penambang", "nearest_major_locality_type": "suburb", "nearest_locality_distance_km": 2.02, "nearest_major_locality_distance_km": 5.73, "locality_source": "OpenStreetMap / Geofabrik" }, "geometry": { "type": "Polygon", "coordinates": [ [ [ 101.195986177333353, 3.363079300663525 ], [ 101.196026757750275, 3.381159922013893 ], [ 101.214017963388144, 3.381118863034068 ], [ 101.213977051170843, 3.363038461731204 ], [ 101.195986177333353, 3.363079300663525 ] ] ] } },
{ "type": "Feature", "properties": { "cell_id": "KS_190", "cell_area_km2": 4.0, "center_lon": 101.22299291683787, "center_lat": 3.3720580637660391, "study_area": "Kuala Selangor", "dataset_version": "2.0.0", "geoai_model_version": "kmeans-k3-v1", "network_tiles": 3, "network_tests": 31, "avg_download_mbps": 27.798548387096773, "avg_upload_mbps": 4.153290322580645, "avg_latency_ms": 27.580645161290324, "network_data_present": true, "population": 1597.3752672029659, "population_pixels": 393, "population_data_present": true, "school_count": 0, "hospital_count": 0, "clinic_count": 0, "doctor_count": 0, "healthcare_count": 0, "download_gap": 0.79670329670329676, "upload_gap": 0.80219780219780223, "latency_gap": 0.75274725274725274, "connectivity_gap_score": 78.388278388278394, "population_exposure": 0.73577235772357719, "school_exposure": 0.0, "healthcare_exposure": 0.0, "general_exposure": 0.73577235772357719, "education_exposure": 0.73577235772357719, "healthcare_exposure_mode": 0.73577235772357719, "score_general": 57.675928407635723, "score_education": 57.675928407635723, "score_healthcare": 57.675928407635723, "priority_general": "High", "priority_education": "High", "priority_healthcare": "High", "decision_general": "High priority - supported", "decision_education": "High priority - supported", "decision_healthcare": "High priority - supported", "analysis_status": "Observed", "evidence_label": "Good", "evidence_strength_score": 65.934065934065927, "evidence_gap_exposure": 0.73577235772357719, "evidence_gap_rank": null, "validation_needed": false, "top5_general": false, "top5_education": false, "top5_healthcare": false, "top5_evidence_gap": false, "ai_cluster_id": 2.0, "ai_profile": "Connectivity-Constrained Areas", "ai_profile_status": "GeoAI classified", "ai_profile_description": "Areas characterised by comparatively lower download and upload performance, higher connectivity gaps, lower population density, and relatively few mapped essential-service facilities.", "ai_profile_interpretation": "Distinct recurring profile", "cluster_silhouette": 0.4287080745794169, "nearest_locality": "Kampung Sungai Tunggal Baru", "nearest_locality_type": "hamlet", "nearest_major_locality": "Pasir Penambang", "nearest_major_locality_type": "suburb", "nearest_locality_distance_km": 3.07, "nearest_major_locality_distance_km": 3.98, "locality_source": "OpenStreetMap / Geofabrik" }, "geometry": { "type": "Polygon", "coordinates": [ [ [ 101.213977051170843, 3.363038461731204 ], [ 101.214017963388144, 3.381118863034068 ], [ 101.232008948394977, 3.38107746971624 ], [ 101.231967704397505, 3.362997290252679 ], [ 101.213977051170843, 3.363038461731204 ] ] ] } },
{ "type": "Feature", "properties": { "cell_id": "KS_191", "cell_area_km2": 4.0, "center_lon": 101.24098362474959, "center_lat": 3.3720166146554122, "study_area": "Kuala Selangor", "dataset_version": "2.0.0", "geoai_model_version": "kmeans-k3-v1", "network_tiles": 4, "network_tests": 7, "avg_download_mbps": 133.78614285714286, "avg_upload_mbps": 19.547714285714285, "avg_latency_ms": 20.428571428571427, "network_data_present": true, "population": 1865.3118581939489, "population_pixels": 344, "population_data_present": true, "school_count": 1, "hospital_count": 0, "clinic_count": 1, "doctor_count": 0, "healthcare_count": 1, "download_gap": 0.4285714285714286, "upload_gap": 0.48351648351648346, "latency_gap": 0.35164835164835168, "connectivity_gap_score": 42.124542124542124, "population_exposure": 0.78048780487804881, "school_exposure": 0.30172413793103448, "healthcare_exposure": 0.26785714285714285, "general_exposure": 0.78048780487804881, "education_exposure": 0.84671993271656854, "healthcare_exposure_mode": 0.8392857142857143, "score_general": 32.877691414276782, "score_education": 35.667689473408565, "score_healthcare": 35.354526425954994, "priority_general": "Medium", "priority_education": "Medium", "priority_healthcare": "Medium", "decision_general": "Monitor / investigate", "decision_education": "Monitor / investigate", "decision_healthcare": "Monitor / investigate", "analysis_status": "Observed", "evidence_label": "Moderate", "evidence_strength_score": 32.417582417582416, "evidence_gap_exposure": 0.88777709359605905, "evidence_gap_rank": null, "validation_needed": false, "top5_general": false, "top5_education": false, "top5_healthcare": false, "top5_evidence_gap": false, "ai_cluster_id": 0.0, "ai_profile": "Strong-Connectivity Areas", "ai_profile_status": "GeoAI classified", "ai_profile_description": "Areas characterised by comparatively strong mobile download and upload performance, lower latency, moderate population exposure, and relatively few mapped essential-service facilities.", "ai_profile_interpretation": "Distinct recurring profile", "cluster_silhouette": 0.14523800915916654, "nearest_locality": "Kampung Tanjong Keramat", "nearest_locality_type": "hamlet", "nearest_major_locality": "Pasir Penambang", "nearest_major_locality_type": "suburb", "nearest_locality_distance_km": 2.53, "nearest_major_locality_distance_km": 2.6, "locality_source": "OpenStreetMap / Geofabrik" }, "geometry": { "type": "Polygon", "coordinates": [ [ [ 101.231967704397505, 3.362997290252679 ], [ 101.232008948394977, 3.38107746971624 ], [ 101.249999710981598, 3.381035742080805 ], [ 101.249958135224304, 3.362955786248238 ], [ 101.231967704397505, 3.362997290252679 ] ] ] } },
{ "type": "Feature", "properties": { "cell_id": "KS_192", "cell_area_km2": 4.0, "center_lon": 101.2589741093568, "center_lat": 3.3719748321332634, "study_area": "Kuala Selangor", "dataset_version": "2.0.0", "geoai_model_version": "kmeans-k3-v1", "network_tiles": 6, "network_tests": 22, "avg_download_mbps": 208.03640909090907, "avg_upload_mbps": 25.772272727272728, "avg_latency_ms": 22.454545454545453, "network_data_present": true, "population": 1371.715518925339, "population_pixels": 309, "population_data_present": true, "school_count": 0, "hospital_count": 0, "clinic_count": 0, "doctor_count": 0, "healthcare_count": 0, "download_gap": 0.17582417582417587, "upload_gap": 0.34065934065934067, "latency_gap": 0.51098901098901095, "connectivity_gap_score": 34.249084249084241, "population_exposure": 0.67886178861788615, "school_exposure": 0.0, "healthcare_exposure": 0.0, "general_exposure": 0.67886178861788615, "education_exposure": 0.67886178861788615, "healthcare_exposure_mode": 0.67886178861788615, "score_general": 23.250394591858004, "score_education": 23.250394591858004, "score_healthcare": 23.250394591858004, "priority_general": "Medium", "priority_education": "Medium", "priority_healthcare": "Medium", "decision_general": "Monitor / investigate", "decision_education": "Monitor / investigate", "decision_healthcare": "Monitor / investigate", "analysis_status": "Observed", "evidence_label": "Good", "evidence_strength_score": 59.340659340659343, "evidence_gap_exposure": 0.67886178861788615, "evidence_gap_rank": null, "validation_needed": false, "top5_general": false, "top5_education": false, "top5_healthcare": false, "top5_evidence_gap": false, "ai_cluster_id": 0.0, "ai_profile": "Strong-Connectivity Areas", "ai_profile_status": "GeoAI classified", "ai_profile_description": "Areas characterised by comparatively strong mobile download and upload performance, lower latency, moderate population exposure, and relatively few mapped essential-service facilities.", "ai_profile_interpretation": "Distinct recurring profile", "cluster_silhouette": 0.39124574792404976, "nearest_locality": "Kampung Bukit Belimbing", "nearest_locality_type": "hamlet", "nearest_major_locality": "Pasir Penambang", "nearest_major_locality_type": "suburb", "nearest_locality_distance_km": 1.56, "nearest_major_locality_distance_km": 2.39, "locality_source": "OpenStreetMap / Geofabrik" }, "geometry": { "type": "Polygon", "coordinates": [ [ [ 101.249958135224304, 3.362955786248238 ], [ 101.249999710981598, 3.381035742080805 ], [ 101.267990249358931, 3.380993680148324 ], [ 101.267948341862365, 3.362913949738333 ], [ 101.249958135224304, 3.362955786248238 ] ] ] } },
{ "type": "Feature", "properties": { "cell_id": "KS_193", "cell_area_km2": 4.0, "center_lon": 101.27696436887055, "center_lat": 3.3719327162201833, "study_area": "Kuala Selangor", "dataset_version": "2.0.0", "geoai_model_version": "kmeans-k3-v1", "network_tiles": 3, "network_tests": 8, "avg_download_mbps": 70.534125, "avg_upload_mbps": 16.679875, "avg_latency_ms": 19.875, "network_data_present": true, "population": 813.55435761809349, "population_pixels": 193, "population_data_present": true, "school_count": 0, "hospital_count": 0, "clinic_count": 0, "doctor_count": 0, "healthcare_count": 0, "download_gap": 0.57692307692307687, "upload_gap": 0.5219780219780219, "latency_gap": 0.30769230769230771, "connectivity_gap_score": 46.886446886446883, "population_exposure": 0.53658536585365857, "school_exposure": 0.0, "healthcare_exposure": 0.0, "general_exposure": 0.53658536585365857, "education_exposure": 0.53658536585365857, "healthcare_exposure_mode": 0.53658536585365857, "score_general": 25.158581256142231, "score_education": 25.158581256142231, "score_healthcare": 25.158581256142231, "priority_general": "Medium", "priority_education": "Medium", "priority_healthcare": "Medium", "decision_general": "Monitor / investigate", "decision_education": "Monitor / investigate", "decision_healthcare": "Monitor / investigate", "analysis_status": "Observed", "evidence_label": "Moderate", "evidence_strength_score": 36.538461538461533, "evidence_gap_exposure": 0.53658536585365857, "evidence_gap_rank": null, "validation_needed": false, "top5_general": false, "top5_education": false, "top5_healthcare": false, "top5_evidence_gap": false, "ai_cluster_id": 2.0, "ai_profile": "Connectivity-Constrained Areas", "ai_profile_status": "GeoAI classified", "ai_profile_description": "Areas characterised by comparatively lower download and upload performance, higher connectivity gaps, lower population density, and relatively few mapped essential-service facilities.", "ai_profile_interpretation": "Distinct recurring profile", "cluster_silhouette": 0.25912780112232514, "nearest_locality": "Kampung Teluk Penyamun", "nearest_locality_type": "hamlet", "nearest_major_locality": "Pasir Penambang", "nearest_major_locality_type": "suburb", "nearest_locality_distance_km": 1.37, "nearest_major_locality_distance_km": 3.56, "locality_source": "OpenStreetMap / Geofabrik" }, "geometry": { "type": "Polygon", "coordinates": [ [ [ 101.267948341862365, 3.362913949738333 ], [ 101.267990249358931, 3.380993680148324 ], [ 101.285980561738015, 3.380951283939525 ], [ 101.285938322522867, 3.362871780743578 ], [ 101.267948341862365, 3.362913949738333 ] ] ] } },
{ "type": "Feature", "properties": { "cell_id": "KS_194", "cell_area_km2": 4.0, "center_lon": 101.29495440150201, "center_lat": 3.371890266936922, "study_area": "Kuala Selangor", "dataset_version": "2.0.0", "geoai_model_version": "kmeans-k3-v1", "network_tiles": 0, "network_tests": 0, "avg_download_mbps": null, "avg_upload_mbps": null, "avg_latency_ms": null, "network_data_present": false, "population": 213.82311249524355, "population_pixels": 123, "population_data_present": true, "school_count": 0, "hospital_count": 0, "clinic_count": 0, "doctor_count": 0, "healthcare_count": 0, "download_gap": null, "upload_gap": null, "latency_gap": null, "connectivity_gap_score": null, "population_exposure": 0.30894308943089432, "school_exposure": 0.0, "healthcare_exposure": 0.0, "general_exposure": 0.30894308943089432, "education_exposure": 0.30894308943089432, "healthcare_exposure_mode": 0.30894308943089432, "score_general": null, "score_education": null, "score_healthcare": null, "priority_general": "Evidence Gap", "priority_education": "Evidence Gap", "priority_healthcare": "Evidence Gap", "decision_general": "Evidence Gap", "decision_education": "Evidence Gap", "decision_healthcare": "Evidence Gap", "analysis_status": "Evidence Gap", "evidence_label": "Evidence Gap", "evidence_strength_score": null, "evidence_gap_exposure": 0.30894308943089432, "evidence_gap_rank": 17.0, "validation_needed": false, "top5_general": false, "top5_education": false, "top5_healthcare": false, "top5_evidence_gap": false, "ai_cluster_id": null, "ai_profile": "Unclassified - Evidence Gap", "ai_profile_status": "Unclassified - insufficient connectivity observations", "ai_profile_description": "Insufficient observed connectivity data for GeoAI profiling.", "ai_profile_interpretation": "Not classified", "cluster_silhouette": null, "nearest_locality": "Kampung Kuantan", "nearest_locality_type": "hamlet", "nearest_major_locality": "Pasir Penambang", "nearest_major_locality_type": "suburb", "nearest_locality_distance_km": 1.48, "nearest_major_locality_distance_km": 5.25, "locality_source": "OpenStreetMap / Geofabrik" }, "geometry": { "type": "Polygon", "coordinates": [ [ [ 101.285938322522867, 3.362871780743578 ], [ 101.285980561738015, 3.380951283939525 ], [ 101.303970646330015, 3.380908553475296 ], [ 101.303928075417133, 3.362829279284748 ], [ 101.285938322522867, 3.362871780743578 ] ] ] } },
{ "type": "Feature", "properties": { "cell_id": "KS_195", "cell_area_km2": 4.0, "center_lon": 101.31294420546249, "center_lat": 3.3718474843043964, "study_area": "Kuala Selangor", "dataset_version": "2.0.0", "geoai_model_version": "kmeans-k3-v1", "network_tiles": 0, "network_tests": 0, "avg_download_mbps": null, "avg_upload_mbps": null, "avg_latency_ms": null, "network_data_present": false, "population": 816.66338534932584, "population_pixels": 217, "population_data_present": true, "school_count": 1, "hospital_count": 0, "clinic_count": 0, "doctor_count": 0, "healthcare_count": 0, "download_gap": null, "upload_gap": null, "latency_gap": null, "connectivity_gap_score": null, "population_exposure": 0.54065040650406504, "school_exposure": 0.30172413793103448, "healthcare_exposure": 0.0, "general_exposure": 0.54065040650406504, "education_exposure": 0.67924726661059709, "healthcare_exposure_mode": 0.54065040650406504, "score_general": null, "score_education": null, "score_healthcare": null, "priority_general": "Evidence Gap", "priority_education": "Evidence Gap", "priority_healthcare": "Evidence Gap", "decision_general": "Evidence Gap", "decision_education": "Evidence Gap", "decision_healthcare": "Evidence Gap", "analysis_status": "Evidence Gap", "evidence_label": "Evidence Gap", "evidence_strength_score": null, "evidence_gap_exposure": 0.67924726661059709, "evidence_gap_rank": 1.0, "validation_needed": false, "top5_general": false, "top5_education": false, "top5_healthcare": false, "top5_evidence_gap": true, "ai_cluster_id": null, "ai_profile": "Unclassified - Evidence Gap", "ai_profile_status": "Unclassified - insufficient connectivity observations", "ai_profile_description": "Insufficient observed connectivity data for GeoAI profiling.", "ai_profile_interpretation": "Not classified", "cluster_silhouette": null, "nearest_locality": "Kampung Kuantan", "nearest_locality_type": "hamlet", "nearest_major_locality": "Bukit Rotan", "nearest_major_locality_type": "village", "nearest_locality_distance_km": 1.71, "nearest_major_locality_distance_km": 6.97, "locality_source": "OpenStreetMap / Geofabrik" }, "geometry": { "type": "Polygon", "coordinates": [ [ [ 101.303928075417133, 3.362829279284748 ], [ 101.303970646330015, 3.380908553475296 ], [ 101.321960501346183, 3.380865488776692 ], [ 101.321917598756571, 3.362786445382787 ], [ 101.303928075417133, 3.362829279284748 ] ] ] } },
{ "type": "Feature", "properties": { "cell_id": "KS_196", "cell_area_km2": 4.0, "center_lon": 101.33093377896334, "center_lat": 3.371804368343684, "study_area": "Kuala Selangor", "dataset_version": "2.0.0", "geoai_model_version": "kmeans-k3-v1", "network_tiles": 0, "network_tests": 0, "avg_download_mbps": null, "avg_upload_mbps": null, "avg_latency_ms": null, "network_data_present": false, "population": 232.38480478897691, "population_pixels": 96, "population_data_present": true, "school_count": 0, "hospital_count": 0, "clinic_count": 0, "doctor_count": 0, "healthcare_count": 0, "download_gap": null, "upload_gap": null, "latency_gap": null, "connectivity_gap_score": null, "population_exposure": 0.31707317073170732, "school_exposure": 0.0, "healthcare_exposure": 0.0, "general_exposure": 0.31707317073170732, "education_exposure": 0.31707317073170738, "healthcare_exposure_mode": 0.31707317073170738, "score_general": null, "score_education": null, "score_healthcare": null, "priority_general": "Evidence Gap", "priority_education": "Evidence Gap", "priority_healthcare": "Evidence Gap", "decision_general": "Evidence Gap", "decision_education": "Evidence Gap", "decision_healthcare": "Evidence Gap", "analysis_status": "Evidence Gap", "evidence_label": "Evidence Gap", "evidence_strength_score": null, "evidence_gap_exposure": 0.31707317073170732, "evidence_gap_rank": 15.0, "validation_needed": false, "top5_general": false, "top5_education": false, "top5_healthcare": false, "top5_evidence_gap": false, "ai_cluster_id": null, "ai_profile": "Unclassified - Evidence Gap", "ai_profile_status": "Unclassified - insufficient connectivity observations", "ai_profile_description": "Insufficient observed connectivity data for GeoAI profiling.", "ai_profile_interpretation": "Not classified", "cluster_silhouette": null, "nearest_locality": "SD Guthrie Ladang Sungai Buloh Divisyen Selangor River", "nearest_locality_type": "hamlet", "nearest_major_locality": "Bukit Rotan", "nearest_major_locality_type": "village", "nearest_locality_distance_km": 1.65, "nearest_major_locality_distance_km": 7.14, "locality_source": "OpenStreetMap / Geofabrik" }, "geometry": { "type": "Polygon", "coordinates": [ [ [ 101.321917598756571, 3.362786445382787 ], [ 101.321960501346183, 3.380865488776692 ], [ 101.339950124997898, 3.380822089864932 ], [ 101.339906890752758, 3.362743279058798 ], [ 101.321917598756571, 3.362786445382787 ] ] ] } },
{ "type": "Feature", "properties": { "cell_id": "KS_197", "cell_area_km2": 4.0, "center_lon": 101.34892312021614, "center_lat": 3.37176091907603, "study_area": "Kuala Selangor", "dataset_version": "2.0.0", "geoai_model_version": "kmeans-k3-v1", "network_tiles": 2, "network_tests": 2, "avg_download_mbps": 32.453, "avg_upload_mbps": 14.748, "avg_latency_ms": 18.0, "network_data_present": true, "population": 331.83622292848304, "population_pixels": 111, "population_data_present": true, "school_count": 0, "hospital_count": 0, "clinic_count": 0, "doctor_count": 0, "healthcare_count": 0, "download_gap": 0.78021978021978022, "upload_gap": 0.57692307692307687, "latency_gap": 0.17582417582417584, "connectivity_gap_score": 51.098901098901109, "population_exposure": 0.36991869918699188, "school_exposure": 0.0, "healthcare_exposure": 0.0, "general_exposure": 0.36991869918699188, "education_exposure": 0.36991869918699183, "healthcare_exposure_mode": 0.36991869918699183, "score_general": 18.902439024390247, "score_education": 18.902439024390244, "score_healthcare": 18.902439024390244, "priority_general": "Medium", "priority_education": "Medium", "priority_healthcare": "Medium", "decision_general": "Monitor / investigate", "decision_education": "Monitor / investigate", "decision_healthcare": "Monitor / investigate", "analysis_status": "Observed", "evidence_label": "Limited", "evidence_strength_score": 14.560439560439562, "evidence_gap_exposure": 0.36991869918699188, "evidence_gap_rank": null, "validation_needed": false, "top5_general": false, "top5_education": false, "top5_healthcare": false, "top5_evidence_gap": false, "ai_cluster_id": 2.0, "ai_profile": "Connectivity-Constrained Areas", "ai_profile_status": "GeoAI classified", "ai_profile_description": "Areas characterised by comparatively lower download and upload performance, higher connectivity gaps, lower population density, and relatively few mapped essential-service facilities.", "ai_profile_interpretation": "Distinct recurring profile", "cluster_silhouette": 0.38896109440544502, "nearest_locality": "Kampung Asahan Batu 8", "nearest_locality_type": "hamlet", "nearest_major_locality": "Bestari Jaya", "nearest_major_locality_type": "town", "nearest_locality_distance_km": 1.16, "nearest_major_locality_distance_km": 6.85, "locality_source": "OpenStreetMap / Geofabrik" }, "geometry": { "type": "Polygon", "coordinates": [ [ [ 101.339906890752758, 3.362743279058798 ], [ 101.339950124997898, 3.380822089864932 ], [ 101.357939515496639, 3.380778356761395 ], [ 101.357895949617316, 3.362699780334048 ], [ 101.339906890752758, 3.362743279058798 ] ] ] } },
{ "type": "Feature", "properties": { "cell_id": "KS_198", "cell_area_km2": 4.0, "center_lon": 101.36691222743252, "center_lat": 3.3717171365228378, "study_area": "Kuala Selangor", "dataset_version": "2.0.0", "geoai_model_version": "kmeans-k3-v1", "network_tiles": 0, "network_tests": 0, "avg_download_mbps": null, "avg_upload_mbps": null, "avg_latency_ms": null, "network_data_present": false, "population": 134.39268097933382, "population_pixels": 97, "population_data_present": true, "school_count": 0, "hospital_count": 0, "clinic_count": 0, "doctor_count": 0, "healthcare_count": 0, "download_gap": null, "upload_gap": null, "latency_gap": null, "connectivity_gap_score": null, "population_exposure": 0.26016260162601629, "school_exposure": 0.0, "healthcare_exposure": 0.0, "general_exposure": 0.26016260162601629, "education_exposure": 0.26016260162601634, "healthcare_exposure_mode": 0.26016260162601634, "score_general": null, "score_education": null, "score_healthcare": null, "priority_general": "Evidence Gap", "priority_education": "Evidence Gap", "priority_healthcare": "Evidence Gap", "decision_general": "Evidence Gap", "decision_education": "Evidence Gap", "decision_healthcare": "Evidence Gap", "analysis_status": "Evidence Gap", "evidence_label": "Evidence Gap", "evidence_strength_score": null, "evidence_gap_exposure": 0.26016260162601629, "evidence_gap_rank": 23.0, "validation_needed": false, "top5_general": false, "top5_education": false, "top5_healthcare": false, "top5_evidence_gap": false, "ai_cluster_id": null, "ai_profile": "Unclassified - Evidence Gap", "ai_profile_status": "Unclassified - insufficient connectivity observations", "ai_profile_description": "Insufficient observed connectivity data for GeoAI profiling.", "ai_profile_interpretation": "Not classified", "cluster_silhouette": null, "nearest_locality": "Delloyd Sungei Rambai Estate", "nearest_locality_type": "hamlet", "nearest_major_locality": "Bestari Jaya", "nearest_major_locality_type": "town", "nearest_locality_distance_km": 2.2, "nearest_major_locality_distance_km": 4.87, "locality_source": "OpenStreetMap / Geofabrik" }, "geometry": { "type": "Polygon", "coordinates": [ [ [ 101.357895949617316, 3.362699780334048 ], [ 101.357939515496639, 3.380778356761395 ], [ 101.375928671054041, 3.38073428948763 ], [ 101.375884773562049, 3.362655949229965 ], [ 101.357895949617316, 3.362699780334048 ] ] ] } },
{ "type": "Feature", "properties": { "cell_id": "KS_199", "cell_area_km2": 4.0, "center_lon": 101.38490109882417, "center_lat": 3.3716730207056793, "study_area": "Kuala Selangor", "dataset_version": "2.0.0", "geoai_model_version": "kmeans-k3-v1", "network_tiles": 3, "network_tests": 8, "avg_download_mbps": 144.176375, "avg_upload_mbps": 24.581875, "avg_latency_ms": 19.75, "network_data_present": true, "population": 1443.044777166564, "population_pixels": 227, "population_data_present": true, "school_count": 0, "hospital_count": 0, "clinic_count": 0, "doctor_count": 0, "healthcare_count": 0, "download_gap": 0.38461538461538458, "upload_gap": 0.36813186813186816, "latency_gap": 0.30219780219780218, "connectivity_gap_score": 35.164835164835168, "population_exposure": 0.69105691056910568, "school_exposure": 0.0, "healthcare_exposure": 0.0, "general_exposure": 0.69105691056910568, "education_exposure": 0.69105691056910568, "healthcare_exposure_mode": 0.69105691056910568, "score_general": 24.300902349682836, "score_education": 24.300902349682836, "score_healthcare": 24.300902349682836, "priority_general": "Medium", "priority_education": "Medium", "priority_healthcare": "Medium", "decision_general": "Monitor / investigate", "decision_education": "Monitor / investigate", "decision_healthcare": "Monitor / investigate", "analysis_status": "Observed", "evidence_label": "Moderate", "evidence_strength_score": 36.538461538461533, "evidence_gap_exposure": 0.69105691056910568, "evidence_gap_rank": null, "validation_needed": false, "top5_general": false, "top5_education": false, "top5_healthcare": false, "top5_evidence_gap": false, "ai_cluster_id": 0.0, "ai_profile": "Strong-Connectivity Areas", "ai_profile_status": "GeoAI classified", "ai_profile_description": "Areas characterised by comparatively strong mobile download and upload performance, lower latency, moderate population exposure, and relatively few mapped essential-service facilities.", "ai_profile_interpretation": "Distinct recurring profile", "cluster_silhouette": 0.24951071880232994, "nearest_locality": "Kampung Jawa Selangor", "nearest_locality_type": "hamlet", "nearest_major_locality": "Bestari Jaya", "nearest_major_locality_type": "town", "nearest_locality_distance_km": 1.88, "nearest_major_locality_distance_km": 2.9, "locality_source": "OpenStreetMap / Geofabrik" }, "geometry": { "type": "Polygon", "coordinates": [ [ [ 101.375884773562049, 3.362655949229965 ], [ 101.375928671054041, 3.38073428948763 ], [ 101.393917589881838, 3.380689888065346 ], [ 101.393873360798821, 3.362611785768145 ], [ 101.375884773562049, 3.362655949229965 ] ] ] } },
{ "type": "Feature", "properties": { "cell_id": "KS_200", "cell_area_km2": 4.0, "center_lon": 101.40288973260304, "center_lat": 3.3716285716462862, "study_area": "Kuala Selangor", "dataset_version": "2.0.0", "geoai_model_version": "kmeans-k3-v1", "network_tiles": 4, "network_tests": 54, "avg_download_mbps": 279.55888888888887, "avg_upload_mbps": 39.734, "avg_latency_ms": 16.666666666666668, "network_data_present": true, "population": 4632.7448834422976, "population_pixels": 408, "population_data_present": true, "school_count": 4, "hospital_count": 0, "clinic_count": 2, "doctor_count": 0, "healthcare_count": 2, "download_gap": 0.082417582417582458, "upload_gap": 0.087912087912087933, "latency_gap": 0.10164835164835165, "connectivity_gap_score": 9.0659340659340675, "population_exposure": 0.95934959349593496, "school_exposure": 0.91379310344827591, "healthcare_exposure": 0.6607142857142857, "general_exposure": 0.95934959349593496, "education_exposure": 0.99649565461171852, "healthcare_exposure_mode": 0.98620789779326368, "score_general": 8.6974001608147962, "score_education": 9.0341639016996478, "score_healthcare": 8.9408957766971717, "priority_general": "Low", "priority_education": "Low", "priority_healthcare": "Low", "decision_general": "Lower relative priority", "decision_education": "Lower relative priority", "decision_healthcare": "Lower relative priority", "analysis_status": "Observed", "evidence_label": "Strong", "evidence_strength_score": 76.923076923076934, "evidence_gap_exposure": 0.99881102567183311, "evidence_gap_rank": null, "validation_needed": false, "top5_general": false, "top5_education": false, "top5_healthcare": false, "top5_evidence_gap": false, "ai_cluster_id": 1.0, "ai_profile": "High-Exposure Essential-Service Hubs", "ai_profile_status": "GeoAI classified", "ai_profile_description": "Areas with comparatively high population exposure and concentrations of mapped schools and healthcare facilities. Connectivity is generally moderate to strong, but disruption or degradation may affect more people and essential services.", "ai_profile_interpretation": "Mixed / transitional recurring profile", "cluster_silhouette": 0.19575534608899242, "nearest_locality": "Kampung Jawa Selangor", "nearest_locality_type": "hamlet", "nearest_major_locality": "Bestari Jaya", "nearest_major_locality_type": "town", "nearest_locality_distance_km": 0.39, "nearest_major_locality_distance_km": 1.08, "locality_source": "OpenStreetMap / Geofabrik" }, "geometry": { "type": "Polygon", "coordinates": [ [ [ 101.393873360798821, 3.362611785768145 ], [ 101.393917589881838, 3.380689888065346 ], [ 101.411906270191835, 3.380645152516415 ], [ 101.41186170953965, 3.362567289970343 ], [ 101.393873360798821, 3.362611785768145 ] ] ] } },
{ "type": "Feature", "properties": { "cell_id": "KS_201", "cell_area_km2": 4.0, "center_lon": 101.42087812698105, "center_lat": 3.3715837893665563, "study_area": "Kuala Selangor", "dataset_version": "2.0.0", "geoai_model_version": "kmeans-k3-v1", "network_tiles": 9, "network_tests": 64, "avg_download_mbps": 272.3401875, "avg_upload_mbps": 31.12209375, "avg_latency_ms": 29.0, "network_data_present": true, "population": 2940.0770682501607, "population_pixels": 323, "population_data_present": true, "school_count": 1, "hospital_count": 0, "clinic_count": 0, "doctor_count": 0, "healthcare_count": 0, "download_gap": 0.10989010989010994, "upload_gap": 0.19780219780219777, "latency_gap": 0.80219780219780223, "connectivity_gap_score": 36.996336996337, "population_exposure": 0.88211382113821135, "school_exposure": 0.30172413793103448, "healthcare_exposure": 0.0, "general_exposure": 0.88211382113821135, "education_exposure": 0.91768292682926833, "healthcare_exposure_mode": 0.88211382113821135, "score_general": 32.634980195955805, "score_education": 33.95090681676048, "score_healthcare": 32.634980195955805, "priority_general": "Medium", "priority_education": "Medium", "priority_healthcare": "Medium", "decision_general": "Monitor / investigate", "decision_education": "Monitor / investigate", "decision_healthcare": "Monitor / investigate", "analysis_status": "Observed", "evidence_label": "Strong", "evidence_strength_score": 80.769230769230774, "evidence_gap_exposure": 0.91768292682926833, "evidence_gap_rank": null, "validation_needed": false, "top5_general": false, "top5_education": false, "top5_healthcare": false, "top5_evidence_gap": false, "ai_cluster_id": 0.0, "ai_profile": "Strong-Connectivity Areas", "ai_profile_status": "GeoAI classified", "ai_profile_description": "Areas characterised by comparatively strong mobile download and upload performance, lower latency, moderate population exposure, and relatively few mapped essential-service facilities.", "ai_profile_interpretation": "Distinct recurring profile", "cluster_silhouette": 0.43887798354679641, "nearest_locality": "Bestari Jaya", "nearest_locality_type": "town", "nearest_major_locality": "Bestari Jaya", "nearest_major_locality_type": "town", "nearest_locality_distance_km": 1.38, "nearest_major_locality_distance_km": 1.38, "locality_source": "OpenStreetMap / Geofabrik" }, "geometry": { "type": "Polygon", "coordinates": [ [ [ 101.41186170953965, 3.362567289970343 ], [ 101.411906270191835, 3.380645152516415 ], [ 101.429894710196024, 3.380600082862877 ], [ 101.429849817996654, 3.362522461858477 ], [ 101.41186170953965, 3.362567289970343 ] ] ] } },
{ "type": "Feature", "properties": { "cell_id": "KS_202", "cell_area_km2": 3.1856089308441149, "center_lon": 101.4370351173352, "center_lat": 3.3715432818263413, "study_area": "Kuala Selangor", "dataset_version": "2.0.0", "geoai_model_version": "kmeans-k3-v1", "network_tiles": 1, "network_tests": 1, "avg_download_mbps": 52.74, "avg_upload_mbps": 4.02, "avg_latency_ms": 19.0, "network_data_present": true, "population": 67.475893501192331, "population_pixels": 58, "population_data_present": true, "school_count": 0, "hospital_count": 0, "clinic_count": 0, "doctor_count": 0, "healthcare_count": 0, "download_gap": 0.67032967032967039, "upload_gap": 0.81868131868131866, "latency_gap": 0.25824175824175827, "connectivity_gap_score": 58.241758241758248, "population_exposure": 0.17479674796747968, "school_exposure": 0.0, "healthcare_exposure": 0.0, "general_exposure": 0.17479674796747968, "education_exposure": 0.17479674796747968, "healthcare_exposure_mode": 0.17479674796747968, "score_general": 10.1804699365675, "score_education": 10.1804699365675, "score_healthcare": 10.1804699365675, "priority_general": "Low", "priority_education": "Low", "priority_healthcare": "Low", "decision_general": "Lower relative priority", "decision_education": "Lower relative priority", "decision_healthcare": "Lower relative priority", "analysis_status": "Observed", "evidence_label": "Limited", "evidence_strength_score": 5.7692307692307692, "evidence_gap_exposure": 0.17479674796747968, "evidence_gap_rank": null, "validation_needed": false, "top5_general": false, "top5_education": false, "top5_healthcare": false, "top5_evidence_gap": false, "ai_cluster_id": 2.0, "ai_profile": "Connectivity-Constrained Areas", "ai_profile_status": "GeoAI classified", "ai_profile_description": "Areas characterised by comparatively lower download and upload performance, higher connectivity gaps, lower population density, and relatively few mapped essential-service facilities.", "ai_profile_interpretation": "Distinct recurring profile", "cluster_silhouette": 0.41083056336679002, "nearest_locality": "Kampung Sungai Darat", "nearest_locality_type": "hamlet", "nearest_major_locality": "Bestari Jaya", "nearest_major_locality_type": "town", "nearest_locality_distance_km": 1.79, "nearest_major_locality_distance_km": 3.07, "locality_source": "OpenStreetMap / Geofabrik" }, "geometry": { "type": "Polygon", "coordinates": [ [ [ 101.429849817996654, 3.362522461858477 ], [ 101.429894710196024, 3.380600082862877 ], [ 101.444118529946238, 3.380564208427467 ], [ 101.444277453713681, 3.362486266206104 ], [ 101.429849817996654, 3.362522461858477 ] ] ] } },
{ "type": "Feature", "properties": { "cell_id": "KS_203", "cell_area_km2": 3.5456265477131903, "center_lon": 101.18822907817454, "center_lat": 3.3708052543633378, "study_area": "Kuala Selangor", "dataset_version": "2.0.0", "geoai_model_version": "kmeans-k3-v1", "network_tiles": 0, "network_tests": 0, "avg_download_mbps": null, "avg_upload_mbps": null, "avg_latency_ms": null, "network_data_present": false, "population": 260.34708835300989, "population_pixels": 147, "population_data_present": true, "school_count": 0, "hospital_count": 0, "clinic_count": 0, "doctor_count": 0, "healthcare_count": 0, "download_gap": null, "upload_gap": null, "latency_gap": null, "connectivity_gap_score": null, "population_exposure": 0.33739837398373984, "school_exposure": 0.0, "healthcare_exposure": 0.0, "general_exposure": 0.33739837398373984, "education_exposure": 0.33739837398373984, "healthcare_exposure_mode": 0.33739837398373984, "score_general": null, "score_education": null, "score_healthcare": null, "priority_general": "Evidence Gap", "priority_education": "Evidence Gap", "priority_healthcare": "Evidence Gap", "decision_general": "Evidence Gap", "decision_education": "Evidence Gap", "decision_healthcare": "Evidence Gap", "analysis_status": "Evidence Gap", "evidence_label": "Evidence Gap", "evidence_strength_score": null, "evidence_gap_exposure": 0.33739837398373984, "evidence_gap_rank": 13.0, "validation_needed": false, "top5_general": false, "top5_education": false, "top5_healthcare": false, "top5_evidence_gap": false, "ai_cluster_id": null, "ai_profile": "Unclassified - Evidence Gap", "ai_profile_status": "Unclassified - insufficient connectivity observations", "ai_profile_description": "Insufficient observed connectivity data for GeoAI profiling.", "ai_profile_interpretation": "Not classified", "cluster_silhouette": null, "nearest_locality": "Kampung Sungai Tunggal Baru", "nearest_locality_type": "hamlet", "nearest_major_locality": "Tanjong Karang", "nearest_major_locality_type": "town", "nearest_locality_distance_km": 2.5, "nearest_major_locality_distance_km": 5.92, "locality_source": "OpenStreetMap / Geofabrik" }, "geometry": { "type": "Polygon", "coordinates": [ [ [ 101.196026757750275, 3.381159922013893 ], [ 101.195986177333353, 3.363079300663525 ], [ 101.18224942562135, 3.363110258585735 ], [ 101.181326334000062, 3.366181933000064 ], [ 101.179583, 3.375463625000065 ], [ 101.178031641936073, 3.379546444301397 ], [ 101.177402548591886, 3.38120207288399 ], [ 101.178035333270671, 3.38120064663548 ], [ 101.196026757750275, 3.381159922013893 ] ] ] } },
{ "type": "Feature", "properties": { "cell_id": "KS_204", "cell_area_km2": 1.7058518305581241, "center_lon": 101.19053794237769, "center_lat": 3.3568879260086932, "study_area": "Kuala Selangor", "dataset_version": "2.0.0", "geoai_model_version": "kmeans-k3-v1", "network_tiles": 0, "network_tests": 0, "avg_download_mbps": null, "avg_upload_mbps": null, "avg_latency_ms": null, "network_data_present": false, "population": 1.1972610065713525, "population_pixels": 7, "population_data_present": true, "school_count": 0, "hospital_count": 0, "clinic_count": 0, "doctor_count": 0, "healthcare_count": 0, "download_gap": null, "upload_gap": null, "latency_gap": null, "connectivity_gap_score": null, "population_exposure": 0.016260162601626018, "school_exposure": 0.0, "healthcare_exposure": 0.0, "general_exposure": 0.016260162601626018, "education_exposure": 0.016260162601625994, "healthcare_exposure_mode": 0.016260162601625994, "score_general": null, "score_education": null, "score_healthcare": null, "priority_general": "Evidence Gap", "priority_education": "Evidence Gap", "priority_healthcare": "Evidence Gap", "decision_general": "Evidence Gap", "decision_education": "Evidence Gap", "decision_healthcare": "Evidence Gap", "analysis_status": "Evidence Gap", "evidence_label": "Evidence Gap", "evidence_strength_score": null, "evidence_gap_exposure": 0.016260162601626018, "evidence_gap_rank": 61.0, "validation_needed": false, "top5_general": false, "top5_education": false, "top5_healthcare": false, "top5_evidence_gap": false, "ai_cluster_id": null, "ai_profile": "Unclassified - Evidence Gap", "ai_profile_status": "Unclassified - insufficient connectivity observations", "ai_profile_description": "Insufficient observed connectivity data for GeoAI profiling.", "ai_profile_interpretation": "Not classified", "cluster_silhouette": null, "nearest_locality": "Kampung Sungai Tunggal Baru", "nearest_locality_type": "hamlet", "nearest_major_locality": "Pasir Penambang", "nearest_major_locality_type": "suburb", "nearest_locality_distance_km": 3.86, "nearest_major_locality_distance_km": 6.89, "locality_source": "OpenStreetMap / Geofabrik" }, "geometry": { "type": "Polygon", "coordinates": [ [ [ 101.195986177333353, 3.363079300663525 ], [ 101.195951904107091, 3.347732345391246 ], [ 101.188299667000081, 3.352259229000026 ], [ 101.187137445000076, 3.353419462000033 ], [ 101.183069667000041, 3.360380830000054 ], [ 101.18224942562135, 3.363110258585735 ], [ 101.195986177333353, 3.363079300663525 ] ] ] } },
{ "type": "Feature", "properties": { "cell_id": "KS_205", "cell_area_km2": 3.9219317481537761, "center_lon": 101.20496441525815, "center_lat": 3.3553854923756568, "study_area": "Kuala Selangor", "dataset_version": "2.0.0", "geoai_model_version": "kmeans-k3-v1", "network_tiles": 0, "network_tests": 0, "avg_download_mbps": null, "avg_upload_mbps": null, "avg_latency_ms": null, "network_data_present": false, "population": 204.28789023682475, "population_pixels": 123, "population_data_present": true, "school_count": 0, "hospital_count": 0, "clinic_count": 0, "doctor_count": 0, "healthcare_count": 0, "download_gap": null, "upload_gap": null, "latency_gap": null, "connectivity_gap_score": null, "population_exposure": 0.3048780487804878, "school_exposure": 0.0, "healthcare_exposure": 0.0, "general_exposure": 0.3048780487804878, "education_exposure": 0.30487804878048785, "healthcare_exposure_mode": 0.30487804878048785, "score_general": null, "score_education": null, "score_healthcare": null, "priority_general": "Evidence Gap", "priority_education": "Evidence Gap", "priority_healthcare": "Evidence Gap", "decision_general": "Evidence Gap", "decision_education": "Evidence Gap", "decision_healthcare": "Evidence Gap", "analysis_status": "Evidence Gap", "evidence_label": "Evidence Gap", "evidence_strength_score": null, "evidence_gap_exposure": 0.3048780487804878, "evidence_gap_rank": 18.0, "validation_needed": false, "top5_general": false, "top5_education": false, "top5_healthcare": false, "top5_evidence_gap": false, "ai_cluster_id": null, "ai_profile": "Unclassified - Evidence Gap", "ai_profile_status": "Unclassified - insufficient connectivity observations", "ai_profile_description": "Insufficient observed connectivity data for GeoAI profiling.", "ai_profile_interpretation": "Not classified", "cluster_silhouette": null, "nearest_locality": "Kampung Tanjong Keramat", "nearest_locality_type": "hamlet", "nearest_major_locality": "Pasir Penambang", "nearest_major_locality_type": "suburb", "nearest_locality_distance_km": 3.97, "nearest_major_locality_distance_km": 5.25, "locality_source": "OpenStreetMap / Geofabrik" }, "geometry": { "type": "Polygon", "coordinates": [ [ [ 101.195986177333353, 3.363079300663525 ], [ 101.213977051170843, 3.363038461731204 ], [ 101.213936359564386, 3.344958053223571 ], [ 101.200590516145539, 3.344988217073776 ], [ 101.195951904107091, 3.347732345391246 ], [ 101.195986177333353, 3.363079300663525 ] ] ] } },
{ "type": "Feature", "properties": { "cell_id": "KS_206", "cell_area_km2": 4.0, "center_lon": 101.22295194948316, "center_lat": 3.3539777695496995, "study_area": "Kuala Selangor", "dataset_version": "2.0.0", "geoai_model_version": "kmeans-k3-v1", "network_tiles": 3, "network_tests": 7, "avg_download_mbps": 6.1644285714285711, "avg_upload_mbps": 0.88257142857142856, "avg_latency_ms": 55.285714285714285, "network_data_present": true, "population": 432.23599058948457, "population_pixels": 176, "population_data_present": true, "school_count": 0, "hospital_count": 0, "clinic_count": 0, "doctor_count": 0, "healthcare_count": 0, "download_gap": 0.97802197802197799, "upload_gap": 0.95604395604395609, "latency_gap": 0.95604395604395609, "connectivity_gap_score": 96.336996336996336, "population_exposure": 0.42276422764227645, "school_exposure": 0.0, "healthcare_exposure": 0.0, "general_exposure": 0.42276422764227645, "education_exposure": 0.4227642276422765, "healthcare_exposure_mode": 0.4227642276422765, "score_general": 40.727835849787077, "score_education": 40.727835849787077, "score_healthcare": 40.727835849787077, "priority_general": "Medium", "priority_education": "Medium", "priority_healthcare": "Medium", "decision_general": "Monitor / investigate", "decision_education": "Monitor / investigate", "decision_healthcare": "Monitor / investigate", "analysis_status": "Observed", "evidence_label": "Moderate", "evidence_strength_score": 32.417582417582416, "evidence_gap_exposure": 0.42276422764227645, "evidence_gap_rank": null, "validation_needed": false, "top5_general": false, "top5_education": false, "top5_healthcare": false, "top5_evidence_gap": false, "ai_cluster_id": 2.0, "ai_profile": "Connectivity-Constrained Areas", "ai_profile_status": "GeoAI classified", "ai_profile_description": "Areas characterised by comparatively lower download and upload performance, higher connectivity gaps, lower population density, and relatively few mapped essential-service facilities.", "ai_profile_interpretation": "Distinct recurring profile", "cluster_silhouette": 0.41804468123683514, "nearest_locality": "Kampung Tanjong Keramat", "nearest_locality_type": "hamlet", "nearest_major_locality": "Pasir Penambang", "nearest_major_locality_type": "suburb", "nearest_locality_distance_km": 2.02, "nearest_major_locality_distance_km": 3.27, "locality_source": "OpenStreetMap / Geofabrik" }, "geometry": { "type": "Polygon", "coordinates": [ [ [ 101.213936359564386, 3.344958053223571 ], [ 101.213977051170843, 3.363038461731204 ], [ 101.231967704397505, 3.362997290252679 ], [ 101.23192668279988, 3.344917103576539 ], [ 101.213936359564386, 3.344958053223571 ] ] ] } },
{ "type": "Feature", "properties": { "cell_id": "KS_207", "cell_area_km2": 4.0, "center_lon": 101.24094232651937, "center_lat": 3.3539365431703083, "study_area": "Kuala Selangor", "dataset_version": "2.0.0", "geoai_model_version": "kmeans-k3-v1", "network_tiles": 7, "network_tests": 65, "avg_download_mbps": 160.53653846153847, "avg_upload_mbps": 23.721430769230771, "avg_latency_ms": 24.246153846153845, "network_data_present": true, "population": 2906.7786408974789, "population_pixels": 285, "population_data_present": true, "school_count": 5, "hospital_count": 0, "clinic_count": 0, "doctor_count": 0, "healthcare_count": 0, "download_gap": 0.32417582417582413, "upload_gap": 0.38461538461538458, "latency_gap": 0.58791208791208793, "connectivity_gap_score": 43.223443223443219, "population_exposure": 0.87804878048780488, "school_exposure": 0.96551724137931039, "healthcare_exposure": 0.0, "general_exposure": 0.87804878048780488, "education_exposure": 0.9957947855340622, "healthcare_exposure_mode": 0.87804878048780488, "score_general": 37.95229161082819, "score_education": 43.041679374732354, "score_healthcare": 37.95229161082819, "priority_general": "Medium", "priority_education": "High", "priority_healthcare": "Medium", "decision_general": "Monitor / investigate", "decision_education": "High priority - supported", "decision_healthcare": "Monitor / investigate", "analysis_status": "Observed", "evidence_label": "Strong", "evidence_strength_score": 81.318681318681314, "evidence_gap_exposure": 0.9957947855340622, "evidence_gap_rank": null, "validation_needed": false, "top5_general": false, "top5_education": false, "top5_healthcare": false, "top5_evidence_gap": false, "ai_cluster_id": 1.0, "ai_profile": "High-Exposure Essential-Service Hubs", "ai_profile_status": "GeoAI classified", "ai_profile_description": "Areas with comparatively high population exposure and concentrations of mapped schools and healthcare facilities. Connectivity is generally moderate to strong, but disruption or degradation may affect more people and essential services.", "ai_profile_interpretation": "Mixed / transitional recurring profile", "cluster_silhouette": 0.16504837265319941, "nearest_locality": "Kampung Tanjong Keramat", "nearest_locality_type": "hamlet", "nearest_major_locality": "Pasir Penambang", "nearest_major_locality_type": "suburb", "nearest_locality_distance_km": 0.53, "nearest_major_locality_distance_km": 1.29, "locality_source": "OpenStreetMap / Geofabrik" }, "geometry": { "type": "Polygon", "coordinates": [ [ [ 101.23192668279988, 3.344917103576539 ], [ 101.231967704397505, 3.362997290252679 ], [ 101.249958135224304, 3.362955786248238 ], [ 101.249916783655792, 3.344875823195218 ], [ 101.23192668279988, 3.344917103576539 ] ] ] } },
{ "type": "Feature", "properties": { "cell_id": "KS_208", "cell_area_km2": 4.0, "center_lon": 101.25893248027145, "center_lat": 3.3538949851710012, "study_area": "Kuala Selangor", "dataset_version": "2.0.0", "geoai_model_version": "kmeans-k3-v1", "network_tiles": 6, "network_tests": 282, "avg_download_mbps": 75.59889361702129, "avg_upload_mbps": 10.404081560283688, "avg_latency_ms": 37.957446808510639, "network_data_present": true, "population": 3428.5901581835933, "population_pixels": 308, "population_data_present": true, "school_count": 1, "hospital_count": 0, "clinic_count": 0, "doctor_count": 0, "healthcare_count": 0, "download_gap": 0.55494505494505497, "upload_gap": 0.65934065934065933, "latency_gap": 0.89010989010989006, "connectivity_gap_score": 70.146520146520146, "population_exposure": 0.91056910569105687, "school_exposure": 0.30172413793103448, "healthcare_exposure": 0.0, "general_exposure": 0.91056910569105687, "education_exposure": 0.93755256518082419, "healthcare_exposure_mode": 0.91056910569105687, "score_general": 63.873254117156563, "score_education": 65.766049901878333, "score_healthcare": 63.873254117156563, "priority_general": "High", "priority_education": "High", "priority_healthcare": "High", "decision_general": "High priority - supported", "decision_education": "High priority - supported", "decision_healthcare": "High priority - supported", "analysis_status": "Observed", "evidence_label": "Strong", "evidence_strength_score": 97.252747252747255, "evidence_gap_exposure": 0.93755256518082419, "evidence_gap_rank": null, "validation_needed": false, "top5_general": true, "top5_education": true, "top5_healthcare": true, "top5_evidence_gap": false, "ai_cluster_id": 2.0, "ai_profile": "Connectivity-Constrained Areas", "ai_profile_status": "GeoAI classified", "ai_profile_description": "Areas characterised by comparatively lower download and upload performance, higher connectivity gaps, lower population density, and relatively few mapped essential-service facilities.", "ai_profile_interpretation": "Distinct recurring profile", "cluster_silhouette": 0.18515113634846908, "nearest_locality": "Kampung Sepakat", "nearest_locality_type": "hamlet", "nearest_major_locality": "Pasir Penambang", "nearest_major_locality_type": "suburb", "nearest_locality_distance_km": 0.74, "nearest_major_locality_distance_km": 0.79, "locality_source": "OpenStreetMap / Geofabrik" }, "geometry": { "type": "Polygon", "coordinates": [ [ [ 101.249916783655792, 3.344875823195218 ], [ 101.249958135224304, 3.362955786248238 ], [ 101.267948341862365, 3.362913949738333 ], [ 101.267906660343371, 3.344834212099952 ], [ 101.249916783655792, 3.344875823195218 ] ] ] } },
{ "type": "Feature", "properties": { "cell_id": "KS_209", "cell_area_km2": 4.0, "center_lon": 101.27692240895064, "center_lat": 3.353853095572255, "study_area": "Kuala Selangor", "dataset_version": "2.0.0", "geoai_model_version": "kmeans-k3-v1", "network_tiles": 5, "network_tests": 10, "avg_download_mbps": 14.8406, "avg_upload_mbps": 2.4103, "avg_latency_ms": 24.1, "network_data_present": true, "population": 782.66485151229426, "population_pixels": 293, "population_data_present": true, "school_count": 0, "hospital_count": 0, "clinic_count": 0, "doctor_count": 0, "healthcare_count": 0, "download_gap": 0.90109890109890112, "upload_gap": 0.87362637362637363, "latency_gap": 0.57692307692307687, "connectivity_gap_score": 78.38827838827838, "population_exposure": 0.51626016260162599, "school_exposure": 0.0, "healthcare_exposure": 0.0, "general_exposure": 0.51626016260162599, "education_exposure": 0.51626016260162599, "healthcare_exposure_mode": 0.51626016260162599, "score_general": 40.468745346794122, "score_education": 40.468745346794122, "score_healthcare": 40.468745346794122, "priority_general": "Medium", "priority_education": "Medium", "priority_healthcare": "Medium", "decision_general": "Monitor / investigate", "decision_education": "Monitor / investigate", "decision_healthcare": "Monitor / investigate", "analysis_status": "Observed", "evidence_label": "Moderate", "evidence_strength_score": 42.307692307692307, "evidence_gap_exposure": 0.51626016260162599, "evidence_gap_rank": null, "validation_needed": false, "top5_general": false, "top5_education": false, "top5_healthcare": false, "top5_evidence_gap": false, "ai_cluster_id": 2.0, "ai_profile": "Connectivity-Constrained Areas", "ai_profile_status": "GeoAI classified", "ai_profile_description": "Areas characterised by comparatively lower download and upload performance, higher connectivity gaps, lower population density, and relatively few mapped essential-service facilities.", "ai_profile_interpretation": "Distinct recurring profile", "cluster_silhouette": 0.49287616598400935, "nearest_locality": "Kampung Teluk Penyamun", "nearest_locality_type": "hamlet", "nearest_major_locality": "Pasir Penambang", "nearest_major_locality_type": "suburb", "nearest_locality_distance_km": 0.71, "nearest_major_locality_distance_km": 2.75, "locality_source": "OpenStreetMap / Geofabrik" }, "geometry": { "type": "Polygon", "coordinates": [ [ [ 101.267906660343371, 3.344834212099952 ], [ 101.267948341862365, 3.362913949738333 ], [ 101.285938322522867, 3.362871780743578 ], [ 101.285896311073969, 3.344792270311241 ], [ 101.267906660343371, 3.344834212099952 ] ] ] } },
{ "type": "Feature", "properties": { "cell_id": "KS_210", "cell_area_km2": 4.0, "center_lon": 101.29491211076825, "center_lat": 3.3538108743947084, "study_area": "Kuala Selangor", "dataset_version": "2.0.0", "geoai_model_version": "kmeans-k3-v1", "network_tiles": 2, "network_tests": 8, "avg_download_mbps": 51.182, "avg_upload_mbps": 15.139, "avg_latency_ms": 22.5, "network_data_present": true, "population": 1283.9839813555591, "population_pixels": 196, "population_data_present": true, "school_count": 1, "hospital_count": 0, "clinic_count": 0, "doctor_count": 0, "healthcare_count": 0, "download_gap": 0.67582417582417587, "upload_gap": 0.55494505494505497, "latency_gap": 0.51648351648351654, "connectivity_gap_score": 58.241758241758248, "population_exposure": 0.65040650406504064, "school_exposure": 0.30172413793103448, "healthcare_exposure": 0.0, "general_exposure": 0.65040650406504064, "education_exposure": 0.75588730025231288, "healthcare_exposure_mode": 0.65040650406504064, "score_general": 37.880818368623245, "score_education": 44.024205399310532, "score_healthcare": 37.880818368623245, "priority_general": "Medium", "priority_education": "High", "priority_healthcare": "Medium", "decision_general": "Monitor / investigate", "decision_education": "High priority - validate evidence", "decision_healthcare": "Monitor / investigate", "analysis_status": "Observed", "evidence_label": "Moderate", "evidence_strength_score": 36.538461538461533, "evidence_gap_exposure": 0.75588730025231288, "evidence_gap_rank": null, "validation_needed": true, "top5_general": false, "top5_education": false, "top5_healthcare": false, "top5_evidence_gap": false, "ai_cluster_id": 2.0, "ai_profile": "Connectivity-Constrained Areas", "ai_profile_status": "GeoAI classified", "ai_profile_description": "Areas characterised by comparatively lower download and upload performance, higher connectivity gaps, lower population density, and relatively few mapped essential-service facilities.", "ai_profile_interpretation": "Distinct recurring profile", "cluster_silhouette": 0.23851846962678663, "nearest_locality": "Ladang Kamasan", "nearest_locality_type": "hamlet", "nearest_major_locality": "Pasir Penambang", "nearest_major_locality_type": "suburb", "nearest_locality_distance_km": 0.65, "nearest_major_locality_distance_km": 4.75, "locality_source": "OpenStreetMap / Geofabrik" }, "geometry": { "type": "Polygon", "coordinates": [ [ [ 101.285896311073969, 3.344792270311241 ], [ 101.285938322522867, 3.362871780743578 ], [ 101.303928075417133, 3.362829279284748 ], [ 101.303885734059065, 3.34474999784975 ], [ 101.285896311073969, 3.344792270311241 ] ] ] } },
{ "type": "Feature", "properties": { "cell_id": "KS_211", "cell_area_km2": 4.0, "center_lon": 101.31290158393574, "center_lat": 3.3537683216591665, "study_area": "Kuala Selangor", "dataset_version": "2.0.0", "geoai_model_version": "kmeans-k3-v1", "network_tiles": 5, "network_tests": 55, "avg_download_mbps": 12.448490909090909, "avg_upload_mbps": 2.1644, "avg_latency_ms": 33.18181818181818, "network_data_present": true, "population": 968.6893897075206, "population_pixels": 146, "population_data_present": true, "school_count": 1, "hospital_count": 0, "clinic_count": 0, "doctor_count": 0, "healthcare_count": 0, "download_gap": 0.91758241758241754, "upload_gap": 0.87912087912087911, "latency_gap": 0.8571428571428571, "connectivity_gap_score": 88.461538461538453, "population_exposure": 0.58943089430894313, "school_exposure": 0.30172413793103448, "healthcare_exposure": 0.0, "general_exposure": 0.58943089430894313, "education_exposure": 0.71330950378469304, "healthcare_exposure_mode": 0.58943089430894313, "score_general": 52.141963727329589, "score_education": 63.100456104030535, "score_healthcare": 52.141963727329589, "priority_general": "High", "priority_education": "High", "priority_healthcare": "High", "decision_general": "High priority - supported", "decision_education": "High priority - supported", "decision_healthcare": "High priority - supported", "analysis_status": "Observed", "evidence_label": "Strong", "evidence_strength_score": 77.747252747252745, "evidence_gap_exposure": 0.71330950378469304, "evidence_gap_rank": null, "validation_needed": false, "top5_general": false, "top5_education": false, "top5_healthcare": false, "top5_evidence_gap": false, "ai_cluster_id": 2.0, "ai_profile": "Connectivity-Constrained Areas", "ai_profile_status": "GeoAI classified", "ai_profile_description": "Areas characterised by comparatively lower download and upload performance, higher connectivity gaps, lower population density, and relatively few mapped essential-service facilities.", "ai_profile_interpretation": "Distinct recurring profile", "cluster_silhouette": 0.43793561494917399, "nearest_locality": "Kampung Kuantan", "nearest_locality_type": "hamlet", "nearest_major_locality": "Bukit Rotan", "nearest_major_locality_type": "village", "nearest_locality_distance_km": 1.41, "nearest_major_locality_distance_km": 4.97, "locality_source": "OpenStreetMap / Geofabrik" }, "geometry": { "type": "Polygon", "coordinates": [ [ [ 101.303885734059065, 3.34474999784975 ], [ 101.303928075417133, 3.362829279284748 ], [ 101.321917598756571, 3.362786445382787 ], [ 101.321874927510251, 3.344707394736307 ], [ 101.303885734059065, 3.34474999784975 ] ] ] } },
{ "type": "Feature", "properties": { "cell_id": "KS_212", "cell_area_km2": 4.0, "center_lon": 101.3308908266647, "center_lat": 3.3537254373865926, "study_area": "Kuala Selangor", "dataset_version": "2.0.0", "geoai_model_version": "kmeans-k3-v1", "network_tiles": 2, "network_tests": 3, "avg_download_mbps": 136.06033333333335, "avg_upload_mbps": 13.974333333333334, "avg_latency_ms": 22.333333333333332, "network_data_present": true, "population": 692.9620677260682, "population_pixels": 174, "population_data_present": true, "school_count": 1, "hospital_count": 0, "clinic_count": 0, "doctor_count": 0, "healthcare_count": 0, "download_gap": 0.41758241758241754, "upload_gap": 0.58791208791208793, "latency_gap": 0.50549450549450547, "connectivity_gap_score": 50.366300366300365, "population_exposure": 0.491869918699187, "school_exposure": 0.30172413793103448, "healthcare_exposure": 0.0, "general_exposure": 0.491869918699187, "education_exposure": 0.64518502943650136, "healthcare_exposure_mode": 0.49186991869918706, "score_general": 24.773668066350993, "score_education": 32.495582984439167, "score_healthcare": 24.773668066350996, "priority_general": "Medium", "priority_education": "Medium", "priority_healthcare": "Medium", "decision_general": "Monitor / investigate", "decision_education": "Monitor / investigate", "decision_healthcare": "Monitor / investigate", "analysis_status": "Observed", "evidence_label": "Limited", "evidence_strength_score": 20.054945054945055, "evidence_gap_exposure": 0.64518502943650136, "evidence_gap_rank": null, "validation_needed": false, "top5_general": false, "top5_education": false, "top5_healthcare": false, "top5_evidence_gap": false, "ai_cluster_id": 2.0, "ai_profile": "Connectivity-Constrained Areas", "ai_profile_status": "GeoAI classified", "ai_profile_description": "Areas characterised by comparatively lower download and upload performance, higher connectivity gaps, lower population density, and relatively few mapped essential-service facilities.", "ai_profile_interpretation": "Distinct recurring profile", "cluster_silhouette": 0.086832142617369892, "nearest_locality": "SD Guthrie Ladang Sungai Buloh Divisyen Selangor River", "nearest_locality_type": "hamlet", "nearest_major_locality": "Bukit Rotan", "nearest_major_locality_type": "village", "nearest_locality_distance_km": 0.42, "nearest_major_locality_distance_km": 5.21, "locality_source": "OpenStreetMap / Geofabrik" }, "geometry": { "type": "Polygon", "coordinates": [ [ [ 101.321874927510251, 3.344707394736307 ], [ 101.321917598756571, 3.362786445382787 ], [ 101.339906890752758, 3.362743279058798 ], [ 101.339863889639233, 3.344664460991903 ], [ 101.321874927510251, 3.344707394736307 ] ] ] } },
{ "type": "Feature", "properties": { "cell_id": "KS_213", "cell_area_km2": 4.0, "center_lon": 101.34887983716679, "center_lat": 3.3536822215981155, "study_area": "Kuala Selangor", "dataset_version": "2.0.0", "geoai_model_version": "kmeans-k3-v1", "network_tiles": 2, "network_tests": 5, "avg_download_mbps": 130.8912, "avg_upload_mbps": 5.8886, "avg_latency_ms": 24.6, "network_data_present": true, "population": 450.75388926733285, "population_pixels": 134, "population_data_present": true, "school_count": 0, "hospital_count": 0, "clinic_count": 0, "doctor_count": 0, "healthcare_count": 0, "download_gap": 0.43406593406593408, "upload_gap": 0.75824175824175821, "latency_gap": 0.59890109890109888, "connectivity_gap_score": 59.706959706959708, "population_exposure": 0.42682926829268292, "school_exposure": 0.0, "healthcare_exposure": 0.0, "general_exposure": 0.42682926829268292, "education_exposure": 0.42682926829268286, "healthcare_exposure_mode": 0.42682926829268286, "score_general": 25.484677923702314, "score_education": 25.484677923702311, "score_healthcare": 25.484677923702311, "priority_general": "Medium", "priority_education": "Medium", "priority_healthcare": "Medium", "decision_general": "Monitor / investigate", "decision_education": "Monitor / investigate", "decision_healthcare": "Monitor / investigate", "analysis_status": "Observed", "evidence_label": "Moderate", "evidence_strength_score": 25.824175824175828, "evidence_gap_exposure": 0.42682926829268292, "evidence_gap_rank": null, "validation_needed": false, "top5_general": false, "top5_education": false, "top5_healthcare": false, "top5_evidence_gap": false, "ai_cluster_id": 2.0, "ai_profile": "Connectivity-Constrained Areas", "ai_profile_status": "GeoAI classified", "ai_profile_description": "Areas characterised by comparatively lower download and upload performance, higher connectivity gaps, lower population density, and relatively few mapped essential-service facilities.", "ai_profile_interpretation": "Distinct recurring profile", "cluster_silhouette": 0.32413669005269741, "nearest_locality": "Delloyd Sungei Rambai Estate", "nearest_locality_type": "hamlet", "nearest_major_locality": "Bukit Rotan", "nearest_major_locality_type": "village", "nearest_locality_distance_km": 0.82, "nearest_major_locality_distance_km": 6.13, "locality_source": "OpenStreetMap / Geofabrik" }, "geometry": { "type": "Polygon", "coordinates": [ [ [ 101.339863889639233, 3.344664460991903 ], [ 101.339906890752758, 3.362743279058798 ], [ 101.357895949617316, 3.362699780334048 ], [ 101.357852618657844, 3.344621196637686 ], [ 101.339863889639233, 3.344664460991903 ] ] ] } },
{ "type": "Feature", "properties": { "cell_id": "KS_214", "cell_area_km2": 4.0, "center_lon": 101.36686861365381, "center_lat": 3.3536386743150266, "study_area": "Kuala Selangor", "dataset_version": "2.0.0", "geoai_model_version": "kmeans-k3-v1", "network_tiles": 0, "network_tests": 0, "avg_download_mbps": null, "avg_upload_mbps": null, "avg_latency_ms": null, "network_data_present": false, "population": 103.35854838276282, "population_pixels": 59, "population_data_present": true, "school_count": 1, "hospital_count": 0, "clinic_count": 0, "doctor_count": 0, "healthcare_count": 0, "download_gap": null, "upload_gap": null, "latency_gap": null, "connectivity_gap_score": null, "population_exposure": 0.23170731707317074, "school_exposure": 0.30172413793103448, "healthcare_exposure": 0.0, "general_exposure": 0.23170731707317074, "education_exposure": 0.46351976450798993, "healthcare_exposure_mode": 0.23170731707317072, "score_general": null, "score_education": null, "score_healthcare": null, "priority_general": "Evidence Gap", "priority_education": "Evidence Gap", "priority_healthcare": "Evidence Gap", "decision_general": "Evidence Gap", "decision_education": "Evidence Gap", "decision_healthcare": "Evidence Gap", "analysis_status": "Evidence Gap", "evidence_label": "Evidence Gap", "evidence_strength_score": null, "evidence_gap_exposure": 0.46351976450798993, "evidence_gap_rank": 6.0, "validation_needed": false, "top5_general": false, "top5_education": false, "top5_healthcare": false, "top5_evidence_gap": false, "ai_cluster_id": null, "ai_profile": "Unclassified - Evidence Gap", "ai_profile_status": "Unclassified - insufficient connectivity observations", "ai_profile_description": "Insufficient observed connectivity data for GeoAI profiling.", "ai_profile_interpretation": "Not classified", "cluster_silhouette": null, "nearest_locality": "Delloyd Sungei Rambai Estate", "nearest_locality_type": "hamlet", "nearest_major_locality": "Bestari Jaya", "nearest_major_locality_type": "town", "nearest_locality_distance_km": 1.21, "nearest_major_locality_distance_km": 5.52, "locality_source": "OpenStreetMap / Geofabrik" }, "geometry": { "type": "Polygon", "coordinates": [ [ [ 101.357852618657844, 3.344621196637686 ], [ 101.357895949617316, 3.362699780334048 ], [ 101.375884773562049, 3.362655949229965 ], [ 101.375841112778005, 3.344577601694975 ], [ 101.357852618657844, 3.344621196637686 ] ] ] } },
{ "type": "Feature", "properties": { "cell_id": "KS_215", "cell_area_km2": 4.0, "center_lon": 101.38485715433765, "center_lat": 3.3535947955587777, "study_area": "Kuala Selangor", "dataset_version": "2.0.0", "geoai_model_version": "kmeans-k3-v1", "network_tiles": 0, "network_tests": 0, "avg_download_mbps": null, "avg_upload_mbps": null, "avg_latency_ms": null, "network_data_present": false, "population": 56.349881112575531, "population_pixels": 40, "population_data_present": true, "school_count": 0, "hospital_count": 0, "clinic_count": 0, "doctor_count": 0, "healthcare_count": 0, "download_gap": null, "upload_gap": null, "latency_gap": null, "connectivity_gap_score": null, "population_exposure": 0.16260162601626016, "school_exposure": 0.0, "healthcare_exposure": 0.0, "general_exposure": 0.16260162601626016, "education_exposure": 0.16260162601626016, "healthcare_exposure_mode": 0.16260162601626016, "score_general": null, "score_education": null, "score_healthcare": null, "priority_general": "Evidence Gap", "priority_education": "Evidence Gap", "priority_healthcare": "Evidence Gap", "decision_general": "Evidence Gap", "decision_education": "Evidence Gap", "decision_healthcare": "Evidence Gap", "analysis_status": "Evidence Gap", "evidence_label": "Evidence Gap", "evidence_strength_score": null, "evidence_gap_exposure": 0.16260162601626016, "evidence_gap_rank": 34.0, "validation_needed": false, "top5_general": false, "top5_education": false, "top5_healthcare": false, "top5_evidence_gap": false, "ai_cluster_id": null, "ai_profile": "Unclassified - Evidence Gap", "ai_profile_status": "Unclassified - insufficient connectivity observations", "ai_profile_description": "Insufficient observed connectivity data for GeoAI profiling.", "ai_profile_interpretation": "Not classified", "cluster_silhouette": null, "nearest_locality": "Kampung Jawa Selangor", "nearest_locality_type": "hamlet", "nearest_major_locality": "Bestari Jaya", "nearest_major_locality_type": "town", "nearest_locality_distance_km": 2.47, "nearest_major_locality_distance_km": 3.91, "locality_source": "OpenStreetMap / Geofabrik" }, "geometry": { "type": "Polygon", "coordinates": [ [ [ 101.375841112778005, 3.344577601694975 ], [ 101.375884773562049, 3.362655949229965 ], [ 101.393873360798821, 3.362611785768145 ], [ 101.393829370211762, 3.344533676185244 ], [ 101.375841112778005, 3.344577601694975 ] ] ] } },
{ "type": "Feature", "properties": { "cell_id": "KS_216", "cell_area_km2": 4.0, "center_lon": 101.40284545743039, "center_lat": 3.353550585350987, "study_area": "Kuala Selangor", "dataset_version": "2.0.0", "geoai_model_version": "kmeans-k3-v1", "network_tiles": 0, "network_tests": 0, "avg_download_mbps": null, "avg_upload_mbps": null, "avg_latency_ms": null, "network_data_present": false, "population": 323.34396295901388, "population_pixels": 154, "population_data_present": true, "school_count": 0, "hospital_count": 0, "clinic_count": 0, "doctor_count": 0, "healthcare_count": 0, "download_gap": null, "upload_gap": null, "latency_gap": null, "connectivity_gap_score": null, "population_exposure": 0.36178861788617889, "school_exposure": 0.0, "healthcare_exposure": 0.0, "general_exposure": 0.36178861788617889, "education_exposure": 0.36178861788617889, "healthcare_exposure_mode": 0.36178861788617889, "score_general": null, "score_education": null, "score_healthcare": null, "priority_general": "Evidence Gap", "priority_education": "Evidence Gap", "priority_healthcare": "Evidence Gap", "decision_general": "Evidence Gap", "decision_education": "Evidence Gap", "decision_healthcare": "Evidence Gap", "analysis_status": "Evidence Gap", "evidence_label": "Evidence Gap", "evidence_strength_score": null, "evidence_gap_exposure": 0.36178861788617889, "evidence_gap_rank": 11.0, "validation_needed": false, "top5_general": false, "top5_education": false, "top5_healthcare": false, "top5_evidence_gap": false, "ai_cluster_id": null, "ai_profile": "Unclassified - Evidence Gap", "ai_profile_status": "Unclassified - insufficient connectivity observations", "ai_profile_description": "Insufficient observed connectivity data for GeoAI profiling.", "ai_profile_interpretation": "Not classified", "cluster_silhouette": null, "nearest_locality": "Kampung Bukit Badong", "nearest_locality_type": "hamlet", "nearest_major_locality": "Bestari Jaya", "nearest_major_locality_type": "town", "nearest_locality_distance_km": 1.63, "nearest_major_locality_distance_km": 2.83, "locality_source": "OpenStreetMap / Geofabrik" }, "geometry": { "type": "Polygon", "coordinates": [ [ [ 101.393829370211762, 3.344533676185244 ], [ 101.393873360798821, 3.362611785768145 ], [ 101.41186170953965, 3.362567289970343 ], [ 101.411817389171276, 3.344489420130131 ], [ 101.393829370211762, 3.344533676185244 ] ] ] } },
{ "type": "Feature", "properties": { "cell_id": "KS_217", "cell_area_km2": 4.0, "center_lon": 101.42083352114413, "center_lat": 3.3535060437134319, "study_area": "Kuala Selangor", "dataset_version": "2.0.0", "geoai_model_version": "kmeans-k3-v1", "network_tiles": 6, "network_tests": 34, "avg_download_mbps": 264.97023529411763, "avg_upload_mbps": 30.44608823529412, "avg_latency_ms": 15.529411764705882, "network_data_present": true, "population": 1493.5203510799911, "population_pixels": 297, "population_data_present": true, "school_count": 0, "hospital_count": 0, "clinic_count": 0, "doctor_count": 0, "healthcare_count": 0, "download_gap": 0.11538461538461542, "upload_gap": 0.21978021978021978, "latency_gap": 0.049450549450549448, "connectivity_gap_score": 12.820512820512823, "population_exposure": 0.71544715447154472, "school_exposure": 0.0, "healthcare_exposure": 0.0, "general_exposure": 0.71544715447154472, "education_exposure": 0.71544715447154472, "healthcare_exposure_mode": 0.71544715447154472, "score_general": 9.1723994163018556, "score_education": 9.1723994163018556, "score_healthcare": 9.1723994163018556, "priority_general": "Low", "priority_education": "Low", "priority_healthcare": "Low", "decision_general": "Lower relative priority", "decision_education": "Lower relative priority", "decision_healthcare": "Lower relative priority", "analysis_status": "Observed", "evidence_label": "Good", "evidence_strength_score": 67.307692307692307, "evidence_gap_exposure": 0.71544715447154472, "evidence_gap_rank": null, "validation_needed": false, "top5_general": false, "top5_education": false, "top5_healthcare": false, "top5_evidence_gap": false, "ai_cluster_id": 0.0, "ai_profile": "Strong-Connectivity Areas", "ai_profile_status": "GeoAI classified", "ai_profile_description": "Areas characterised by comparatively strong mobile download and upload performance, lower latency, moderate population exposure, and relatively few mapped essential-service facilities.", "ai_profile_interpretation": "Distinct recurring profile", "cluster_silhouette": 0.4745018006074847, "nearest_locality": "Kampung Bukit Badong", "nearest_locality_type": "hamlet", "nearest_major_locality": "Bestari Jaya", "nearest_major_locality_type": "town", "nearest_locality_distance_km": 2.11, "nearest_major_locality_distance_km": 2.96, "locality_source": "OpenStreetMap / Geofabrik" }, "geometry": { "type": "Polygon", "coordinates": [ [ [ 101.411817389171276, 3.344489420130131 ], [ 101.41186170953965, 3.362567289970343 ], [ 101.429849817996654, 3.362522461858477 ], [ 101.429805167868878, 3.344444833551437 ], [ 101.411817389171276, 3.344489420130131 ] ] ] } },
{ "type": "Feature", "properties": { "cell_id": "KS_218", "cell_area_km2": 3.5201448405187632, "center_lon": 101.43814412568767, "center_lat": 3.3500665491309118, "study_area": "Kuala Selangor", "dataset_version": "2.0.0", "geoai_model_version": "kmeans-k3-v1", "network_tiles": 2, "network_tests": 3, "avg_download_mbps": 67.897333333333322, "avg_upload_mbps": 5.7643333333333331, "avg_latency_ms": 22.0, "network_data_present": true, "population": 990.28269670065492, "population_pixels": 244, "population_data_present": true, "school_count": 0, "hospital_count": 0, "clinic_count": 0, "doctor_count": 0, "healthcare_count": 0, "download_gap": 0.59890109890109888, "upload_gap": 0.76373626373626369, "latency_gap": 0.46978021978021978, "connectivity_gap_score": 61.080586080586087, "population_exposure": 0.60569105691056913, "school_exposure": 0.0, "healthcare_exposure": 0.0, "general_exposure": 0.60569105691056913, "education_exposure": 0.60569105691056913, "healthcare_exposure_mode": 0.60569105691056913, "score_general": 36.995964739867183, "score_education": 36.995964739867183, "score_healthcare": 36.995964739867183, "priority_general": "Medium", "priority_education": "Medium", "priority_healthcare": "Medium", "decision_general": "Monitor / investigate", "decision_education": "Monitor / investigate", "decision_healthcare": "Monitor / investigate", "analysis_status": "Observed", "evidence_label": "Limited", "evidence_strength_score": 20.054945054945055, "evidence_gap_exposure": 0.60569105691056913, "evidence_gap_rank": null, "validation_needed": false, "top5_general": false, "top5_education": false, "top5_healthcare": false, "top5_evidence_gap": false, "ai_cluster_id": 2.0, "ai_profile": "Connectivity-Constrained Areas", "ai_profile_status": "GeoAI classified", "ai_profile_description": "Areas characterised by comparatively lower download and upload performance, higher connectivity gaps, lower population density, and relatively few mapped essential-service facilities.", "ai_profile_interpretation": "Distinct recurring profile", "cluster_silhouette": 0.40328862594727044, "nearest_locality": "Kampung Bukit Badong", "nearest_locality_type": "hamlet", "nearest_major_locality": "Bestari Jaya", "nearest_major_locality_type": "town", "nearest_locality_distance_km": 3.65, "nearest_major_locality_distance_km": 4.11, "locality_source": "OpenStreetMap / Geofabrik" }, "geometry": { "type": "Polygon", "coordinates": [ [ [ 101.429805167868878, 3.344444833551437 ], [ 101.429849817996654, 3.362522461858477 ], [ 101.444277453713681, 3.362486266206104 ], [ 101.444337230000087, 3.355693514000051 ], [ 101.446940608000034, 3.355693514000052 ], [ 101.445998208771144, 3.344404412414602 ], [ 101.429805167868878, 3.344444833551437 ] ] ] } },
{ "type": "Feature", "properties": { "cell_id": "KS_219", "cell_area_km2": 0.41314075285445107, "center_lon": 101.21144400755531, "center_lat": 3.3419274280135642, "study_area": "Kuala Selangor", "dataset_version": "2.0.0", "geoai_model_version": "kmeans-k3-v1", "network_tiles": 0, "network_tests": 0, "avg_download_mbps": null, "avg_upload_mbps": null, "avg_latency_ms": null, "network_data_present": false, "population": null, "population_pixels": 0, "population_data_present": false, "school_count": 0, "hospital_count": 0, "clinic_count": 0, "doctor_count": 0, "healthcare_count": 0, "download_gap": null, "upload_gap": null, "latency_gap": null, "connectivity_gap_score": null, "population_exposure": null, "school_exposure": 0.0, "healthcare_exposure": 0.0, "general_exposure": null, "education_exposure": null, "healthcare_exposure_mode": null, "score_general": null, "score_education": null, "score_healthcare": null, "priority_general": "Evidence Gap", "priority_education": "Evidence Gap", "priority_healthcare": "Evidence Gap", "decision_general": "Evidence Gap", "decision_education": "Evidence Gap", "decision_healthcare": "Evidence Gap", "analysis_status": "Evidence Gap", "evidence_label": "Evidence Gap", "evidence_strength_score": null, "evidence_gap_exposure": null, "evidence_gap_rank": null, "validation_needed": false, "top5_general": false, "top5_education": false, "top5_healthcare": false, "top5_evidence_gap": false, "ai_cluster_id": null, "ai_profile": "Unclassified - Evidence Gap", "ai_profile_status": "Unclassified - insufficient connectivity observations", "ai_profile_description": "Insufficient observed connectivity data for GeoAI profiling.", "ai_profile_interpretation": "Not classified", "cluster_silhouette": null, "nearest_locality": "Kampung Tanjong Keramat", "nearest_locality_type": "hamlet", "nearest_major_locality": "Kuala Selangor", "nearest_major_locality_type": "city", "nearest_locality_distance_km": 3.57, "nearest_major_locality_distance_km": 4.9, "locality_source": "OpenStreetMap / Geofabrik" }, "geometry": { "type": "Polygon", "coordinates": [ [ [ 101.213936359564386, 3.344958053223571 ], [ 101.213927231665267, 3.340888761011507 ], [ 101.203989668000077, 3.342977317000019 ], [ 101.200590516145539, 3.344988217073776 ], [ 101.213936359564386, 3.344958053223571 ] ] ] } },
{ "type": "Feature", "properties": { "cell_id": "KS_220", "cell_area_km2": 1.3590614733941517, "center_lon": 101.22594264094023, "center_lat": 3.339773074375247, "study_area": "Kuala Selangor", "dataset_version": "2.0.0", "geoai_model_version": "kmeans-k3-v1", "network_tiles": 0, "network_tests": 0, "avg_download_mbps": null, "avg_upload_mbps": null, "avg_latency_ms": null, "network_data_present": false, "population": null, "population_pixels": 0, "population_data_present": false, "school_count": 0, "hospital_count": 0, "clinic_count": 0, "doctor_count": 0, "healthcare_count": 0, "download_gap": null, "upload_gap": null, "latency_gap": null, "connectivity_gap_score": null, "population_exposure": null, "school_exposure": 0.0, "healthcare_exposure": 0.0, "general_exposure": null, "education_exposure": null, "healthcare_exposure_mode": null, "score_general": null, "score_education": null, "score_healthcare": null, "priority_general": "Evidence Gap", "priority_education": "Evidence Gap", "priority_healthcare": "Evidence Gap", "decision_general": "Evidence Gap", "decision_education": "Evidence Gap", "decision_healthcare": "Evidence Gap", "analysis_status": "Evidence Gap", "evidence_label": "Evidence Gap", "evidence_strength_score": null, "evidence_gap_exposure": null, "evidence_gap_rank": null, "validation_needed": false, "top5_general": false, "top5_education": false, "top5_healthcare": false, "top5_evidence_gap": false, "ai_cluster_id": null, "ai_profile": "Unclassified - Evidence Gap", "ai_profile_status": "Unclassified - insufficient connectivity observations", "ai_profile_description": "Insufficient observed connectivity data for GeoAI profiling.", "ai_profile_interpretation": "Not classified", "cluster_silhouette": null, "nearest_locality": "Kampung Tanjong Keramat", "nearest_locality_type": "hamlet", "nearest_major_locality": "Kuala Selangor", "nearest_major_locality_type": "city", "nearest_locality_distance_km": 1.99, "nearest_major_locality_distance_km": 3.21, "locality_source": "OpenStreetMap / Geofabrik" }, "geometry": { "type": "Polygon", "coordinates": [ [ [ 101.213936359564386, 3.344958053223571 ], [ 101.23192668279988, 3.344917103576539 ], [ 101.231901077227832, 3.333581505983158 ], [ 101.230139669000039, 3.336595951000048 ], [ 101.224909668000066, 3.338916452000035 ], [ 101.215030779000074, 3.340656825000052 ], [ 101.213927231665267, 3.340888761011507 ], [ 101.213936359564386, 3.344958053223571 ] ] ] } },
{ "type": "Feature", "properties": { "cell_id": "KS_221", "cell_area_km2": 3.8154766971560403, "center_lon": 101.24090889588823, "center_lat": 3.3392287412614086, "study_area": "Kuala Selangor", "dataset_version": "2.0.0", "geoai_model_version": "kmeans-k3-v1", "network_tiles": 4, "network_tests": 61, "avg_download_mbps": 135.88619672131148, "avg_upload_mbps": 25.717426229508199, "avg_latency_ms": 20.819672131147541, "network_data_present": true, "population": 3558.1736579542048, "population_pixels": 249, "population_data_present": true, "school_count": 2, "hospital_count": 0, "clinic_count": 2, "doctor_count": 0, "healthcare_count": 2, "download_gap": 0.42307692307692313, "upload_gap": 0.34615384615384615, "latency_gap": 0.37912087912087911, "connectivity_gap_score": 38.278388278388277, "population_exposure": 0.91463414634146345, "school_exposure": 0.7068965517241379, "healthcare_exposure": 0.6607142857142857, "general_exposure": 0.91463414634146345, "education_exposure": 0.9749789739276703, "healthcare_exposure_mode": 0.97103658536585369, "score_general": 35.010720986330739, "score_education": 37.320623727267964, "score_healthcare": 37.169715447154474, "priority_general": "Medium", "priority_education": "Medium", "priority_healthcare": "Medium", "decision_general": "Monitor / investigate", "decision_education": "Monitor / investigate", "decision_healthcare": "Monitor / investigate", "analysis_status": "Observed", "evidence_label": "Strong", "evidence_strength_score": 80.219780219780219, "evidence_gap_exposure": 0.99151072329688816, "evidence_gap_rank": null, "validation_needed": false, "top5_general": false, "top5_education": false, "top5_healthcare": false, "top5_evidence_gap": false, "ai_cluster_id": 1.0, "ai_profile": "High-Exposure Essential-Service Hubs", "ai_profile_status": "GeoAI classified", "ai_profile_description": "Areas with comparatively high population exposure and concentrations of mapped schools and healthcare facilities. Connectivity is generally moderate to strong, but disruption or degradation may affect more people and essential services.", "ai_profile_interpretation": "Mixed / transitional recurring profile", "cluster_silhouette": 0.049860751505285156, "nearest_locality": "Kuala Selangor", "nearest_locality_type": "city", "nearest_major_locality": "Kuala Selangor", "nearest_major_locality_type": "city", "nearest_locality_distance_km": 1.23, "nearest_major_locality_distance_km": 1.23, "locality_source": "OpenStreetMap / Geofabrik" }, "geometry": { "type": "Polygon", "coordinates": [ [ [ 101.23192668279988, 3.344917103576539 ], [ 101.249916783655792, 3.344875823195218 ], [ 101.249875656255625, 3.326795852960422 ], [ 101.23702138579354, 3.326825222937788 ], [ 101.234207446000084, 3.329634413000065 ], [ 101.231901077227832, 3.333581505983158 ], [ 101.23192668279988, 3.344917103576539 ] ] ] } },
{ "type": "Feature", "properties": { "cell_id": "KS_222", "cell_area_km2": 4.0, "center_lon": 101.25889107625905, "center_lat": 3.3358151310036717, "study_area": "Kuala Selangor", "dataset_version": "2.0.0", "geoai_model_version": "kmeans-k3-v1", "network_tiles": 7, "network_tests": 168, "avg_download_mbps": 162.14400595238095, "avg_upload_mbps": 31.78748214285714, "avg_latency_ms": 25.023809523809526, "network_data_present": true, "population": 6886.0137580092996, "population_pixels": 283, "population_data_present": true, "school_count": 1, "hospital_count": 1, "clinic_count": 0, "doctor_count": 0, "healthcare_count": 1, "download_gap": 0.31318681318681318, "upload_gap": 0.1648351648351648, "latency_gap": 0.6428571428571429, "connectivity_gap_score": 37.362637362637365, "population_exposure": 0.98780487804878048, "school_exposure": 0.30172413793103448, "healthcare_exposure": 0.26785714285714285, "general_exposure": 0.98780487804878048, "education_exposure": 0.99148444070647601, "healthcare_exposure_mode": 0.9910714285714286, "score_general": 36.906995443580811, "score_education": 37.044473608813391, "score_healthcare": 37.029042386185246, "priority_general": "Medium", "priority_education": "Medium", "priority_healthcare": "Medium", "decision_general": "Monitor / investigate", "decision_education": "Monitor / investigate", "decision_healthcare": "Monitor / investigate", "analysis_status": "Observed", "evidence_label": "Strong", "evidence_strength_score": 92.307692307692307, "evidence_gap_exposure": 0.99376539408866993, "evidence_gap_rank": null, "validation_needed": false, "top5_general": false, "top5_education": false, "top5_healthcare": false, "top5_evidence_gap": false, "ai_cluster_id": 0.0, "ai_profile": "Strong-Connectivity Areas", "ai_profile_status": "GeoAI classified", "ai_profile_description": "Areas characterised by comparatively strong mobile download and upload performance, lower latency, moderate population exposure, and relatively few mapped essential-service facilities.", "ai_profile_interpretation": "Distinct recurring profile", "cluster_silhouette": 0.31630999873530841, "nearest_locality": "Kuala Selangor", "nearest_locality_type": "city", "nearest_major_locality": "Kuala Selangor", "nearest_major_locality_type": "city", "nearest_locality_distance_km": 0.97, "nearest_major_locality_distance_km": 0.97, "locality_source": "OpenStreetMap / Geofabrik" }, "geometry": { "type": "Polygon", "coordinates": [ [ [ 101.249875656255625, 3.326795852960422 ], [ 101.249916783655792, 3.344875823195218 ], [ 101.267906660343371, 3.344834212099952 ], [ 101.267865204781359, 3.3267544672719 ], [ 101.249875656255625, 3.326795852960422 ] ] ] } },
{ "type": "Feature", "properties": { "cell_id": "KS_223", "cell_area_km2": 4.0, "center_lon": 101.27688067589231, "center_lat": 3.3357734677113133, "study_area": "Kuala Selangor", "dataset_version": "2.0.0", "geoai_model_version": "kmeans-k3-v1", "network_tiles": 4, "network_tests": 59, "avg_download_mbps": 196.06233898305084, "avg_upload_mbps": 28.270864406779658, "avg_latency_ms": 23.203389830508474, "network_data_present": true, "population": 1853.6691753775813, "population_pixels": 228, "population_data_present": true, "school_count": 1, "hospital_count": 0, "clinic_count": 0, "doctor_count": 0, "healthcare_count": 0, "download_gap": 0.20879120879120883, "upload_gap": 0.26923076923076927, "latency_gap": 0.54395604395604391, "connectivity_gap_score": 34.065934065934059, "population_exposure": 0.77642276422764223, "school_exposure": 0.30172413793103448, "healthcare_exposure": 0.0, "general_exposure": 0.77642276422764223, "education_exposure": 0.84388141295206054, "healthcare_exposure_mode": 0.77642276422764223, "score_general": 26.44956669346913, "score_education": 28.747608573092169, "score_healthcare": 26.44956669346913, "priority_general": "Medium", "priority_education": "Medium", "priority_healthcare": "Medium", "decision_general": "Monitor / investigate", "decision_education": "Monitor / investigate", "decision_healthcare": "Monitor / investigate", "analysis_status": "Observed", "evidence_label": "Strong", "evidence_strength_score": 79.395604395604394, "evidence_gap_exposure": 0.84388141295206054, "evidence_gap_rank": null, "validation_needed": false, "top5_general": false, "top5_education": false, "top5_healthcare": false, "top5_evidence_gap": false, "ai_cluster_id": 0.0, "ai_profile": "Strong-Connectivity Areas", "ai_profile_status": "GeoAI classified", "ai_profile_description": "Areas characterised by comparatively strong mobile download and upload performance, lower latency, moderate population exposure, and relatively few mapped essential-service facilities.", "ai_profile_interpretation": "Distinct recurring profile", "cluster_silhouette": 0.39186681827260522, "nearest_locality": "Ladang Kamasan", "nearest_locality_type": "hamlet", "nearest_major_locality": "Kuala Selangor", "nearest_major_locality_type": "city", "nearest_locality_distance_km": 2.26, "nearest_major_locality_distance_km": 2.88, "locality_source": "OpenStreetMap / Geofabrik" }, "geometry": { "type": "Polygon", "coordinates": [ [ [ 101.267865204781359, 3.3267544672719 ], [ 101.267906660343371, 3.344834212099952 ], [ 101.285896311073969, 3.344792270311241 ], [ 101.285854527370574, 3.326712752681277 ], [ 101.267865204781359, 3.3267544672719 ] ] ] } },
{ "type": "Feature", "properties": { "cell_id": "KS_224", "cell_area_km2": 4.0, "center_lon": 101.29487004868463, "center_lat": 3.3357314746314737, "study_area": "Kuala Selangor", "dataset_version": "2.0.0", "geoai_model_version": "kmeans-k3-v1", "network_tiles": 0, "network_tests": 0, "avg_download_mbps": null, "avg_upload_mbps": null, "avg_latency_ms": null, "network_data_present": false, "population": 75.040317893028259, "population_pixels": 37, "population_data_present": true, "school_count": 0, "hospital_count": 0, "clinic_count": 0, "doctor_count": 0, "healthcare_count": 0, "download_gap": null, "upload_gap": null, "latency_gap": null, "connectivity_gap_score": null, "population_exposure": 0.1991869918699187, "school_exposure": 0.0, "healthcare_exposure": 0.0, "general_exposure": 0.1991869918699187, "education_exposure": 0.19918699186991873, "healthcare_exposure_mode": 0.19918699186991873, "score_general": null, "score_education": null, "score_healthcare": null, "priority_general": "Evidence Gap", "priority_education": "Evidence Gap", "priority_healthcare": "Evidence Gap", "decision_general": "Evidence Gap", "decision_education": "Evidence Gap", "decision_healthcare": "Evidence Gap", "analysis_status": "Evidence Gap", "evidence_label": "Evidence Gap", "evidence_strength_score": null, "evidence_gap_exposure": 0.1991869918699187, "evidence_gap_rank": 29.0, "validation_needed": false, "top5_general": false, "top5_education": false, "top5_healthcare": false, "top5_evidence_gap": false, "ai_cluster_id": null, "ai_profile": "Unclassified - Evidence Gap", "ai_profile_status": "Unclassified - insufficient connectivity observations", "ai_profile_description": "Insufficient observed connectivity data for GeoAI profiling.", "ai_profile_interpretation": "Not classified", "cluster_silhouette": null, "nearest_locality": "Ladang Kamasan", "nearest_locality_type": "hamlet", "nearest_major_locality": "Bukit Rotan", "nearest_major_locality_type": "village", "nearest_locality_distance_km": 1.88, "nearest_major_locality_distance_km": 3.8, "locality_source": "OpenStreetMap / Geofabrik" }, "geometry": { "type": "Polygon", "coordinates": [ [ [ 101.285854527370574, 3.326712752681277 ], [ 101.285896311073969, 3.344792270311241 ], [ 101.303885734059065, 3.34474999784975 ], [ 101.303843622234922, 3.326670709209106 ], [ 101.285854527370574, 3.326712752681277 ] ] ] } },
{ "type": "Feature", "properties": { "cell_id": "KS_225", "cell_area_km2": 4.0, "center_lon": 101.3128591928476, "center_lat": 3.3356891517848442, "study_area": "Kuala Selangor", "dataset_version": "2.0.0", "geoai_model_version": "kmeans-k3-v1", "network_tiles": 0, "network_tests": 0, "avg_download_mbps": null, "avg_upload_mbps": null, "avg_latency_ms": null, "network_data_present": false, "population": 8.6693309992551804, "population_pixels": 12, "population_data_present": true, "school_count": 0, "hospital_count": 0, "clinic_count": 0, "doctor_count": 0, "healthcare_count": 0, "download_gap": null, "upload_gap": null, "latency_gap": null, "connectivity_gap_score": null, "population_exposure": 0.04878048780487805, "school_exposure": 0.0, "healthcare_exposure": 0.0, "general_exposure": 0.04878048780487805, "education_exposure": 0.048780487804878092, "healthcare_exposure_mode": 0.048780487804878092, "score_general": null, "score_education": null, "score_healthcare": null, "priority_general": "Evidence Gap", "priority_education": "Evidence Gap", "priority_healthcare": "Evidence Gap", "decision_general": "Evidence Gap", "decision_education": "Evidence Gap", "decision_healthcare": "Evidence Gap", "analysis_status": "Evidence Gap", "evidence_label": "Evidence Gap", "evidence_strength_score": null, "evidence_gap_exposure": 0.04878048780487805, "evidence_gap_rank": 54.0, "validation_needed": false, "top5_general": false, "top5_education": false, "top5_healthcare": false, "top5_evidence_gap": false, "ai_cluster_id": null, "ai_profile": "Unclassified - Evidence Gap", "ai_profile_status": "Unclassified - insufficient connectivity observations", "ai_profile_description": "Insufficient observed connectivity data for GeoAI profiling.", "ai_profile_interpretation": "Not classified", "cluster_silhouette": null, "nearest_locality": "Euro-Asia Brand Holding Company Sdn Bhd Ladang Shalimar", "nearest_locality_type": "hamlet", "nearest_major_locality": "Bukit Rotan", "nearest_major_locality_type": "village", "nearest_locality_distance_km": 2.09, "nearest_major_locality_distance_km": 2.98, "locality_source": "OpenStreetMap / Geofabrik" }, "geometry": { "type": "Polygon", "coordinates": [ [ [ 101.303843622234922, 3.326670709209106 ], [ 101.303885734059065, 3.34474999784975 ], [ 101.321874927510251, 3.344707394736307 ], [ 101.32183248758615, 3.326628336876101 ], [ 101.303843622234922, 3.326670709209106 ] ] ] } },
{ "type": "Feature", "properties": { "cell_id": "KS_226", "cell_area_km2": 4.0, "center_lon": 101.33084810659295, "center_lat": 3.3356464991922739, "study_area": "Kuala Selangor", "dataset_version": "2.0.0", "geoai_model_version": "kmeans-k3-v1", "network_tiles": 0, "network_tests": 0, "avg_download_mbps": null, "avg_upload_mbps": null, "avg_latency_ms": null, "network_data_present": false, "population": 10.444415191188455, "population_pixels": 12, "population_data_present": true, "school_count": 0, "hospital_count": 0, "clinic_count": 0, "doctor_count": 0, "healthcare_count": 0, "download_gap": null, "upload_gap": null, "latency_gap": null, "connectivity_gap_score": null, "population_exposure": 0.056910569105691054, "school_exposure": 0.0, "healthcare_exposure": 0.0, "general_exposure": 0.056910569105691054, "education_exposure": 0.056910569105691033, "healthcare_exposure_mode": 0.056910569105691033, "score_general": null, "score_education": null, "score_healthcare": null, "priority_general": "Evidence Gap", "priority_education": "Evidence Gap", "priority_healthcare": "Evidence Gap", "decision_general": "Evidence Gap", "decision_education": "Evidence Gap", "decision_healthcare": "Evidence Gap", "analysis_status": "Evidence Gap", "evidence_label": "Evidence Gap", "evidence_strength_score": null, "evidence_gap_exposure": 0.056910569105691054, "evidence_gap_rank": 52.0, "validation_needed": false, "top5_general": false, "top5_education": false, "top5_healthcare": false, "top5_evidence_gap": false, "ai_cluster_id": null, "ai_profile": "Unclassified - Evidence Gap", "ai_profile_status": "Unclassified - insufficient connectivity observations", "ai_profile_description": "Insufficient observed connectivity data for GeoAI profiling.", "ai_profile_interpretation": "Not classified", "cluster_silhouette": null, "nearest_locality": "SD Guthrie Ladang Sungai Buloh Divisyen Selangor River", "nearest_locality_type": "hamlet", "nearest_major_locality": "Bukit Rotan", "nearest_major_locality_type": "village", "nearest_locality_distance_km": 2.37, "nearest_major_locality_distance_km": 3.36, "locality_source": "OpenStreetMap / Geofabrik" }, "geometry": { "type": "Polygon", "coordinates": [ [ [ 101.32183248758615, 3.326628336876101 ], [ 101.321874927510251, 3.344707394736307 ], [ 101.339863889639233, 3.344664460991903 ], [ 101.33982112163612, 3.326585635703137 ], [ 101.32183248758615, 3.326628336876101 ] ] ] } },
{ "type": "Feature", "properties": { "cell_id": "KS_227", "cell_area_km2": 4.0, "center_lon": 101.34883678813252, "center_lat": 3.335603516874778, "study_area": "Kuala Selangor", "dataset_version": "2.0.0", "geoai_model_version": "kmeans-k3-v1", "network_tiles": 0, "network_tests": 0, "avg_download_mbps": null, "avg_upload_mbps": null, "avg_latency_ms": null, "network_data_present": false, "population": 1.534587025642395, "population_pixels": 2, "population_data_present": true, "school_count": 0, "hospital_count": 0, "clinic_count": 0, "doctor_count": 0, "healthcare_count": 0, "download_gap": null, "upload_gap": null, "latency_gap": null, "connectivity_gap_score": null, "population_exposure": 0.02032520325203252, "school_exposure": 0.0, "healthcare_exposure": 0.0, "general_exposure": 0.02032520325203252, "education_exposure": 0.020325203252032464, "healthcare_exposure_mode": 0.020325203252032464, "score_general": null, "score_education": null, "score_healthcare": null, "priority_general": "Evidence Gap", "priority_education": "Evidence Gap", "priority_healthcare": "Evidence Gap", "decision_general": "Evidence Gap", "decision_education": "Evidence Gap", "decision_healthcare": "Evidence Gap", "analysis_status": "Evidence Gap", "evidence_label": "Evidence Gap", "evidence_strength_score": null, "evidence_gap_exposure": 0.02032520325203252, "evidence_gap_rank": 60.0, "validation_needed": false, "top5_general": false, "top5_education": false, "top5_healthcare": false, "top5_evidence_gap": false, "ai_cluster_id": null, "ai_profile": "Unclassified - Evidence Gap", "ai_profile_status": "Unclassified - insufficient connectivity observations", "ai_profile_description": "Insufficient observed connectivity data for GeoAI profiling.", "ai_profile_interpretation": "Not classified", "cluster_silhouette": null, "nearest_locality": "Delloyd Sungei Rambai Estate", "nearest_locality_type": "hamlet", "nearest_major_locality": "Bukit Rotan", "nearest_major_locality_type": "village", "nearest_locality_distance_km": 2.3, "nearest_major_locality_distance_km": 4.66, "locality_source": "OpenStreetMap / Geofabrik" }, "geometry": { "type": "Polygon", "coordinates": [ [ [ 101.33982112163612, 3.326585635703137 ], [ 101.339863889639233, 3.344664460991903 ], [ 101.357852618657844, 3.344621196637686 ], [ 101.357809522596838, 3.326542605711251 ], [ 101.33982112163612, 3.326585635703137 ] ] ] } },
{ "type": "Feature", "properties": { "cell_id": "KS_228", "cell_area_km2": 4.0, "center_lon": 101.36682523567826, "center_lat": 3.3355602048535333, "study_area": "Kuala Selangor", "dataset_version": "2.0.0", "geoai_model_version": "kmeans-k3-v1", "network_tiles": 0, "network_tests": 0, "avg_download_mbps": null, "avg_upload_mbps": null, "avg_latency_ms": null, "network_data_present": false, "population": 62.090904943645, "population_pixels": 49, "population_data_present": true, "school_count": 0, "hospital_count": 0, "clinic_count": 0, "doctor_count": 0, "healthcare_count": 0, "download_gap": null, "upload_gap": null, "latency_gap": null, "connectivity_gap_score": null, "population_exposure": 0.17073170731707318, "school_exposure": 0.0, "healthcare_exposure": 0.0, "general_exposure": 0.17073170731707318, "education_exposure": 0.17073170731707321, "healthcare_exposure_mode": 0.17073170731707321, "score_general": null, "score_education": null, "score_healthcare": null, "priority_general": "Evidence Gap", "priority_education": "Evidence Gap", "priority_healthcare": "Evidence Gap", "decision_general": "Evidence Gap", "decision_education": "Evidence Gap", "decision_healthcare": "Evidence Gap", "analysis_status": "Evidence Gap", "evidence_label": "Evidence Gap", "evidence_strength_score": null, "evidence_gap_exposure": 0.17073170731707318, "evidence_gap_rank": 33.0, "validation_needed": false, "top5_general": false, "top5_education": false, "top5_healthcare": false, "top5_evidence_gap": false, "ai_cluster_id": null, "ai_profile": "Unclassified - Evidence Gap", "ai_profile_status": "Unclassified - insufficient connectivity observations", "ai_profile_description": "Insufficient observed connectivity data for GeoAI profiling.", "ai_profile_interpretation": "Not classified", "cluster_silhouette": null, "nearest_locality": "Delloyd Sungei Rambai Estate", "nearest_locality_type": "hamlet", "nearest_major_locality": "Ijok", "nearest_major_locality_type": "town", "nearest_locality_distance_km": 2.46, "nearest_major_locality_distance_km": 6.03, "locality_source": "OpenStreetMap / Geofabrik" }, "geometry": { "type": "Polygon", "coordinates": [ [ [ 101.357809522596838, 3.326542605711251 ], [ 101.357852618657844, 3.344621196637686 ], [ 101.375841112778005, 3.344577601694975 ], [ 101.375797688680365, 3.326499246921643 ], [ 101.357809522596838, 3.326542605711251 ] ] ] } },
{ "type": "Feature", "properties": { "cell_id": "KS_229", "cell_area_km2": 4.0, "center_lon": 101.38481344744227, "center_lat": 3.335516563149874, "study_area": "Kuala Selangor", "dataset_version": "2.0.0", "geoai_model_version": "kmeans-k3-v1", "network_tiles": 0, "network_tests": 0, "avg_download_mbps": null, "avg_upload_mbps": null, "avg_latency_ms": null, "network_data_present": false, "population": 117.86625406052917, "population_pixels": 51, "population_data_present": true, "school_count": 0, "hospital_count": 0, "clinic_count": 0, "doctor_count": 0, "healthcare_count": 0, "download_gap": null, "upload_gap": null, "latency_gap": null, "connectivity_gap_score": null, "population_exposure": 0.24390243902439024, "school_exposure": 0.0, "healthcare_exposure": 0.0, "general_exposure": 0.24390243902439024, "education_exposure": 0.24390243902439024, "healthcare_exposure_mode": 0.24390243902439024, "score_general": null, "score_education": null, "score_healthcare": null, "priority_general": "Evidence Gap", "priority_education": "Evidence Gap", "priority_healthcare": "Evidence Gap", "decision_general": "Evidence Gap", "decision_education": "Evidence Gap", "decision_healthcare": "Evidence Gap", "analysis_status": "Evidence Gap", "evidence_label": "Evidence Gap", "evidence_strength_score": null, "evidence_gap_exposure": 0.24390243902439024, "evidence_gap_rank": 24.0, "validation_needed": false, "top5_general": false, "top5_education": false, "top5_healthcare": false, "top5_evidence_gap": false, "ai_cluster_id": null, "ai_profile": "Unclassified - Evidence Gap", "ai_profile_status": "Unclassified - insufficient connectivity observations", "ai_profile_description": "Insufficient observed connectivity data for GeoAI profiling.", "ai_profile_interpretation": "Not classified", "cluster_silhouette": null, "nearest_locality": "Kampung Bukit Badong", "nearest_locality_type": "hamlet", "nearest_major_locality": "Ijok", "nearest_major_locality_type": "town", "nearest_locality_distance_km": 2.6, "nearest_major_locality_distance_km": 4.27, "locality_source": "OpenStreetMap / Geofabrik" }, "geometry": { "type": "Polygon", "coordinates": [ [ [ 101.375797688680365, 3.326499246921643 ], [ 101.375841112778005, 3.344577601694975 ], [ 101.393829370211762, 3.344533676185244 ], [ 101.393785618098946, 3.32645555935567 ], [ 101.375797688680365, 3.326499246921643 ] ] ] } },
{ "type": "Feature", "properties": { "cell_id": "KS_230", "cell_area_km2": 4.0, "center_lon": 101.40280142163671, "center_lat": 3.3354725917853005, "study_area": "Kuala Selangor", "dataset_version": "2.0.0", "geoai_model_version": "kmeans-k3-v1", "network_tiles": 9, "network_tests": 45, "avg_download_mbps": 110.4448, "avg_upload_mbps": 20.67037777777778, "avg_latency_ms": 21.755555555555556, "network_data_present": true, "population": 3832.0498156249523, "population_pixels": 441, "population_data_present": true, "school_count": 0, "hospital_count": 0, "clinic_count": 0, "doctor_count": 0, "healthcare_count": 0, "download_gap": 0.47252747252747251, "upload_gap": 0.46703296703296704, "latency_gap": 0.43956043956043955, "connectivity_gap_score": 45.970695970695971, "population_exposure": 0.93902439024390238, "school_exposure": 0.0, "healthcare_exposure": 0.0, "general_exposure": 0.93902439024390238, "education_exposure": 0.93902439024390238, "healthcare_exposure_mode": 0.93902439024390238, "score_general": 43.167604752970604, "score_education": 43.167604752970604, "score_healthcare": 43.167604752970604, "priority_general": "High", "priority_education": "High", "priority_healthcare": "High", "decision_general": "High priority - supported", "decision_education": "High priority - supported", "decision_healthcare": "High priority - supported", "analysis_status": "Observed", "evidence_label": "Good", "evidence_strength_score": 73.076923076923066, "evidence_gap_exposure": 0.93902439024390238, "evidence_gap_rank": null, "validation_needed": false, "top5_general": false, "top5_education": false, "top5_healthcare": false, "top5_evidence_gap": false, "ai_cluster_id": 0.0, "ai_profile": "Strong-Connectivity Areas", "ai_profile_status": "GeoAI classified", "ai_profile_description": "Areas characterised by comparatively strong mobile download and upload performance, lower latency, moderate population exposure, and relatively few mapped essential-service facilities.", "ai_profile_interpretation": "Distinct recurring profile", "cluster_silhouette": 0.10778104206859589, "nearest_locality": "Kampung Bukit Badong", "nearest_locality_type": "hamlet", "nearest_major_locality": "Ijok", "nearest_major_locality_type": "town", "nearest_locality_distance_km": 0.73, "nearest_major_locality_distance_km": 2.84, "locality_source": "OpenStreetMap / Geofabrik" }, "geometry": { "type": "Polygon", "coordinates": [ [ [ 101.393785618098946, 3.32645555935567 ], [ 101.393829370211762, 3.344533676185244 ], [ 101.411817389171276, 3.344489420130131 ], [ 101.411773309064884, 3.326411543034855 ], [ 101.393785618098946, 3.32645555935567 ] ] ] } },
{ "type": "Feature", "properties": { "cell_id": "KS_231", "cell_area_km2": 4.0, "center_lon": 101.42078915647393, "center_lat": 3.3354282907814734, "study_area": "Kuala Selangor", "dataset_version": "2.0.0", "geoai_model_version": "kmeans-k3-v1", "network_tiles": 6, "network_tests": 13, "avg_download_mbps": 178.84346153846153, "avg_upload_mbps": 18.603615384615384, "avg_latency_ms": 18.692307692307693, "network_data_present": true, "population": 2051.5667718474288, "population_pixels": 336, "population_data_present": true, "school_count": 2, "hospital_count": 0, "clinic_count": 0, "doctor_count": 0, "healthcare_count": 0, "download_gap": 0.27472527472527475, "upload_gap": 0.5, "latency_gap": 0.23626373626373626, "connectivity_gap_score": 33.699633699633694, "population_exposure": 0.80081300813008127, "school_exposure": 0.7068965517241379, "healthcare_exposure": 0.0, "general_exposure": 0.80081300813008127, "education_exposure": 0.94161760583123066, "healthcare_exposure_mode": 0.80081300813008127, "score_general": 26.987105035885524, "score_education": 31.732168401638539, "score_healthcare": 26.987105035885524, "priority_general": "Medium", "priority_education": "Medium", "priority_healthcare": "Medium", "decision_general": "Monitor / investigate", "decision_education": "Monitor / investigate", "decision_healthcare": "Monitor / investigate", "analysis_status": "Observed", "evidence_label": "Moderate", "evidence_strength_score": 46.428571428571431, "evidence_gap_exposure": 0.94161760583123066, "evidence_gap_rank": null, "validation_needed": false, "top5_general": false, "top5_education": false, "top5_healthcare": false, "top5_evidence_gap": false, "ai_cluster_id": 0.0, "ai_profile": "Strong-Connectivity Areas", "ai_profile_status": "GeoAI classified", "ai_profile_description": "Areas characterised by comparatively strong mobile download and upload performance, lower latency, moderate population exposure, and relatively few mapped essential-service facilities.", "ai_profile_interpretation": "Distinct recurring profile", "cluster_silhouette": 0.19706826890189175, "nearest_locality": "Kampung Bukit Badong", "nearest_locality_type": "hamlet", "nearest_major_locality": "Kampung Harmoni", "nearest_major_locality_type": "village", "nearest_locality_distance_km": 1.52, "nearest_major_locality_distance_km": 2.28, "locality_source": "OpenStreetMap / Geofabrik" }, "geometry": { "type": "Polygon", "coordinates": [ [ [ 101.411773309064884, 3.326411543034855 ], [ 101.411817389171276, 3.344489420130131 ], [ 101.429805167868878, 3.344444833551437 ], [ 101.429760759790653, 3.326367197980877 ], [ 101.411773309064884, 3.326411543034855 ] ] ] } },
{ "type": "Feature", "properties": { "cell_id": "KS_232", "cell_area_km2": 3.2385024695496605, "center_lon": 101.43724548236631, "center_lat": 3.3349205800332182, "study_area": "Kuala Selangor", "dataset_version": "2.0.0", "geoai_model_version": "kmeans-k3-v1", "network_tiles": 1, "network_tests": 1, "avg_download_mbps": 139.764, "avg_upload_mbps": 0.796, "avg_latency_ms": 12.0, "network_data_present": true, "population": 552.52764004748315, "population_pixels": 162, "population_data_present": true, "school_count": 0, "hospital_count": 0, "clinic_count": 0, "doctor_count": 0, "healthcare_count": 0, "download_gap": 0.40109890109890112, "upload_gap": 0.96153846153846156, "latency_gap": 0.008241758241758242, "connectivity_gap_score": 45.695970695970693, "population_exposure": 0.47560975609756095, "school_exposure": 0.0, "healthcare_exposure": 0.0, "general_exposure": 0.47560975609756095, "education_exposure": 0.47560975609756095, "healthcare_exposure_mode": 0.47560975609756095, "score_general": 21.733449477351915, "score_education": 21.733449477351915, "score_healthcare": 21.733449477351915, "priority_general": "Medium", "priority_education": "Medium", "priority_healthcare": "Medium", "decision_general": "Monitor / investigate", "decision_education": "Monitor / investigate", "decision_healthcare": "Monitor / investigate", "analysis_status": "Observed", "evidence_label": "Limited", "evidence_strength_score": 5.7692307692307692, "evidence_gap_exposure": 0.47560975609756095, "evidence_gap_rank": null, "validation_needed": false, "top5_general": false, "top5_education": false, "top5_healthcare": false, "top5_evidence_gap": false, "ai_cluster_id": 2.0, "ai_profile": "Connectivity-Constrained Areas", "ai_profile_status": "GeoAI classified", "ai_profile_description": "Areas characterised by comparatively lower download and upload performance, higher connectivity gaps, lower population density, and relatively few mapped essential-service facilities.", "ai_profile_interpretation": "Distinct recurring profile", "cluster_silhouette": 0.24463650367799725, "nearest_locality": "Kampung Harmoni", "nearest_locality_type": "village", "nearest_major_locality": "Kampung Harmoni", "nearest_major_locality_type": "village", "nearest_locality_distance_km": 2.98, "nearest_major_locality_distance_km": 2.98, "locality_source": "OpenStreetMap / Geofabrik" }, "geometry": { "type": "Polygon", "coordinates": [ [ [ 101.429760759790653, 3.326367197980877 ], [ 101.429805167868878, 3.344444833551437 ], [ 101.445998208771144, 3.344404412414602 ], [ 101.445452964000083, 3.337872227000049 ], [ 101.443965319000085, 3.33193172600005 ], [ 101.441361941000082, 3.327476327000055 ], [ 101.440887503631586, 3.326339601993232 ], [ 101.429760759790653, 3.326367197980877 ] ] ] } },
{ "type": "Feature", "properties": { "cell_id": "KS_233", "cell_area_km2": 3.6648543889523495, "center_lon": 101.25885558750851, "center_lat": 3.3202394844563039, "study_area": "Kuala Selangor", "dataset_version": "2.0.0", "geoai_model_version": "kmeans-k3-v1", "network_tiles": 7, "network_tests": 105, "avg_download_mbps": 170.02413333333334, "avg_upload_mbps": 30.450066666666665, "avg_latency_ms": 23.076190476190476, "network_data_present": true, "population": 7135.7963362075388, "population_pixels": 363, "population_data_present": true, "school_count": 1, "hospital_count": 0, "clinic_count": 2, "doctor_count": 0, "healthcare_count": 2, "download_gap": 0.29670329670329665, "upload_gap": 0.2142857142857143, "latency_gap": 0.53296703296703296, "connectivity_gap_score": 34.798534798534789, "population_exposure": 0.99186991869918695, "school_exposure": 0.30172413793103448, "healthcare_exposure": 0.6607142857142857, "general_exposure": 0.99186991869918695, "education_exposure": 0.99432296047098401, "healthcare_exposure_mode": 0.99724157955865267, "score_general": 34.515619881473533, "score_education": 34.60098214093167, "score_healthcare": 34.702545808817575, "priority_general": "Medium", "priority_education": "Medium", "priority_healthcare": "Medium", "decision_general": "Monitor / investigate", "decision_education": "Monitor / investigate", "decision_healthcare": "Monitor / investigate", "analysis_status": "Observed", "evidence_label": "Strong", "evidence_strength_score": 90.109890109890117, "evidence_gap_exposure": 0.99807386158836953, "evidence_gap_rank": null, "validation_needed": false, "top5_general": false, "top5_education": false, "top5_healthcare": false, "top5_evidence_gap": false, "ai_cluster_id": 1.0, "ai_profile": "High-Exposure Essential-Service Hubs", "ai_profile_status": "GeoAI classified", "ai_profile_description": "Areas with comparatively high population exposure and concentrations of mapped schools and healthcare facilities. Connectivity is generally moderate to strong, but disruption or degradation may affect more people and essential services.", "ai_profile_interpretation": "Mixed / transitional recurring profile", "cluster_silhouette": -0.18978636976432081, "nearest_locality": "Kuala Selangor", "nearest_locality_type": "city", "nearest_major_locality": "Kuala Selangor", "nearest_major_locality_type": "city", "nearest_locality_distance_km": 1.7, "nearest_major_locality_distance_km": 1.7, "locality_source": "OpenStreetMap / Geofabrik" }, "geometry": { "type": "Polygon", "coordinates": [ [ [ 101.249875656255625, 3.326795852960422 ], [ 101.267865204781359, 3.3267544672719 ], [ 101.267823975155878, 3.308674715292896 ], [ 101.258085559794679, 3.308697037975594 ], [ 101.253965225000059, 3.312810495000066 ], [ 101.249846061454335, 3.31372433716222 ], [ 101.249875656255625, 3.326795852960422 ] ] ] } },
{ "type": "Feature", "properties": { "cell_id": "KS_234", "cell_area_km2": 1.0818618528476742, "center_lon": 101.24711732906844, "center_lat": 3.3188956771321552, "study_area": "Kuala Selangor", "dataset_version": "2.0.0", "geoai_model_version": "kmeans-k3-v1", "network_tiles": 1, "network_tests": 1, "avg_download_mbps": 2.847, "avg_upload_mbps": 3.57, "avg_latency_ms": 36.0, "network_data_present": true, "population": 265.29463100060821, "population_pixels": 30, "population_data_present": true, "school_count": 0, "hospital_count": 0, "clinic_count": 0, "doctor_count": 0, "healthcare_count": 0, "download_gap": 0.98901098901098905, "upload_gap": 0.84065934065934067, "latency_gap": 0.87087912087912089, "connectivity_gap_score": 90.018315018315022, "population_exposure": 0.34146341463414637, "school_exposure": 0.0, "healthcare_exposure": 0.0, "general_exposure": 0.34146341463414637, "education_exposure": 0.34146341463414642, "healthcare_exposure_mode": 0.34146341463414642, "score_general": 30.737961225766107, "score_education": 30.737961225766114, "score_healthcare": 30.737961225766114, "priority_general": "Medium", "priority_education": "Medium", "priority_healthcare": "Medium", "decision_general": "Monitor / investigate", "decision_education": "Monitor / investigate", "decision_healthcare": "Monitor / investigate", "analysis_status": "Observed", "evidence_label": "Limited", "evidence_strength_score": 5.7692307692307692, "evidence_gap_exposure": 0.34146341463414637, "evidence_gap_rank": null, "validation_needed": false, "top5_general": false, "top5_education": false, "top5_healthcare": false, "top5_evidence_gap": false, "ai_cluster_id": 2.0, "ai_profile": "Connectivity-Constrained Areas", "ai_profile_status": "GeoAI classified", "ai_profile_description": "Areas characterised by comparatively lower download and upload performance, higher connectivity gaps, lower population density, and relatively few mapped essential-service facilities.", "ai_profile_interpretation": "Distinct recurring profile", "cluster_silhouette": 0.51660320420948125, "nearest_locality": "Kuala Selangor", "nearest_locality_type": "city", "nearest_major_locality": "Kuala Selangor", "nearest_major_locality_type": "city", "nearest_locality_distance_km": 1.2, "nearest_major_locality_distance_km": 1.2, "locality_source": "OpenStreetMap / Geofabrik" }, "geometry": { "type": "Polygon", "coordinates": [ [ [ 101.249875656255625, 3.326795852960422 ], [ 101.249846061454335, 3.31372433716222 ], [ 101.248735225000075, 3.31397077500003 ], [ 101.240018558000102, 3.323833095000055 ], [ 101.23702138579354, 3.326825222937788 ], [ 101.249875656255625, 3.326795852960422 ] ] ] } },
{ "type": "Feature", "properties": { "cell_id": "KS_235", "cell_area_km2": 4.0, "center_lon": 101.27683916967496, "center_lat": 3.3176938326761025, "study_area": "Kuala Selangor", "dataset_version": "2.0.0", "geoai_model_version": "kmeans-k3-v1", "network_tiles": 9, "network_tests": 238, "avg_download_mbps": 194.60379831932772, "avg_upload_mbps": 30.141373949579833, "avg_latency_ms": 20.037815126050422, "network_data_present": true, "population": 4785.3197059098165, "population_pixels": 387, "population_data_present": true, "school_count": 0, "hospital_count": 0, "clinic_count": 2, "doctor_count": 0, "healthcare_count": 2, "download_gap": 0.2142857142857143, "upload_gap": 0.22527472527472525, "latency_gap": 0.32967032967032966, "connectivity_gap_score": 25.641025641025639, "population_exposure": 0.96341463414634143, "school_exposure": 0.0, "healthcare_exposure": 0.6607142857142857, "general_exposure": 0.96341463414634143, "education_exposure": 0.96341463414634143, "healthcare_exposure_mode": 0.98758710801393723, "score_general": 24.702939337085674, "score_education": 24.702939337085674, "score_healthcare": 25.32274635933172, "priority_general": "Medium", "priority_education": "Medium", "priority_healthcare": "Medium", "decision_general": "Monitor / investigate", "decision_education": "Monitor / investigate", "decision_healthcare": "Monitor / investigate", "analysis_status": "Observed", "evidence_label": "Strong", "evidence_strength_score": 95.054945054945051, "evidence_gap_exposure": 0.98758710801393723, "evidence_gap_rank": null, "validation_needed": false, "top5_general": false, "top5_education": false, "top5_healthcare": false, "top5_evidence_gap": false, "ai_cluster_id": 0.0, "ai_profile": "Strong-Connectivity Areas", "ai_profile_status": "GeoAI classified", "ai_profile_description": "Areas characterised by comparatively strong mobile download and upload performance, lower latency, moderate population exposure, and relatively few mapped essential-service facilities.", "ai_profile_interpretation": "Distinct recurring profile", "cluster_silhouette": 0.31179889530027577, "nearest_locality": "Assam Jawa", "nearest_locality_type": "suburb", "nearest_major_locality": "Assam Jawa", "nearest_major_locality_type": "suburb", "nearest_locality_distance_km": 2.4, "nearest_major_locality_distance_km": 2.4, "locality_source": "OpenStreetMap / Geofabrik" }, "geometry": { "type": "Polygon", "coordinates": [ [ [ 101.267823975155878, 3.308674715292896 ], [ 101.267865204781359, 3.3267544672719 ], [ 101.285854527370574, 3.326712752681277 ], [ 101.285812971392076, 3.30863322789245 ], [ 101.267823975155878, 3.308674715292896 ] ] ] } },
{ "type": "Feature", "properties": { "cell_id": "KS_236", "cell_area_km2": 4.0, "center_lon": 101.29482821523037, "center_lat": 3.3176520676860033, "study_area": "Kuala Selangor", "dataset_version": "2.0.0", "geoai_model_version": "kmeans-k3-v1", "network_tiles": 0, "network_tests": 0, "avg_download_mbps": null, "avg_upload_mbps": null, "avg_latency_ms": null, "network_data_present": false, "population": 431.46204192750156, "population_pixels": 90, "population_data_present": true, "school_count": 0, "hospital_count": 0, "clinic_count": 0, "doctor_count": 0, "healthcare_count": 0, "download_gap": null, "upload_gap": null, "latency_gap": null, "connectivity_gap_score": null, "population_exposure": 0.41463414634146339, "school_exposure": 0.0, "healthcare_exposure": 0.0, "general_exposure": 0.41463414634146339, "education_exposure": 0.41463414634146334, "healthcare_exposure_mode": 0.41463414634146334, "score_general": null, "score_education": null, "score_healthcare": null, "priority_general": "Evidence Gap", "priority_education": "Evidence Gap", "priority_healthcare": "Evidence Gap", "decision_general": "Evidence Gap", "decision_education": "Evidence Gap", "decision_healthcare": "Evidence Gap", "analysis_status": "Evidence Gap", "evidence_label": "Evidence Gap", "evidence_strength_score": null, "evidence_gap_exposure": 0.41463414634146339, "evidence_gap_rank": 9.0, "validation_needed": false, "top5_general": false, "top5_education": false, "top5_healthcare": false, "top5_evidence_gap": false, "ai_cluster_id": null, "ai_profile": "Unclassified - Evidence Gap", "ai_profile_status": "Unclassified - insufficient connectivity observations", "ai_profile_description": "Insufficient observed connectivity data for GeoAI profiling.", "ai_profile_interpretation": "Not classified", "cluster_silhouette": null, "nearest_locality": "Assam Jawa", "nearest_locality_type": "suburb", "nearest_major_locality": "Assam Jawa", "nearest_major_locality_type": "suburb", "nearest_locality_distance_km": 2.04, "nearest_major_locality_distance_km": 2.04, "locality_source": "OpenStreetMap / Geofabrik" }, "geometry": { "type": "Polygon", "coordinates": [ [ [ 101.285812971392076, 3.30863322789245 ], [ 101.285854527370574, 3.326712752681277 ], [ 101.303843622234922, 3.326670709209106 ], [ 101.303801739923912, 3.308591413401624 ], [ 101.285812971392076, 3.30863322789245 ] ] ] } },
{ "type": "Feature", "properties": { "cell_id": "KS_237", "cell_area_km2": 4.0, "center_lon": 101.31281703217708, "center_lat": 3.3176099747202574, "study_area": "Kuala Selangor", "dataset_version": "2.0.0", "geoai_model_version": "kmeans-k3-v1", "network_tiles": 3, "network_tests": 8, "avg_download_mbps": 145.076, "avg_upload_mbps": 19.30875, "avg_latency_ms": 21.5, "network_data_present": true, "population": 696.60836905706674, "population_pixels": 142, "population_data_present": true, "school_count": 1, "hospital_count": 0, "clinic_count": 0, "doctor_count": 0, "healthcare_count": 0, "download_gap": 0.37912087912087911, "upload_gap": 0.48901098901098905, "latency_gap": 0.40934065934065933, "connectivity_gap_score": 42.582417582417584, "population_exposure": 0.49593495934959347, "school_exposure": 0.30172413793103448, "healthcare_exposure": 0.0, "general_exposure": 0.49593495934959347, "education_exposure": 0.64802354920100913, "healthcare_exposure_mode": 0.49593495934959342, "score_general": 21.118109532743677, "score_education": 27.594409375317696, "score_healthcare": 21.118109532743677, "priority_general": "Medium", "priority_education": "Medium", "priority_healthcare": "Medium", "decision_general": "Monitor / investigate", "decision_education": "Monitor / investigate", "decision_healthcare": "Monitor / investigate", "analysis_status": "Observed", "evidence_label": "Moderate", "evidence_strength_score": 36.538461538461533, "evidence_gap_exposure": 0.64802354920100913, "evidence_gap_rank": null, "validation_needed": false, "top5_general": false, "top5_education": false, "top5_healthcare": false, "top5_evidence_gap": false, "ai_cluster_id": 0.0, "ai_profile": "Strong-Connectivity Areas", "ai_profile_status": "GeoAI classified", "ai_profile_description": "Areas characterised by comparatively strong mobile download and upload performance, lower latency, moderate population exposure, and relatively few mapped essential-service facilities.", "ai_profile_interpretation": "Distinct recurring profile", "cluster_silhouette": 0.050694976429029023, "nearest_locality": "Euro-Asia Brand Holding Company Sdn Bhd Ladang Shalimar", "nearest_locality_type": "hamlet", "nearest_major_locality": "Bukit Rotan", "nearest_major_locality_type": "village", "nearest_locality_distance_km": 0.54, "nearest_major_locality_distance_km": 1.03, "locality_source": "OpenStreetMap / Geofabrik" }, "geometry": { "type": "Polygon", "coordinates": [ [ [ 101.303801739923912, 3.308591413401624 ], [ 101.303843622234922, 3.326670709209106 ], [ 101.32183248758615, 3.326628336876101 ], [ 101.32179027896332, 3.30854927184102 ], [ 101.303801739923912, 3.308591413401624 ] ] ] } },
{ "type": "Feature", "properties": { "cell_id": "KS_238", "cell_area_km2": 4.0, "center_lon": 101.33080561872697, "center_lat": 3.3175675537996021, "study_area": "Kuala Selangor", "dataset_version": "2.0.0", "geoai_model_version": "kmeans-k3-v1", "network_tiles": 0, "network_tests": 0, "avg_download_mbps": null, "avg_upload_mbps": null, "avg_latency_ms": null, "network_data_present": false, "population": 34.142117513110861, "population_pixels": 16, "population_data_present": true, "school_count": 0, "hospital_count": 0, "clinic_count": 0, "doctor_count": 0, "healthcare_count": 0, "download_gap": null, "upload_gap": null, "latency_gap": null, "connectivity_gap_score": null, "population_exposure": 0.10569105691056911, "school_exposure": 0.0, "healthcare_exposure": 0.0, "general_exposure": 0.10569105691056911, "education_exposure": 0.10569105691056913, "healthcare_exposure_mode": 0.10569105691056913, "score_general": null, "score_education": null, "score_healthcare": null, "priority_general": "Evidence Gap", "priority_education": "Evidence Gap", "priority_healthcare": "Evidence Gap", "decision_general": "Evidence Gap", "decision_education": "Evidence Gap", "decision_healthcare": "Evidence Gap", "analysis_status": "Evidence Gap", "evidence_label": "Evidence Gap", "evidence_strength_score": null, "evidence_gap_exposure": 0.10569105691056911, "evidence_gap_rank": 42.0, "validation_needed": false, "top5_general": false, "top5_education": false, "top5_healthcare": false, "top5_evidence_gap": false, "ai_cluster_id": null, "ai_profile": "Unclassified - Evidence Gap", "ai_profile_status": "Unclassified - insufficient connectivity observations", "ai_profile_description": "Insufficient observed connectivity data for GeoAI profiling.", "ai_profile_interpretation": "Not classified", "cluster_silhouette": null, "nearest_locality": "Euro-Asia Brand Holding Company Sdn Bhd Ladang Shalimar", "nearest_locality_type": "hamlet", "nearest_major_locality": "Bukit Rotan", "nearest_major_locality_type": "village", "nearest_locality_distance_km": 1.46, "nearest_major_locality_distance_km": 1.87, "locality_source": "OpenStreetMap / Geofabrik" }, "geometry": { "type": "Polygon", "coordinates": [ [ [ 101.32179027896332, 3.30854927184102 ], [ 101.32183248758615, 3.326628336876101 ], [ 101.33982112163612, 3.326585635703137 ], [ 101.339778586722304, 3.308506803231399 ], [ 101.32179027896332, 3.30854927184102 ] ] ] } },
{ "type": "Feature", "properties": { "cell_id": "KS_239", "cell_area_km2": 4.0, "center_lon": 101.34879397309207, "center_lat": 3.3175248049449371, "study_area": "Kuala Selangor", "dataset_version": "2.0.0", "geoai_model_version": "kmeans-k3-v1", "network_tiles": 0, "network_tests": 0, "avg_download_mbps": null, "avg_upload_mbps": null, "avg_latency_ms": null, "network_data_present": false, "population": 6.8945459276437759, "population_pixels": 6, "population_data_present": true, "school_count": 0, "hospital_count": 0, "clinic_count": 0, "doctor_count": 0, "healthcare_count": 0, "download_gap": null, "upload_gap": null, "latency_gap": null, "connectivity_gap_score": null, "population_exposure": 0.044715447154471545, "school_exposure": 0.0, "healthcare_exposure": 0.0, "general_exposure": 0.044715447154471545, "education_exposure": 0.04471544715447151, "healthcare_exposure_mode": 0.04471544715447151, "score_general": null, "score_education": null, "score_healthcare": null, "priority_general": "Evidence Gap", "priority_education": "Evidence Gap", "priority_healthcare": "Evidence Gap", "decision_general": "Evidence Gap", "decision_education": "Evidence Gap", "decision_healthcare": "Evidence Gap", "analysis_status": "Evidence Gap", "evidence_label": "Evidence Gap", "evidence_strength_score": null, "evidence_gap_exposure": 0.044715447154471545, "evidence_gap_rank": 55.0, "validation_needed": false, "top5_general": false, "top5_education": false, "top5_healthcare": false, "top5_evidence_gap": false, "ai_cluster_id": null, "ai_profile": "Unclassified - Evidence Gap", "ai_profile_status": "Unclassified - insufficient connectivity observations", "ai_profile_description": "Insufficient observed connectivity data for GeoAI profiling.", "ai_profile_interpretation": "Not classified", "cluster_silhouette": null, "nearest_locality": "Sime Darby Plantation Ladang Sungai Buloh", "nearest_locality_type": "hamlet", "nearest_major_locality": "Bukit Rotan", "nearest_major_locality_type": "village", "nearest_locality_distance_km": 1.52, "nearest_major_locality_distance_km": 3.73, "locality_source": "OpenStreetMap / Geofabrik" }, "geometry": { "type": "Polygon", "coordinates": [ [ [ 101.339778586722304, 3.308506803231399 ], [ 101.33982112163612, 3.326585635703137 ], [ 101.357809522596838, 3.326542605711251 ], [ 101.357766661413024, 3.308464007593683 ], [ 101.339778586722304, 3.308506803231399 ] ] ] } },
{ "type": "Feature", "properties": { "cell_id": "KS_240", "cell_area_km2": 4.0, "center_lon": 101.36678209348449, "center_lat": 3.3174817281773206, "study_area": "Kuala Selangor", "dataset_version": "2.0.0", "geoai_model_version": "kmeans-k3-v1", "network_tiles": 1, "network_tests": 2, "avg_download_mbps": 200.531, "avg_upload_mbps": 25.244, "avg_latency_ms": 18.0, "network_data_present": true, "population": 59.801392986439168, "population_pixels": 41, "population_data_present": true, "school_count": 0, "hospital_count": 0, "clinic_count": 0, "doctor_count": 0, "healthcare_count": 0, "download_gap": 0.19230769230769229, "upload_gap": 0.35164835164835162, "latency_gap": 0.17582417582417584, "connectivity_gap_score": 23.992673992673993, "population_exposure": 0.16666666666666666, "school_exposure": 0.0, "healthcare_exposure": 0.0, "general_exposure": 0.16666666666666666, "education_exposure": 0.16666666666666663, "healthcare_exposure_mode": 0.16666666666666663, "score_general": 3.9987789987789983, "score_education": 3.9987789987789979, "score_healthcare": 3.9987789987789979, "priority_general": "Low", "priority_education": "Low", "priority_healthcare": "Low", "decision_general": "Lower relative priority", "decision_education": "Lower relative priority", "decision_healthcare": "Lower relative priority", "analysis_status": "Observed", "evidence_label": "Limited", "evidence_strength_score": 14.560439560439562, "evidence_gap_exposure": 0.16666666666666666, "evidence_gap_rank": null, "validation_needed": false, "top5_general": false, "top5_education": false, "top5_healthcare": false, "top5_evidence_gap": false, "ai_cluster_id": 0.0, "ai_profile": "Strong-Connectivity Areas", "ai_profile_status": "GeoAI classified", "ai_profile_description": "Areas characterised by comparatively strong mobile download and upload performance, lower latency, moderate population exposure, and relatively few mapped essential-service facilities.", "ai_profile_interpretation": "Distinct recurring profile", "cluster_silhouette": -0.0027068092738911113, "nearest_locality": "Sime Darby Plantation Ladang Sungai Buloh", "nearest_locality_type": "hamlet", "nearest_major_locality": "Ijok", "nearest_major_locality_type": "town", "nearest_locality_distance_km": 1.49, "nearest_major_locality_distance_km": 5.56, "locality_source": "OpenStreetMap / Geofabrik" }, "geometry": { "type": "Polygon", "coordinates": [ [ [ 101.357766661413024, 3.308464007593683 ], [ 101.357809522596838, 3.326542605711251 ], [ 101.375797688680365, 3.326499246921643 ], [ 101.375754501247712, 3.308420884948955 ], [ 101.357766661413024, 3.308464007593683 ] ] ] } },
{ "type": "Feature", "properties": { "cell_id": "KS_241", "cell_area_km2": 4.0, "center_lon": 101.38476997811645, "center_lat": 3.3174383235179743, "study_area": "Kuala Selangor", "dataset_version": "2.0.0", "geoai_model_version": "kmeans-k3-v1", "network_tiles": 2, "network_tests": 20, "avg_download_mbps": 579.5026, "avg_upload_mbps": 62.1988, "avg_latency_ms": 15.6, "network_data_present": true, "population": 1788.439252402517, "population_pixels": 338, "population_data_present": true, "school_count": 1, "hospital_count": 0, "clinic_count": 0, "doctor_count": 0, "healthcare_count": 0, "download_gap": 0.0, "upload_gap": 0.01098901098901095, "latency_gap": 0.054945054945054944, "connectivity_gap_score": 2.1978021978021967, "population_exposure": 0.76829268292682928, "school_exposure": 0.30172413793103448, "healthcare_exposure": 0.0, "general_exposure": 0.76829268292682928, "education_exposure": 0.83820437342304455, "healthcare_exposure_mode": 0.76829268292682928, "score_general": 1.6885553470919314, "score_education": 1.8422074141165805, "score_healthcare": 1.6885553470919314, "priority_general": "Low", "priority_education": "Low", "priority_healthcare": "Low", "decision_general": "Lower relative priority", "decision_education": "Lower relative priority", "decision_healthcare": "Lower relative priority", "analysis_status": "Observed", "evidence_label": "Good", "evidence_strength_score": 57.692307692307686, "evidence_gap_exposure": 0.83820437342304455, "evidence_gap_rank": null, "validation_needed": false, "top5_general": false, "top5_education": false, "top5_healthcare": false, "top5_evidence_gap": false, "ai_cluster_id": 0.0, "ai_profile": "Strong-Connectivity Areas", "ai_profile_status": "GeoAI classified", "ai_profile_description": "Areas characterised by comparatively strong mobile download and upload performance, lower latency, moderate population exposure, and relatively few mapped essential-service facilities.", "ai_profile_interpretation": "Distinct recurring profile", "cluster_silhouette": 0.32382298805942367, "nearest_locality": "Kampung Ijok", "nearest_locality_type": "hamlet", "nearest_major_locality": "Ijok", "nearest_major_locality_type": "town", "nearest_locality_distance_km": 1.9, "nearest_major_locality_distance_km": 3.56, "locality_source": "OpenStreetMap / Geofabrik" }, "geometry": { "type": "Polygon", "coordinates": [ [ [ 101.375754501247712, 3.308420884948955 ], [ 101.375797688680365, 3.326499246921643 ], [ 101.393785618098946, 3.32645555935567 ], [ 101.393742104438786, 3.308377435318457 ], [ 101.375754501247712, 3.308420884948955 ] ] ] } },
{ "type": "Feature", "properties": { "cell_id": "KS_242", "cell_area_km2": 4.0, "center_lon": 101.40275762520032, "center_lat": 3.3173945909882798, "study_area": "Kuala Selangor", "dataset_version": "2.0.0", "geoai_model_version": "kmeans-k3-v1", "network_tiles": 7, "network_tests": 71, "avg_download_mbps": 229.90387323943662, "avg_upload_mbps": 27.531267605633801, "avg_latency_ms": 20.95774647887324, "network_data_present": true, "population": 3759.5418972205371, "population_pixels": 451, "population_data_present": true, "school_count": 0, "hospital_count": 0, "clinic_count": 1, "doctor_count": 0, "healthcare_count": 1, "download_gap": 0.15934065934065933, "upload_gap": 0.28021978021978022, "latency_gap": 0.38461538461538464, "connectivity_gap_score": 27.472527472527471, "population_exposure": 0.92682926829268297, "school_exposure": 0.0, "healthcare_exposure": 0.26785714285714285, "general_exposure": 0.92682926829268297, "education_exposure": 0.92682926829268297, "healthcare_exposure_mode": 0.94642857142857151, "score_general": 25.462342535513265, "score_education": 25.462342535513265, "score_healthcare": 26.000784929356357, "priority_general": "Medium", "priority_education": "Medium", "priority_healthcare": "Medium", "decision_general": "Monitor / investigate", "decision_education": "Monitor / investigate", "decision_healthcare": "Monitor / investigate", "analysis_status": "Observed", "evidence_label": "Strong", "evidence_strength_score": 82.967032967032978, "evidence_gap_exposure": 0.94642857142857151, "evidence_gap_rank": null, "validation_needed": false, "top5_general": false, "top5_education": false, "top5_healthcare": false, "top5_evidence_gap": false, "ai_cluster_id": 0.0, "ai_profile": "Strong-Connectivity Areas", "ai_profile_status": "GeoAI classified", "ai_profile_description": "Areas characterised by comparatively strong mobile download and upload performance, lower latency, moderate population exposure, and relatively few mapped essential-service facilities.", "ai_profile_interpretation": "Distinct recurring profile", "cluster_silhouette": 0.40168820864211502, "nearest_locality": "Kampung Ijok", "nearest_locality_type": "hamlet", "nearest_major_locality": "Ijok", "nearest_major_locality_type": "town", "nearest_locality_distance_km": 0.61, "nearest_major_locality_distance_km": 1.59, "locality_source": "OpenStreetMap / Geofabrik" }, "geometry": { "type": "Polygon", "coordinates": [ [ [ 101.393742104438786, 3.308377435318457 ], [ 101.393785618098946, 3.32645555935567 ], [ 101.411773309064884, 3.326411543034855 ], [ 101.41172946919869, 3.30833365872359 ], [ 101.393742104438786, 3.308377435318457 ] ] ] } },
{ "type": "Feature", "properties": { "cell_id": "KS_243", "cell_area_km2": 4.0, "center_lon": 101.42074503294857, "center_lat": 3.3173505306097795, "study_area": "Kuala Selangor", "dataset_version": "2.0.0", "geoai_model_version": "kmeans-k3-v1", "network_tiles": 9, "network_tests": 182, "avg_download_mbps": 117.48424725274725, "avg_upload_mbps": 23.416126373626376, "avg_latency_ms": 23.653846153846153, "network_data_present": true, "population": 6414.1300151254982, "population_pixels": 479, "population_data_present": true, "school_count": 2, "hospital_count": 0, "clinic_count": 1, "doctor_count": 0, "healthcare_count": 1, "download_gap": 0.45604395604395609, "upload_gap": 0.39560439560439564, "latency_gap": 0.55494505494505497, "connectivity_gap_score": 46.88644688644689, "population_exposure": 0.97967479674796742, "school_exposure": 0.7068965517241379, "healthcare_exposure": 0.26785714285714285, "general_exposure": 0.97967479674796742, "education_exposure": 0.99404261283992146, "healthcare_exposure_mode": 0.98511904761904756, "score_general": 45.933470323714232, "score_education": 46.607126169783868, "score_healthcare": 46.188731903017619, "priority_general": "High", "priority_education": "High", "priority_healthcare": "High", "decision_general": "High priority - supported", "decision_education": "High priority - supported", "decision_healthcare": "High priority - supported", "analysis_status": "Observed", "evidence_label": "Strong", "evidence_strength_score": 92.857142857142861, "evidence_gap_exposure": 0.99563834154351394, "evidence_gap_rank": null, "validation_needed": false, "top5_general": false, "top5_education": false, "top5_healthcare": false, "top5_evidence_gap": false, "ai_cluster_id": 1.0, "ai_profile": "High-Exposure Essential-Service Hubs", "ai_profile_status": "GeoAI classified", "ai_profile_description": "Areas with comparatively high population exposure and concentrations of mapped schools and healthcare facilities. Connectivity is generally moderate to strong, but disruption or degradation may affect more people and essential services.", "ai_profile_interpretation": "Mixed / transitional recurring profile", "cluster_silhouette": -0.065172666392159864, "nearest_locality": "Kampung Harmoni", "nearest_locality_type": "village", "nearest_major_locality": "Kampung Harmoni", "nearest_major_locality_type": "village", "nearest_locality_distance_km": 0.28, "nearest_major_locality_distance_km": 0.28, "locality_source": "OpenStreetMap / Geofabrik" }, "geometry": { "type": "Polygon", "coordinates": [ [ [ 101.41172946919869, 3.30833365872359 ], [ 101.411773309064884, 3.326411543034855 ], [ 101.429760759790653, 3.326367197980877 ], [ 101.429716593740054, 3.308289555185922 ], [ 101.41172946919869, 3.30833365872359 ] ] ] } },
{ "type": "Feature", "properties": { "cell_id": "KS_244", "cell_area_km2": 1.5019508839174531, "center_lon": 101.43219872363115, "center_lat": 3.313744812523939, "study_area": "Kuala Selangor", "dataset_version": "2.0.0", "geoai_model_version": "kmeans-k3-v1", "network_tiles": 1, "network_tests": 5, "avg_download_mbps": 38.589, "avg_upload_mbps": 5.538, "avg_latency_ms": 20.0, "network_data_present": true, "population": 872.66924040019512, "population_pixels": 154, "population_data_present": true, "school_count": 0, "hospital_count": 0, "clinic_count": 0, "doctor_count": 0, "healthcare_count": 0, "download_gap": 0.75274725274725274, "upload_gap": 0.77472527472527475, "latency_gap": 0.31868131868131866, "connectivity_gap_score": 61.538461538461533, "population_exposure": 0.56504065040650409, "school_exposure": 0.0, "healthcare_exposure": 0.0, "general_exposure": 0.56504065040650409, "education_exposure": 0.56504065040650409, "healthcare_exposure_mode": 0.56504065040650409, "score_general": 34.771732332707941, "score_education": 34.771732332707941, "score_healthcare": 34.771732332707941, "priority_general": "Medium", "priority_education": "Medium", "priority_healthcare": "Medium", "decision_general": "Monitor / investigate", "decision_education": "Monitor / investigate", "decision_healthcare": "Monitor / investigate", "analysis_status": "Observed", "evidence_label": "Moderate", "evidence_strength_score": 25.824175824175828, "evidence_gap_exposure": 0.56504065040650409, "evidence_gap_rank": null, "validation_needed": false, "top5_general": false, "top5_education": false, "top5_healthcare": false, "top5_evidence_gap": false, "ai_cluster_id": 2.0, "ai_profile": "Connectivity-Constrained Areas", "ai_profile_status": "GeoAI classified", "ai_profile_description": "Areas characterised by comparatively lower download and upload performance, higher connectivity gaps, lower population density, and relatively few mapped essential-service facilities.", "ai_profile_interpretation": "Distinct recurring profile", "cluster_silhouette": 0.4384971732883633, "nearest_locality": "Kampung Harmoni", "nearest_locality_type": "village", "nearest_major_locality": "Kampung Harmoni", "nearest_major_locality_type": "village", "nearest_locality_distance_km": 1.54, "nearest_major_locality_distance_km": 1.54, "locality_source": "OpenStreetMap / Geofabrik" }, "geometry": { "type": "Polygon", "coordinates": [ [ [ 101.429716593740054, 3.308289555185922 ], [ 101.429760759790653, 3.326367197980877 ], [ 101.440887503631586, 3.326339601993232 ], [ 101.439502386000072, 3.323020907000056 ], [ 101.436155186000079, 3.31745160500003 ], [ 101.433179897000059, 3.310025819000031 ], [ 101.432714144537613, 3.30828217350121 ], [ 101.429716593740054, 3.308289555185922 ] ] ] } },
{ "type": "Feature", "properties": { "cell_id": "KS_245", "cell_area_km2": 3.8849039552705005, "center_lon": 101.27680363331201, "center_lat": 3.3021354983642426, "study_area": "Kuala Selangor", "dataset_version": "2.0.0", "geoai_model_version": "kmeans-k3-v1", "network_tiles": 3, "network_tests": 25, "avg_download_mbps": 297.07376, "avg_upload_mbps": 35.92104, "avg_latency_ms": 29.28, "network_data_present": true, "population": 1453.1075230836868, "population_pixels": 310, "population_data_present": true, "school_count": 0, "hospital_count": 0, "clinic_count": 0, "doctor_count": 0, "healthcare_count": 0, "download_gap": 0.060439560439560447, "upload_gap": 0.10989010989010994, "latency_gap": 0.81318681318681318, "connectivity_gap_score": 32.783882783882781, "population_exposure": 0.69512195121951215, "school_exposure": 0.0, "healthcare_exposure": 0.0, "general_exposure": 0.69512195121951215, "education_exposure": 0.69512195121951215, "healthcare_exposure_mode": 0.69512195121951215, "score_general": 22.788796569284372, "score_education": 22.788796569284372, "score_healthcare": 22.788796569284372, "priority_general": "Medium", "priority_education": "Medium", "priority_healthcare": "Medium", "decision_general": "Monitor / investigate", "decision_education": "Monitor / investigate", "decision_healthcare": "Monitor / investigate", "analysis_status": "Observed", "evidence_label": "Good", "evidence_strength_score": 64.285714285714292, "evidence_gap_exposure": 0.69512195121951215, "evidence_gap_rank": null, "validation_needed": false, "top5_general": false, "top5_education": false, "top5_healthcare": false, "top5_evidence_gap": false, "ai_cluster_id": 0.0, "ai_profile": "Strong-Connectivity Areas", "ai_profile_status": "GeoAI classified", "ai_profile_description": "Areas characterised by comparatively strong mobile download and upload performance, lower latency, moderate population exposure, and relatively few mapped essential-service facilities.", "ai_profile_interpretation": "Distinct recurring profile", "cluster_silhouette": 0.46431021090380115, "nearest_locality": "Assam Jawa", "nearest_locality_type": "suburb", "nearest_major_locality": "Assam Jawa", "nearest_major_locality_type": "suburb", "nearest_locality_distance_km": 1.37, "nearest_major_locality_distance_km": 1.37, "locality_source": "OpenStreetMap / Geofabrik" }, "geometry": { "type": "Polygon", "coordinates": [ [ [ 101.267823975155878, 3.308674715292896 ], [ 101.285812971392076, 3.30863322789245 ], [ 101.28577164311794, 3.290553695983527 ], [ 101.271494610203931, 3.290586469576802 ], [ 101.267794385123793, 3.295637604389396 ], [ 101.267823975155878, 3.308674715292896 ] ] ] } },
{ "type": "Feature", "properties": { "cell_id": "KS_246", "cell_area_km2": 0.7697785693449497, "center_lon": 101.26550642197331, "center_lat": 3.3018982057685462, "study_area": "Kuala Selangor", "dataset_version": "2.0.0", "geoai_model_version": "kmeans-k3-v1", "network_tiles": 0, "network_tests": 0, "avg_download_mbps": null, "avg_upload_mbps": null, "avg_latency_ms": null, "network_data_present": false, "population": 10.589732300490141, "population_pixels": 8, "population_data_present": true, "school_count": 0, "hospital_count": 0, "clinic_count": 0, "doctor_count": 0, "healthcare_count": 0, "download_gap": null, "upload_gap": null, "latency_gap": null, "connectivity_gap_score": null, "population_exposure": 0.065040650406504072, "school_exposure": 0.0, "healthcare_exposure": 0.0, "general_exposure": 0.065040650406504072, "education_exposure": 0.065040650406504086, "healthcare_exposure_mode": 0.065040650406504086, "score_general": null, "score_education": null, "score_healthcare": null, "priority_general": "Evidence Gap", "priority_education": "Evidence Gap", "priority_healthcare": "Evidence Gap", "decision_general": "Evidence Gap", "decision_education": "Evidence Gap", "decision_healthcare": "Evidence Gap", "analysis_status": "Evidence Gap", "evidence_label": "Evidence Gap", "evidence_strength_score": null, "evidence_gap_exposure": 0.065040650406504072, "evidence_gap_rank": 50.0, "validation_needed": false, "top5_general": false, "top5_education": false, "top5_healthcare": false, "top5_evidence_gap": false, "ai_cluster_id": null, "ai_profile": "Unclassified - Evidence Gap", "ai_profile_status": "Unclassified - insufficient connectivity observations", "ai_profile_description": "Insufficient observed connectivity data for GeoAI profiling.", "ai_profile_interpretation": "Not classified", "cluster_silhouette": null, "nearest_locality": "Assam Jawa", "nearest_locality_type": "suburb", "nearest_major_locality": "Assam Jawa", "nearest_major_locality_type": "suburb", "nearest_locality_distance_km": 2.79, "nearest_major_locality_distance_km": 2.79, "locality_source": "OpenStreetMap / Geofabrik" }, "geometry": { "type": "Polygon", "coordinates": [ [ [ 101.267823975155878, 3.308674715292896 ], [ 101.267794385123793, 3.295637604389396 ], [ 101.258614114000068, 3.308169364000038 ], [ 101.258085559794679, 3.308697037975594 ], [ 101.267823975155878, 3.308674715292896 ] ] ] } },
{ "type": "Feature", "properties": { "cell_id": "KS_247", "cell_area_km2": 2.339870614199187, "center_lon": 101.43273853758558, "center_lat": 3.3004772689743431, "study_area": "Kuala Selangor", "dataset_version": "2.0.0", "geoai_model_version": "kmeans-k3-v1", "network_tiles": 5, "network_tests": 37, "avg_download_mbps": 146.74340540540541, "avg_upload_mbps": 29.308513513513514, "avg_latency_ms": 18.243243243243242, "network_data_present": true, "population": 661.47947737528011, "population_pixels": 87, "population_data_present": true, "school_count": 0, "hospital_count": 0, "clinic_count": 0, "doctor_count": 0, "healthcare_count": 0, "download_gap": 0.37362637362637363, "upload_gap": 0.24175824175824179, "latency_gap": 0.19780219780219779, "connectivity_gap_score": 27.106227106227106, "population_exposure": 0.48780487804878048, "school_exposure": 0.0, "healthcare_exposure": 0.0, "general_exposure": 0.48780487804878048, "education_exposure": 0.48780487804878048, "healthcare_exposure_mode": 0.48780487804878048, "score_general": 13.222549807915659, "score_education": 13.222549807915659, "score_healthcare": 13.222549807915659, "priority_general": "Low", "priority_education": "Low", "priority_healthcare": "Low", "decision_general": "Lower relative priority", "decision_education": "Lower relative priority", "decision_healthcare": "Lower relative priority", "analysis_status": "Observed", "evidence_label": "Good", "evidence_strength_score": 69.780219780219781, "evidence_gap_exposure": 0.48780487804878048, "evidence_gap_rank": null, "validation_needed": false, "top5_general": false, "top5_education": false, "top5_healthcare": false, "top5_evidence_gap": false, "ai_cluster_id": 0.0, "ai_profile": "Strong-Connectivity Areas", "ai_profile_status": "GeoAI classified", "ai_profile_description": "Areas characterised by comparatively strong mobile download and upload performance, lower latency, moderate population exposure, and relatively few mapped essential-service facilities.", "ai_profile_interpretation": "Distinct recurring profile", "cluster_silhouette": 0.25270022214084614, "nearest_locality": "Kampung Harmoni", "nearest_locality_type": "village", "nearest_major_locality": "Kampung Harmoni", "nearest_major_locality_type": "village", "nearest_locality_distance_km": 2.8, "nearest_major_locality_distance_km": 2.8, "locality_source": "OpenStreetMap / Geofabrik" }, "geometry": { "type": "Polygon", "coordinates": [ [ [ 101.447659227855382, 3.290167718045071 ], [ 101.429672669695279, 3.290211905205696 ], [ 101.429716593740054, 3.308289555185922 ], [ 101.432714144537613, 3.30828217350121 ], [ 101.431692252000062, 3.304456443000049 ], [ 101.434667541000067, 3.301857391000055 ], [ 101.437642830000073, 3.298144446000038 ], [ 101.447680952357771, 3.299055570243649 ], [ 101.447659227855382, 3.290167718045071 ] ] ] } },
{ "type": "Feature", "properties": { "cell_id": "KS_248", "cell_area_km2": 4.0, "center_lon": 101.29478661038482, "center_lat": 3.299572653597084, "study_area": "Kuala Selangor", "dataset_version": "2.0.0", "geoai_model_version": "kmeans-k3-v1", "network_tiles": 10, "network_tests": 46, "avg_download_mbps": 42.151760869565216, "avg_upload_mbps": 8.6365434782608705, "avg_latency_ms": 31.847826086956523, "network_data_present": true, "population": 2872.4581722496077, "population_pixels": 424, "population_data_present": true, "school_count": 3, "hospital_count": 0, "clinic_count": 1, "doctor_count": 0, "healthcare_count": 1, "download_gap": 0.72527472527472525, "upload_gap": 0.69780219780219777, "latency_gap": 0.8351648351648352, "connectivity_gap_score": 75.27472527472527, "population_exposure": 0.87398373983739841, "school_exposure": 0.85344827586206895, "healthcare_exposure": 0.26785714285714285, "general_exposure": 0.87398373983739841, "education_exposure": 0.98153209980375666, "healthcare_exposure_mode": 0.90773809523809523, "score_general": 65.788885910837138, "score_education": 73.88455916105201, "score_healthcare": 68.329735740450019, "priority_general": "High", "priority_education": "High", "priority_healthcare": "High", "decision_general": "High priority - supported", "decision_education": "High priority - supported", "decision_healthcare": "High priority - supported", "analysis_status": "Observed", "evidence_label": "Good", "evidence_strength_score": 73.626373626373635, "evidence_gap_exposure": 0.98647885878489328, "evidence_gap_rank": null, "validation_needed": false, "top5_general": true, "top5_education": true, "top5_healthcare": true, "top5_evidence_gap": false, "ai_cluster_id": 1.0, "ai_profile": "High-Exposure Essential-Service Hubs", "ai_profile_status": "GeoAI classified", "ai_profile_description": "Areas with comparatively high population exposure and concentrations of mapped schools and healthcare facilities. Connectivity is generally moderate to strong, but disruption or degradation may affect more people and essential services.", "ai_profile_interpretation": "Mixed / transitional recurring profile", "cluster_silhouette": 0.065156676891134024, "nearest_locality": "Assam Jawa", "nearest_locality_type": "suburb", "nearest_major_locality": "Assam Jawa", "nearest_major_locality_type": "suburb", "nearest_locality_distance_km": 0.6, "nearest_major_locality_distance_km": 0.6, "locality_source": "OpenStreetMap / Geofabrik" }, "geometry": { "type": "Polygon", "coordinates": [ [ [ 101.28577164311794, 3.290553695983527 ], [ 101.285812971392076, 3.30863322789245 ], [ 101.303801739923912, 3.308591413401624 ], [ 101.303760087105374, 3.290512110466116 ], [ 101.28577164311794, 3.290553695983527 ] ] ] } },
{ "type": "Feature", "properties": { "cell_id": "KS_249", "cell_area_km2": 4.0, "center_lon": 101.31277510190338, "center_lat": 3.2995307905042401, "study_area": "Kuala Selangor", "dataset_version": "2.0.0", "geoai_model_version": "kmeans-k3-v1", "network_tiles": 3, "network_tests": 10, "avg_download_mbps": 122.9571, "avg_upload_mbps": 27.4602, "avg_latency_ms": 24.8, "network_data_present": true, "population": 1030.8408348555677, "population_pixels": 260, "population_data_present": true, "school_count": 0, "hospital_count": 0, "clinic_count": 0, "doctor_count": 0, "healthcare_count": 0, "download_gap": 0.4505494505494505, "upload_gap": 0.2857142857142857, "latency_gap": 0.61538461538461542, "connectivity_gap_score": 45.054945054945058, "population_exposure": 0.6097560975609756, "school_exposure": 0.0, "healthcare_exposure": 0.0, "general_exposure": 0.6097560975609756, "education_exposure": 0.6097560975609756, "healthcare_exposure_mode": 0.6097560975609756, "score_general": 27.472527472527474, "score_education": 27.472527472527474, "score_healthcare": 27.472527472527474, "priority_general": "Medium", "priority_education": "Medium", "priority_healthcare": "Medium", "decision_general": "Monitor / investigate", "decision_education": "Monitor / investigate", "decision_healthcare": "Monitor / investigate", "analysis_status": "Observed", "evidence_label": "Moderate", "evidence_strength_score": 42.307692307692307, "evidence_gap_exposure": 0.6097560975609756, "evidence_gap_rank": null, "validation_needed": false, "top5_general": false, "top5_education": false, "top5_healthcare": false, "top5_evidence_gap": false, "ai_cluster_id": 0.0, "ai_profile": "Strong-Connectivity Areas", "ai_profile_status": "GeoAI classified", "ai_profile_description": "Areas characterised by comparatively strong mobile download and upload performance, lower latency, moderate population exposure, and relatively few mapped essential-service facilities.", "ai_profile_interpretation": "Distinct recurring profile", "cluster_silhouette": 0.16635687406016464, "nearest_locality": "Bukit Rotan", "nearest_locality_type": "village", "nearest_major_locality": "Bukit Rotan", "nearest_major_locality_type": "village", "nearest_locality_distance_km": 1.12, "nearest_major_locality_distance_km": 1.12, "locality_source": "OpenStreetMap / Geofabrik" }, "geometry": { "type": "Polygon", "coordinates": [ [ [ 101.303760087105374, 3.290512110466116 ], [ 101.303801739923912, 3.308591413401624 ], [ 101.32179027896332, 3.30854927184102 ], [ 101.321748301620914, 3.29047019966992 ], [ 101.303760087105374, 3.290512110466116 ] ] ] } },
{ "type": "Feature", "properties": { "cell_id": "KS_250", "cell_area_km2": 4.0, "center_lon": 101.33076336304583, "center_lat": 3.2994886012474542, "study_area": "Kuala Selangor", "dataset_version": "2.0.0", "geoai_model_version": "kmeans-k3-v1", "network_tiles": 1, "network_tests": 2, "avg_download_mbps": 16.562, "avg_upload_mbps": 5.533, "avg_latency_ms": 32.0, "network_data_present": true, "population": 81.913800068199635, "population_pixels": 25, "population_data_present": true, "school_count": 0, "hospital_count": 0, "clinic_count": 0, "doctor_count": 0, "healthcare_count": 0, "download_gap": 0.89560439560439564, "upload_gap": 0.78021978021978022, "latency_gap": 0.84065934065934067, "connectivity_gap_score": 83.882783882783883, "population_exposure": 0.21138211382113822, "school_exposure": 0.0, "healthcare_exposure": 0.0, "general_exposure": 0.21138211382113822, "education_exposure": 0.21138211382113825, "healthcare_exposure_mode": 0.21138211382113825, "score_general": 17.73132017034456, "score_education": 17.731320170344564, "score_healthcare": 17.731320170344564, "priority_general": "Medium", "priority_education": "Medium", "priority_healthcare": "Medium", "decision_general": "Monitor / investigate", "decision_education": "Monitor / investigate", "decision_healthcare": "Monitor / investigate", "analysis_status": "Observed", "evidence_label": "Limited", "evidence_strength_score": 14.560439560439562, "evidence_gap_exposure": 0.21138211382113822, "evidence_gap_rank": null, "validation_needed": false, "top5_general": false, "top5_education": false, "top5_healthcare": false, "top5_evidence_gap": false, "ai_cluster_id": 2.0, "ai_profile": "Connectivity-Constrained Areas", "ai_profile_status": "GeoAI classified", "ai_profile_description": "Areas characterised by comparatively lower download and upload performance, higher connectivity gaps, lower population density, and relatively few mapped essential-service facilities.", "ai_profile_interpretation": "Distinct recurring profile", "cluster_silhouette": 0.46567395995231642, "nearest_locality": "Sime Darby Plantation Ladang Sungai Buloh", "nearest_locality_type": "hamlet", "nearest_major_locality": "Bukit Rotan", "nearest_major_locality_type": "village", "nearest_locality_distance_km": 1.63, "nearest_major_locality_distance_km": 1.92, "locality_source": "OpenStreetMap / Geofabrik" }, "geometry": { "type": "Polygon", "coordinates": [ [ [ 101.321748301620914, 3.29047019966992 ], [ 101.32179027896332, 3.30854927184102 ], [ 101.339778586722304, 3.308506803231399 ], [ 101.339736284876778, 3.290427963615588 ], [ 101.321748301620914, 3.29047019966992 ] ] ] } },
{ "type": "Feature", "properties": { "cell_id": "KS_251", "cell_area_km2": 4.0, "center_lon": 101.34875139202434, "center_lat": 3.299446085847511, "study_area": "Kuala Selangor", "dataset_version": "2.0.0", "geoai_model_version": "kmeans-k3-v1", "network_tiles": 1, "network_tests": 1, "avg_download_mbps": 22.832, "avg_upload_mbps": 8.304, "avg_latency_ms": 29.0, "network_data_present": true, "population": 97.876402907073498, "population_pixels": 52, "population_data_present": true, "school_count": 1, "hospital_count": 0, "clinic_count": 0, "doctor_count": 0, "healthcare_count": 0, "download_gap": 0.8351648351648352, "upload_gap": 0.7142857142857143, "latency_gap": 0.80219780219780223, "connectivity_gap_score": 78.388278388278394, "population_exposure": 0.21951219512195122, "school_exposure": 0.30172413793103448, "healthcare_exposure": 0.0, "general_exposure": 0.21951219512195122, "education_exposure": 0.45500420521446594, "healthcare_exposure_mode": 0.21951219512195119, "score_general": 17.207183060841597, "score_education": 35.666996306188906, "score_healthcare": 17.207183060841594, "priority_general": "Medium", "priority_education": "Medium", "priority_healthcare": "Medium", "decision_general": "Monitor / investigate", "decision_education": "Monitor / investigate", "decision_healthcare": "Monitor / investigate", "analysis_status": "Observed", "evidence_label": "Limited", "evidence_strength_score": 5.7692307692307692, "evidence_gap_exposure": 0.45500420521446594, "evidence_gap_rank": null, "validation_needed": false, "top5_general": false, "top5_education": false, "top5_healthcare": false, "top5_evidence_gap": false, "ai_cluster_id": 2.0, "ai_profile": "Connectivity-Constrained Areas", "ai_profile_status": "GeoAI classified", "ai_profile_description": "Areas characterised by comparatively lower download and upload performance, higher connectivity gaps, lower population density, and relatively few mapped essential-service facilities.", "ai_profile_interpretation": "Distinct recurring profile", "cluster_silhouette": 0.41650957603814381, "nearest_locality": "Sime Darby Plantation Ladang Sungai Buloh", "nearest_locality_type": "hamlet", "nearest_major_locality": "Bukit Rotan", "nearest_major_locality_type": "village", "nearest_locality_distance_km": 1.35, "nearest_major_locality_distance_km": 3.76, "locality_source": "OpenStreetMap / Geofabrik" }, "geometry": { "type": "Polygon", "coordinates": [ [ [ 101.339736284876778, 3.290427963615588 ], [ 101.339778586722304, 3.308506803231399 ], [ 101.357766661413024, 3.308464007593683 ], [ 101.357724035085241, 3.290385402323925 ], [ 101.339736284876778, 3.290427963615588 ] ] ] } },
{ "type": "Feature", "properties": { "cell_id": "KS_252", "cell_area_km2": 4.0, "center_lon": 101.36673918705118, "center_lat": 3.2994032443253545, "study_area": "Kuala Selangor", "dataset_version": "2.0.0", "geoai_model_version": "kmeans-k3-v1", "network_tiles": 5, "network_tests": 11, "avg_download_mbps": 191.81709090909092, "avg_upload_mbps": 20.931909090909091, "avg_latency_ms": 24.363636363636363, "network_data_present": true, "population": 388.19963587867096, "population_pixels": 165, "population_data_present": true, "school_count": 0, "hospital_count": 0, "clinic_count": 0, "doctor_count": 0, "healthcare_count": 0, "download_gap": 0.23076923076923073, "upload_gap": 0.45604395604395609, "latency_gap": 0.59340659340659341, "connectivity_gap_score": 42.673992673992672, "population_exposure": 0.38617886178861788, "school_exposure": 0.0, "healthcare_exposure": 0.0, "general_exposure": 0.38617886178861788, "education_exposure": 0.38617886178861793, "healthcare_exposure_mode": 0.38617886178861793, "score_general": 16.479793918818309, "score_education": 16.479793918818313, "score_healthcare": 16.479793918818313, "priority_general": "Medium", "priority_education": "Medium", "priority_healthcare": "Medium", "decision_general": "Monitor / investigate", "decision_education": "Monitor / investigate", "decision_healthcare": "Monitor / investigate", "analysis_status": "Observed", "evidence_label": "Moderate", "evidence_strength_score": 44.505494505494504, "evidence_gap_exposure": 0.38617886178861788, "evidence_gap_rank": null, "validation_needed": false, "top5_general": false, "top5_education": false, "top5_healthcare": false, "top5_evidence_gap": false, "ai_cluster_id": 0.0, "ai_profile": "Strong-Connectivity Areas", "ai_profile_status": "GeoAI classified", "ai_profile_description": "Areas characterised by comparatively strong mobile download and upload performance, lower latency, moderate population exposure, and relatively few mapped essential-service facilities.", "ai_profile_interpretation": "Distinct recurring profile", "cluster_silhouette": 0.11752518695426248, "nearest_locality": "Sime Darby Plantation Ladang Sungai Buloh", "nearest_locality_type": "hamlet", "nearest_major_locality": "Bukit Rotan", "nearest_major_locality_type": "village", "nearest_locality_distance_km": 1.31, "nearest_major_locality_distance_km": 5.7, "locality_source": "OpenStreetMap / Geofabrik" }, "geometry": { "type": "Polygon", "coordinates": [ [ [ 101.357724035085241, 3.290385402323925 ], [ 101.357766661413024, 3.308464007593683 ], [ 101.375754501247712, 3.308420884948955 ], [ 101.375711550458746, 3.290342515815899 ], [ 101.357724035085241, 3.290385402323925 ] ] ] } },
{ "type": "Feature", "properties": { "cell_id": "KS_253", "cell_area_km2": 4.0, "center_lon": 101.38472674633876, "center_lat": 3.299360076702091, "study_area": "Kuala Selangor", "dataset_version": "2.0.0", "geoai_model_version": "kmeans-k3-v1", "network_tiles": 7, "network_tests": 17, "avg_download_mbps": 193.51111764705882, "avg_upload_mbps": 30.856058823529413, "avg_latency_ms": 21.588235294117649, "network_data_present": true, "population": 862.89185266196728, "population_pixels": 313, "population_data_present": true, "school_count": 0, "hospital_count": 0, "clinic_count": 0, "doctor_count": 0, "healthcare_count": 0, "download_gap": 0.21978021978021978, "upload_gap": 0.20329670329670335, "latency_gap": 0.4175824175824176, "connectivity_gap_score": 28.021978021978029, "population_exposure": 0.56097560975609762, "school_exposure": 0.0, "healthcare_exposure": 0.0, "general_exposure": 0.56097560975609762, "education_exposure": 0.56097560975609762, "healthcare_exposure_mode": 0.56097560975609762, "score_general": 15.71964620745109, "score_education": 15.71964620745109, "score_healthcare": 15.71964620745109, "priority_general": "Medium", "priority_education": "Medium", "priority_healthcare": "Medium", "decision_general": "Monitor / investigate", "decision_education": "Monitor / investigate", "decision_healthcare": "Monitor / investigate", "analysis_status": "Observed", "evidence_label": "Good", "evidence_strength_score": 53.296703296703299, "evidence_gap_exposure": 0.56097560975609762, "evidence_gap_rank": null, "validation_needed": false, "top5_general": false, "top5_education": false, "top5_healthcare": false, "top5_evidence_gap": false, "ai_cluster_id": 0.0, "ai_profile": "Strong-Connectivity Areas", "ai_profile_status": "GeoAI classified", "ai_profile_description": "Areas characterised by comparatively strong mobile download and upload performance, lower latency, moderate population exposure, and relatively few mapped essential-service facilities.", "ai_profile_interpretation": "Distinct recurring profile", "cluster_silhouette": 0.39371332131713549, "nearest_locality": "Kampung Ijok", "nearest_locality_type": "hamlet", "nearest_major_locality": "Ijok", "nearest_major_locality_type": "town", "nearest_locality_distance_km": 2.3, "nearest_major_locality_distance_km": 3.9, "locality_source": "OpenStreetMap / Geofabrik" }, "geometry": { "type": "Polygon", "coordinates": [ [ [ 101.375711550458746, 3.290342515815899 ], [ 101.375754501247712, 3.308420884948955 ], [ 101.393742104438786, 3.308377435318457 ], [ 101.393698829209782, 3.290299304112635 ], [ 101.375711550458746, 3.290342515815899 ] ] ] } },
{ "type": "Feature", "properties": { "cell_id": "KS_254", "cell_area_km2": 4.0, "center_lon": 101.40271406809958, "center_lat": 3.299316582998983, "study_area": "Kuala Selangor", "dataset_version": "2.0.0", "geoai_model_version": "kmeans-k3-v1", "network_tiles": 3, "network_tests": 8, "avg_download_mbps": 272.62925, "avg_upload_mbps": 37.042875, "avg_latency_ms": 18.5, "network_data_present": true, "population": 551.00104412599467, "population_pixels": 186, "population_data_present": true, "school_count": 0, "hospital_count": 0, "clinic_count": 0, "doctor_count": 0, "healthcare_count": 0, "download_gap": 0.10439560439560436, "upload_gap": 0.10439560439560436, "latency_gap": 0.21428571428571427, "connectivity_gap_score": 14.1025641025641, "population_exposure": 0.47154471544715448, "school_exposure": 0.0, "healthcare_exposure": 0.0, "general_exposure": 0.47154471544715448, "education_exposure": 0.47154471544715448, "healthcare_exposure_mode": 0.47154471544715448, "score_general": 6.6499895768188431, "score_education": 6.6499895768188431, "score_healthcare": 6.6499895768188431, "priority_general": "Low", "priority_education": "Low", "priority_healthcare": "Low", "decision_general": "Lower relative priority", "decision_education": "Lower relative priority", "decision_healthcare": "Lower relative priority", "analysis_status": "Observed", "evidence_label": "Moderate", "evidence_strength_score": 36.538461538461533, "evidence_gap_exposure": 0.47154471544715448, "evidence_gap_rank": null, "validation_needed": false, "top5_general": false, "top5_education": false, "top5_healthcare": false, "top5_evidence_gap": false, "ai_cluster_id": 0.0, "ai_profile": "Strong-Connectivity Areas", "ai_profile_status": "GeoAI classified", "ai_profile_description": "Areas characterised by comparatively strong mobile download and upload performance, lower latency, moderate population exposure, and relatively few mapped essential-service facilities.", "ai_profile_interpretation": "Distinct recurring profile", "cluster_silhouette": 0.44406255341512213, "nearest_locality": "Kampung Ijok", "nearest_locality_type": "hamlet", "nearest_major_locality": "Ijok", "nearest_major_locality_type": "town", "nearest_locality_distance_km": 1.43, "nearest_major_locality_distance_km": 2.24, "locality_source": "OpenStreetMap / Geofabrik" }, "geometry": { "type": "Polygon", "coordinates": [ [ [ 101.393698829209782, 3.290299304112635 ], [ 101.393742104438786, 3.308377435318457 ], [ 101.41172946919869, 3.30833365872359 ], [ 101.411685869551036, 3.290255767235419 ], [ 101.393698829209782, 3.290299304112635 ] ] ] } },
{ "type": "Feature", "properties": { "cell_id": "KS_255", "cell_area_km2": 4.0, "center_lon": 101.42070115054626, "center_lat": 3.2992727632374543, "study_area": "Kuala Selangor", "dataset_version": "2.0.0", "geoai_model_version": "kmeans-k3-v1", "network_tiles": 2, "network_tests": 16, "avg_download_mbps": 25.92725, "avg_upload_mbps": 22.17025, "avg_latency_ms": 25.75, "network_data_present": true, "population": 1534.3827293668874, "population_pixels": 262, "population_data_present": true, "school_count": 0, "hospital_count": 0, "clinic_count": 0, "doctor_count": 0, "healthcare_count": 0, "download_gap": 0.82417582417582413, "upload_gap": 0.4285714285714286, "latency_gap": 0.67307692307692313, "connectivity_gap_score": 64.194139194139197, "population_exposure": 0.72357723577235777, "school_exposure": 0.0, "healthcare_exposure": 0.0, "general_exposure": 0.72357723577235777, "education_exposure": 0.72357723577235777, "healthcare_exposure_mode": 0.72357723577235777, "score_general": 46.449417790881213, "score_education": 46.449417790881213, "score_healthcare": 46.449417790881213, "priority_general": "High", "priority_education": "High", "priority_healthcare": "High", "decision_general": "High priority - supported", "decision_education": "High priority - supported", "decision_healthcare": "High priority - supported", "analysis_status": "Observed", "evidence_label": "Good", "evidence_strength_score": 51.648351648351657, "evidence_gap_exposure": 0.72357723577235777, "evidence_gap_rank": null, "validation_needed": false, "top5_general": false, "top5_education": false, "top5_healthcare": false, "top5_evidence_gap": false, "ai_cluster_id": 2.0, "ai_profile": "Connectivity-Constrained Areas", "ai_profile_status": "GeoAI classified", "ai_profile_description": "Areas characterised by comparatively lower download and upload performance, higher connectivity gaps, lower population density, and relatively few mapped essential-service facilities.", "ai_profile_interpretation": "Distinct recurring profile", "cluster_silhouette": 0.20947250543765367, "nearest_locality": "Ijok", "nearest_locality_type": "town", "nearest_major_locality": "Ijok", "nearest_major_locality_type": "town", "nearest_locality_distance_km": 1.68, "nearest_major_locality_distance_km": 1.68, "locality_source": "OpenStreetMap / Geofabrik" }, "geometry": { "type": "Polygon", "coordinates": [ [ [ 101.411685869551036, 3.290255767235419 ], [ 101.41172946919869, 3.30833365872359 ], [ 101.429716593740054, 3.308289555185922 ], [ 101.429672669695279, 3.290211905205696 ], [ 101.411685869551036, 3.290255767235419 ] ] ] } },
{ "type": "Feature", "properties": { "cell_id": "KS_256", "cell_area_km2": 1.7187788453317872, "center_lon": 101.45497711895804, "center_lat": 3.294593575952375, "study_area": "Kuala Selangor", "dataset_version": "2.0.0", "geoai_model_version": "kmeans-k3-v1", "network_tiles": 1, "network_tests": 2, "avg_download_mbps": 484.377, "avg_upload_mbps": 110.278, "avg_latency_ms": 12.0, "network_data_present": true, "population": 92.293387580662966, "population_pixels": 53, "population_data_present": true, "school_count": 0, "hospital_count": 0, "clinic_count": 0, "doctor_count": 0, "healthcare_count": 0, "download_gap": 0.005494505494505475, "upload_gap": 0.0, "latency_gap": 0.008241758241758242, "connectivity_gap_score": 0.45787545787545719, "population_exposure": 0.21544715447154472, "school_exposure": 0.0, "healthcare_exposure": 0.0, "general_exposure": 0.21544715447154472, "education_exposure": 0.21544715447154472, "healthcare_exposure_mode": 0.21544715447154472, "score_general": 0.098647964501622901, "score_education": 0.098647964501622901, "score_healthcare": 0.098647964501622901, "priority_general": "Low", "priority_education": "Low", "priority_healthcare": "Low", "decision_general": "Lower relative priority", "decision_education": "Lower relative priority", "decision_healthcare": "Lower relative priority", "analysis_status": "Observed", "evidence_label": "Limited", "evidence_strength_score": 14.560439560439562, "evidence_gap_exposure": 0.21544715447154472, "evidence_gap_rank": null, "validation_needed": false, "top5_general": false, "top5_education": false, "top5_healthcare": false, "top5_evidence_gap": false, "ai_cluster_id": 0.0, "ai_profile": "Strong-Connectivity Areas", "ai_profile_status": "GeoAI classified", "ai_profile_description": "Areas characterised by comparatively strong mobile download and upload performance, lower latency, moderate population exposure, and relatively few mapped essential-service facilities.", "ai_profile_interpretation": "Distinct recurring profile", "cluster_silhouette": 0.23891241541269004, "nearest_locality": "Kampung Harmoni", "nearest_locality_type": "village", "nearest_major_locality": "Kampung Harmoni", "nearest_major_locality_type": "village", "nearest_locality_distance_km": 4.44, "nearest_major_locality_distance_km": 4.44, "locality_source": "OpenStreetMap / Geofabrik" }, "geometry": { "type": "Polygon", "coordinates": [ [ [ 101.447659227855382, 3.290167718045071 ], [ 101.447680952357771, 3.299055570243649 ], [ 101.462188964000063, 3.300372215000039 ], [ 101.46235707839115, 3.290131368348617 ], [ 101.447659227855382, 3.290167718045071 ] ] ] } },
{ "type": "Feature", "properties": { "cell_id": "KS_257", "cell_area_km2": 3.5035248027037258, "center_lon": 101.4550515514712, "center_lat": 3.2839455000474311, "study_area": "Kuala Selangor", "dataset_version": "2.0.0", "geoai_model_version": "kmeans-k3-v1", "network_tiles": 4, "network_tests": 100, "avg_download_mbps": 92.27907, "avg_upload_mbps": 20.7164, "avg_latency_ms": 21.01, "network_data_present": true, "population": 927.27512201061472, "population_pixels": 189, "population_data_present": true, "school_count": 0, "hospital_count": 0, "clinic_count": 0, "doctor_count": 0, "healthcare_count": 0, "download_gap": 0.51098901098901095, "upload_gap": 0.46153846153846156, "latency_gap": 0.39560439560439559, "connectivity_gap_score": 45.604395604395606, "population_exposure": 0.58130081300813008, "school_exposure": 0.0, "healthcare_exposure": 0.0, "general_exposure": 0.58130081300813008, "education_exposure": 0.58130081300813008, "healthcare_exposure_mode": 0.58130081300813008, "score_general": 26.509872241579558, "score_education": 26.509872241579558, "score_healthcare": 26.509872241579558, "priority_general": "Medium", "priority_education": "Medium", "priority_healthcare": "Medium", "decision_general": "Monitor / investigate", "decision_education": "Monitor / investigate", "decision_healthcare": "Monitor / investigate", "analysis_status": "Observed", "evidence_label": "Strong", "evidence_strength_score": 89.285714285714292, "evidence_gap_exposure": 0.58130081300813008, "evidence_gap_rank": null, "validation_needed": false, "top5_general": false, "top5_education": false, "top5_healthcare": false, "top5_evidence_gap": false, "ai_cluster_id": 2.0, "ai_profile": "Connectivity-Constrained Areas", "ai_profile_status": "GeoAI classified", "ai_profile_description": "Areas characterised by comparatively lower download and upload performance, higher connectivity gaps, lower population density, and relatively few mapped essential-service facilities.", "ai_profile_interpretation": "Distinct recurring profile", "cluster_silhouette": 0.091225644915103737, "nearest_locality": "Kampung Seri Sentosa", "nearest_locality_type": "hamlet", "nearest_major_locality": "Bandar Seri Coalfields", "nearest_major_locality_type": "suburb", "nearest_locality_distance_km": 4.09, "nearest_major_locality_distance_km": 4.97, "locality_source": "OpenStreetMap / Geofabrik" }, "geometry": { "type": "Polygon", "coordinates": [ [ [ 101.465601215028556, 3.272046037018423 ], [ 101.447615223206313, 3.272090304208448 ], [ 101.447659227855382, 3.290167718045071 ], [ 101.46235707839115, 3.290131368348617 ], [ 101.462560875000065, 3.277723006000031 ], [ 101.465613476279529, 3.27705635335781 ], [ 101.465601215028556, 3.272046037018423 ] ] ] } },
{ "type": "Feature", "properties": { "cell_id": "KS_258", "cell_area_km2": 1.6951301280533662, "center_lon": 101.28193947514325, "center_lat": 3.2815226730699725, "study_area": "Kuala Selangor", "dataset_version": "2.0.0", "geoai_model_version": "kmeans-k3-v1", "network_tiles": 1, "network_tests": 1, "avg_download_mbps": 1.933, "avg_upload_mbps": 0.509, "avg_latency_ms": 19.0, "network_data_present": true, "population": 119.87868420919403, "population_pixels": 88, "population_data_present": true, "school_count": 0, "hospital_count": 0, "clinic_count": 0, "doctor_count": 0, "healthcare_count": 0, "download_gap": 0.99450549450549453, "upload_gap": 0.96703296703296704, "latency_gap": 0.25824175824175827, "connectivity_gap_score": 73.992673992674, "population_exposure": 0.24796747967479674, "school_exposure": 0.0, "healthcare_exposure": 0.0, "general_exposure": 0.24796747967479674, "education_exposure": 0.24796747967479671, "healthcare_exposure_mode": 0.24796747967479671, "score_general": 18.347776884362251, "score_education": 18.347776884362251, "score_healthcare": 18.347776884362251, "priority_general": "Medium", "priority_education": "Medium", "priority_healthcare": "Medium", "decision_general": "Monitor / investigate", "decision_education": "Monitor / investigate", "decision_healthcare": "Monitor / investigate", "analysis_status": "Observed", "evidence_label": "Limited", "evidence_strength_score": 5.7692307692307692, "evidence_gap_exposure": 0.24796747967479674, "evidence_gap_rank": null, "validation_needed": false, "top5_general": false, "top5_education": false, "top5_healthcare": false, "top5_evidence_gap": false, "ai_cluster_id": 2.0, "ai_profile": "Connectivity-Constrained Areas", "ai_profile_status": "GeoAI classified", "ai_profile_description": "Areas characterised by comparatively lower download and upload performance, higher connectivity gaps, lower population density, and relatively few mapped essential-service facilities.", "ai_profile_interpretation": "Distinct recurring profile", "cluster_silhouette": 0.46765915020158483, "nearest_locality": "Assam Jawa", "nearest_locality_type": "suburb", "nearest_major_locality": "Assam Jawa", "nearest_major_locality_type": "suburb", "nearest_locality_distance_km": 1.99, "nearest_major_locality_distance_km": 1.99, "locality_source": "OpenStreetMap / Geofabrik" }, "geometry": { "type": "Polygon", "coordinates": [ [ [ 101.28577164311794, 3.290553695983527 ], [ 101.285730542527773, 3.272474156993277 ], [ 101.284761047524739, 3.272476376760112 ], [ 101.271494610203931, 3.290586469576802 ], [ 101.28577164311794, 3.290553695983527 ] ] ] } },
{ "type": "Feature", "properties": { "cell_id": "KS_259", "cell_area_km2": 4.0, "center_lon": 101.29474523412746, "center_lat": 3.2814932324035073, "study_area": "Kuala Selangor", "dataset_version": "2.0.0", "geoai_model_version": "kmeans-k3-v1", "network_tiles": 5, "network_tests": 22, "avg_download_mbps": 149.73659090909092, "avg_upload_mbps": 21.856227272727271, "avg_latency_ms": 16.863636363636363, "network_data_present": true, "population": 2204.6615358917043, "population_pixels": 410, "population_data_present": true, "school_count": 0, "hospital_count": 0, "clinic_count": 0, "doctor_count": 0, "healthcare_count": 0, "download_gap": 0.36263736263736268, "upload_gap": 0.44505494505494503, "latency_gap": 0.11538461538461539, "connectivity_gap_score": 30.76923076923077, "population_exposure": 0.81707317073170727, "school_exposure": 0.0, "healthcare_exposure": 0.0, "general_exposure": 0.81707317073170727, "education_exposure": 0.81707317073170727, "healthcare_exposure_mode": 0.81707317073170727, "score_general": 25.140712945590991, "score_education": 25.140712945590991, "score_healthcare": 25.140712945590991, "priority_general": "Medium", "priority_education": "Medium", "priority_healthcare": "Medium", "decision_general": "Monitor / investigate", "decision_education": "Monitor / investigate", "decision_healthcare": "Monitor / investigate", "analysis_status": "Observed", "evidence_label": "Good", "evidence_strength_score": 59.340659340659343, "evidence_gap_exposure": 0.81707317073170727, "evidence_gap_rank": null, "validation_needed": false, "top5_general": false, "top5_education": false, "top5_healthcare": false, "top5_evidence_gap": false, "ai_cluster_id": 0.0, "ai_profile": "Strong-Connectivity Areas", "ai_profile_status": "GeoAI classified", "ai_profile_description": "Areas characterised by comparatively strong mobile download and upload performance, lower latency, moderate population exposure, and relatively few mapped essential-service facilities.", "ai_profile_interpretation": "Distinct recurring profile", "cluster_silhouette": 0.24402061349650508, "nearest_locality": "Kampung Api-Api", "nearest_locality_type": "hamlet", "nearest_major_locality": "Assam Jawa", "nearest_major_locality_type": "suburb", "nearest_locality_distance_km": 0.79, "nearest_major_locality_distance_km": 2.14, "locality_source": "OpenStreetMap / Geofabrik" }, "geometry": { "type": "Polygon", "coordinates": [ [ [ 101.285730542527773, 3.272474156993277 ], [ 101.28577164311794, 3.290553695983527 ], [ 101.303760087105374, 3.290512110466116 ], [ 101.30371866375873, 3.272432800441393 ], [ 101.285730542527773, 3.272474156993277 ] ] ] } },
{ "type": "Feature", "properties": { "cell_id": "KS_260", "cell_area_km2": 4.0, "center_lon": 101.31273340200582, "center_lat": 3.2814515991756239, "study_area": "Kuala Selangor", "dataset_version": "2.0.0", "geoai_model_version": "kmeans-k3-v1", "network_tiles": 0, "network_tests": 0, "avg_download_mbps": null, "avg_upload_mbps": null, "avg_latency_ms": null, "network_data_present": false, "population": 857.08890983834863, "population_pixels": 218, "population_data_present": true, "school_count": 0, "hospital_count": 0, "clinic_count": 0, "doctor_count": 0, "healthcare_count": 0, "download_gap": null, "upload_gap": null, "latency_gap": null, "connectivity_gap_score": null, "population_exposure": 0.55691056910569103, "school_exposure": 0.0, "healthcare_exposure": 0.0, "general_exposure": 0.55691056910569103, "education_exposure": 0.55691056910569103, "healthcare_exposure_mode": 0.55691056910569103, "score_general": null, "score_education": null, "score_healthcare": null, "priority_general": "Evidence Gap", "priority_education": "Evidence Gap", "priority_healthcare": "Evidence Gap", "decision_general": "Evidence Gap", "decision_education": "Evidence Gap", "decision_healthcare": "Evidence Gap", "analysis_status": "Evidence Gap", "evidence_label": "Evidence Gap", "evidence_strength_score": null, "evidence_gap_exposure": 0.55691056910569103, "evidence_gap_rank": 3.0, "validation_needed": false, "top5_general": false, "top5_education": false, "top5_healthcare": false, "top5_evidence_gap": true, "ai_cluster_id": null, "ai_profile": "Unclassified - Evidence Gap", "ai_profile_status": "Unclassified - insufficient connectivity observations", "ai_profile_description": "Insufficient observed connectivity data for GeoAI profiling.", "ai_profile_interpretation": "Not classified", "cluster_silhouette": null, "nearest_locality": "Kampung Api-Api", "nearest_locality_type": "hamlet", "nearest_major_locality": "Sasaran", "nearest_major_locality_type": "village", "nearest_locality_distance_km": 1.42, "nearest_major_locality_distance_km": 2.59, "locality_source": "OpenStreetMap / Geofabrik" }, "geometry": { "type": "Polygon", "coordinates": [ [ [ 101.30371866375873, 3.272432800441393 ], [ 101.303760087105374, 3.290512110466116 ], [ 101.321748301620914, 3.29047019966992 ], [ 101.321706555538242, 3.272391120401657 ], [ 101.30371866375873, 3.272432800441393 ] ] ] } },
{ "type": "Feature", "properties": { "cell_id": "KS_261", "cell_area_km2": 4.0, "center_lon": 101.33072133952865, "center_lat": 3.2814096415747049, "study_area": "Kuala Selangor", "dataset_version": "2.0.0", "geoai_model_version": "kmeans-k3-v1", "network_tiles": 2, "network_tests": 18, "avg_download_mbps": 326.33494444444443, "avg_upload_mbps": 34.917, "avg_latency_ms": 19.277777777777779, "network_data_present": true, "population": 853.5909491032362, "population_pixels": 144, "population_data_present": true, "school_count": 0, "hospital_count": 0, "clinic_count": 0, "doctor_count": 0, "healthcare_count": 0, "download_gap": 0.049450549450549497, "upload_gap": 0.12637362637362637, "latency_gap": 0.28021978021978022, "connectivity_gap_score": 15.201465201465203, "population_exposure": 0.55284552845528456, "school_exposure": 0.0, "healthcare_exposure": 0.0, "general_exposure": 0.55284552845528456, "education_exposure": 0.55284552845528456, "healthcare_exposure_mode": 0.55284552845528456, "score_general": 8.4040620625986495, "score_education": 8.4040620625986495, "score_healthcare": 8.4040620625986495, "priority_general": "Low", "priority_education": "Low", "priority_healthcare": "Low", "decision_general": "Lower relative priority", "decision_education": "Lower relative priority", "decision_healthcare": "Lower relative priority", "analysis_status": "Observed", "evidence_label": "Good", "evidence_strength_score": 54.670329670329664, "evidence_gap_exposure": 0.55284552845528456, "evidence_gap_rank": null, "validation_needed": false, "top5_general": false, "top5_education": false, "top5_healthcare": false, "top5_evidence_gap": false, "ai_cluster_id": 0.0, "ai_profile": "Strong-Connectivity Areas", "ai_profile_status": "GeoAI classified", "ai_profile_description": "Areas characterised by comparatively strong mobile download and upload performance, lower latency, moderate population exposure, and relatively few mapped essential-service facilities.", "ai_profile_interpretation": "Distinct recurring profile", "cluster_silhouette": 0.46486996667022368, "nearest_locality": "Sime Darby Plantation Ladang Sungai Buloh", "nearest_locality_type": "hamlet", "nearest_major_locality": "Bukit Rotan", "nearest_major_locality_type": "village", "nearest_locality_distance_km": 3.26, "nearest_major_locality_distance_km": 3.44, "locality_source": "OpenStreetMap / Geofabrik" }, "geometry": { "type": "Polygon", "coordinates": [ [ [ 101.321706555538242, 3.272391120401657 ], [ 101.321748301620914, 3.29047019966992 ], [ 101.339736284876778, 3.290427963615588 ], [ 101.339694216078655, 3.272349116894604 ], [ 101.321706555538242, 3.272391120401657 ] ] ] } },
{ "type": "Feature", "properties": { "cell_id": "KS_262", "cell_area_km2": 4.0, "center_lon": 101.34870904490829, "center_lat": 3.2813673596214219, "study_area": "Kuala Selangor", "dataset_version": "2.0.0", "geoai_model_version": "kmeans-k3-v1", "network_tiles": 6, "network_tests": 47, "avg_download_mbps": 115.5834255319149, "avg_upload_mbps": 16.077893617021278, "avg_latency_ms": 24.723404255319149, "network_data_present": true, "population": 2860.2527674359735, "population_pixels": 327, "population_data_present": true, "school_count": 0, "hospital_count": 0, "clinic_count": 0, "doctor_count": 0, "healthcare_count": 0, "download_gap": 0.46153846153846156, "upload_gap": 0.52747252747252749, "latency_gap": 0.60439560439560436, "connectivity_gap_score": 53.113553113553117, "population_exposure": 0.86991869918699183, "school_exposure": 0.0, "healthcare_exposure": 0.0, "general_exposure": 0.86991869918699183, "education_exposure": 0.86991869918699183, "healthcare_exposure_mode": 0.86991869918699183, "score_general": 46.204473033741323, "score_education": 46.204473033741323, "score_healthcare": 46.204473033741323, "priority_general": "High", "priority_education": "High", "priority_healthcare": "High", "decision_general": "High priority - supported", "decision_education": "High priority - supported", "decision_healthcare": "High priority - supported", "analysis_status": "Observed", "evidence_label": "Good", "evidence_strength_score": 74.175824175824175, "evidence_gap_exposure": 0.86991869918699183, "evidence_gap_rank": null, "validation_needed": false, "top5_general": false, "top5_education": false, "top5_healthcare": false, "top5_evidence_gap": false, "ai_cluster_id": 2.0, "ai_profile": "Connectivity-Constrained Areas", "ai_profile_status": "GeoAI classified", "ai_profile_description": "Areas characterised by comparatively lower download and upload performance, higher connectivity gaps, lower population density, and relatively few mapped essential-service facilities.", "ai_profile_interpretation": "Distinct recurring profile", "cluster_silhouette": -0.0059766033740780208, "nearest_locality": "Sime Darby Plantation Ladang Sungai Buloh", "nearest_locality_type": "hamlet", "nearest_major_locality": "Bukit Rotan", "nearest_major_locality_type": "village", "nearest_locality_distance_km": 3.05, "nearest_major_locality_distance_km": 4.72, "locality_source": "OpenStreetMap / Geofabrik" }, "geometry": { "type": "Polygon", "coordinates": [ [ [ 101.339694216078655, 3.272349116894604 ], [ 101.339736284876778, 3.290427963615588 ], [ 101.357724035085241, 3.290385402323925 ], [ 101.357681643592457, 3.272306789940924 ], [ 101.339694216078655, 3.272349116894604 ] ] ] } },
{ "type": "Feature", "properties": { "cell_id": "KS_263", "cell_area_km2": 4.0, "center_lon": 101.36669651635717, "center_lat": 3.2813247533366017, "study_area": "Kuala Selangor", "dataset_version": "2.0.0", "geoai_model_version": "kmeans-k3-v1", "network_tiles": 3, "network_tests": 97, "avg_download_mbps": 39.241762886597932, "avg_upload_mbps": 10.043164948453608, "avg_latency_ms": 29.329896907216494, "network_data_present": true, "population": 2817.892178004724, "population_pixels": 440, "population_data_present": true, "school_count": 1, "hospital_count": 0, "clinic_count": 0, "doctor_count": 0, "healthcare_count": 0, "download_gap": 0.73626373626373631, "upload_gap": 0.67032967032967039, "latency_gap": 0.81868131868131866, "connectivity_gap_score": 74.175824175824175, "population_exposure": 0.85365853658536583, "school_exposure": 0.30172413793103448, "healthcare_exposure": 0.0, "general_exposure": 0.85365853658536583, "education_exposure": 0.89781328847771236, "healthcare_exposure_mode": 0.85365853658536583, "score_general": 63.320825515947462, "score_education": 66.596040628841308, "score_healthcare": 63.320825515947462, "priority_general": "High", "priority_education": "High", "priority_healthcare": "High", "decision_general": "High priority - supported", "decision_education": "High priority - supported", "decision_healthcare": "High priority - supported", "analysis_status": "Observed", "evidence_label": "Strong", "evidence_strength_score": 87.912087912087912, "evidence_gap_exposure": 0.89781328847771236, "evidence_gap_rank": null, "validation_needed": false, "top5_general": true, "top5_education": true, "top5_healthcare": true, "top5_evidence_gap": false, "ai_cluster_id": 2.0, "ai_profile": "Connectivity-Constrained Areas", "ai_profile_status": "GeoAI classified", "ai_profile_description": "Areas characterised by comparatively lower download and upload performance, higher connectivity gaps, lower population density, and relatively few mapped essential-service facilities.", "ai_profile_interpretation": "Distinct recurring profile", "cluster_silhouette": 0.25915172280966209, "nearest_locality": "Sime Darby Plantation Ladang Sungai Buloh", "nearest_locality_type": "hamlet", "nearest_major_locality": "Bukit Rotan", "nearest_major_locality_type": "village", "nearest_locality_distance_km": 3.04, "nearest_major_locality_distance_km": 6.38, "locality_source": "OpenStreetMap / Geofabrik" }, "geometry": { "type": "Polygon", "coordinates": [ [ [ 101.357681643592457, 3.272306789940924 ], [ 101.357724035085241, 3.290385402323925 ], [ 101.375711550458746, 3.290342515815899 ], [ 101.375668836292206, 3.272264139561468 ], [ 101.357681643592457, 3.272306789940924 ] ] ] } },
{ "type": "Feature", "properties": { "cell_id": "KS_264", "cell_area_km2": 4.0, "center_lon": 101.38468375208784, "center_lat": 3.2812818227412337, "study_area": "Kuala Selangor", "dataset_version": "2.0.0", "geoai_model_version": "kmeans-k3-v1", "network_tiles": 3, "network_tests": 6, "avg_download_mbps": 46.586833333333338, "avg_upload_mbps": 6.0558333333333332, "avg_latency_ms": 25.5, "network_data_present": true, "population": 969.5085639951285, "population_pixels": 321, "population_data_present": true, "school_count": 1, "hospital_count": 0, "clinic_count": 0, "doctor_count": 0, "healthcare_count": 0, "download_gap": 0.68681318681318682, "upload_gap": 0.75274725274725274, "latency_gap": 0.66208791208791207, "connectivity_gap_score": 70.054945054945065, "population_exposure": 0.59756097560975607, "school_exposure": 0.30172413793103448, "healthcare_exposure": 0.0, "general_exposure": 0.59756097560975607, "education_exposure": 0.71898654331370904, "healthcare_exposure_mode": 0.59756097560975607, "score_general": 41.862101313320828, "score_education": 50.368562787086766, "score_healthcare": 41.862101313320828, "priority_general": "High", "priority_education": "High", "priority_healthcare": "High", "decision_general": "High priority - validate evidence", "decision_education": "High priority - validate evidence", "decision_healthcare": "High priority - validate evidence", "analysis_status": "Observed", "evidence_label": "Moderate", "evidence_strength_score": 28.571428571428569, "evidence_gap_exposure": 0.71898654331370904, "evidence_gap_rank": null, "validation_needed": true, "top5_general": false, "top5_education": false, "top5_healthcare": false, "top5_evidence_gap": false, "ai_cluster_id": 2.0, "ai_profile": "Connectivity-Constrained Areas", "ai_profile_status": "GeoAI classified", "ai_profile_description": "Areas characterised by comparatively lower download and upload performance, higher connectivity gaps, lower population density, and relatively few mapped essential-service facilities.", "ai_profile_interpretation": "Distinct recurring profile", "cluster_silhouette": 0.3858856502910803, "nearest_locality": "Kampung Ijok", "nearest_locality_type": "hamlet", "nearest_major_locality": "Ijok", "nearest_major_locality_type": "town", "nearest_locality_distance_km": 3.87, "nearest_major_locality_distance_km": 5.06, "locality_source": "OpenStreetMap / Geofabrik" }, "geometry": { "type": "Polygon", "coordinates": [ [ [ 101.375668836292206, 3.272264139561468 ], [ 101.375711550458746, 3.290342515815899 ], [ 101.393698829209782, 3.290299304112635 ], [ 101.393655792390604, 3.272221165777244 ], [ 101.375668836292206, 3.272264139561468 ] ] ] } },
{ "type": "Feature", "properties": { "cell_id": "KS_265", "cell_area_km2": 4.0, "center_lon": 101.40267075031298, "center_lat": 3.2812385678564646, "study_area": "Kuala Selangor", "dataset_version": "2.0.0", "geoai_model_version": "kmeans-k3-v1", "network_tiles": 2, "network_tests": 2, "avg_download_mbps": 396.8305, "avg_upload_mbps": 42.5185, "avg_latency_ms": 25.5, "network_data_present": true, "population": 297.58506286889315, "population_pixels": 138, "population_data_present": true, "school_count": 0, "hospital_count": 0, "clinic_count": 0, "doctor_count": 0, "healthcare_count": 0, "download_gap": 0.021978021978022011, "upload_gap": 0.065934065934065922, "latency_gap": 0.66208791208791207, "connectivity_gap_score": 25.0, "population_exposure": 0.35365853658536583, "school_exposure": 0.0, "healthcare_exposure": 0.0, "general_exposure": 0.35365853658536583, "education_exposure": 0.35365853658536583, "healthcare_exposure_mode": 0.35365853658536583, "score_general": 8.8414634146341466, "score_education": 8.8414634146341466, "score_healthcare": 8.8414634146341466, "priority_general": "Low", "priority_education": "Low", "priority_healthcare": "Low", "decision_general": "Lower relative priority", "decision_education": "Lower relative priority", "decision_healthcare": "Lower relative priority", "analysis_status": "Observed", "evidence_label": "Limited", "evidence_strength_score": 14.560439560439562, "evidence_gap_exposure": 0.35365853658536583, "evidence_gap_rank": null, "validation_needed": false, "top5_general": false, "top5_education": false, "top5_healthcare": false, "top5_evidence_gap": false, "ai_cluster_id": 0.0, "ai_profile": "Strong-Connectivity Areas", "ai_profile_status": "GeoAI classified", "ai_profile_description": "Areas characterised by comparatively strong mobile download and upload performance, lower latency, moderate population exposure, and relatively few mapped essential-service facilities.", "ai_profile_interpretation": "Distinct recurring profile", "cluster_silhouette": 0.37874763247534848, "nearest_locality": "Kampung Ijok", "nearest_locality_type": "hamlet", "nearest_major_locality": "Ijok", "nearest_major_locality_type": "town", "nearest_locality_distance_km": 3.42, "nearest_major_locality_distance_km": 3.93, "locality_source": "OpenStreetMap / Geofabrik" }, "geometry": { "type": "Polygon", "coordinates": [ [ [ 101.393655792390604, 3.272221165777244 ], [ 101.393698829209782, 3.290299304112635 ], [ 101.411685869551036, 3.290255767235419 ], [ 101.411642510100449, 3.272177868609423 ], [ 101.393655792390604, 3.272221165777244 ] ] ] } },
{ "type": "Feature", "properties": { "cell_id": "KS_266", "cell_area_km2": 4.0, "center_lon": 101.42065750924536, "center_lat": 3.2811949887036005, "study_area": "Kuala Selangor", "dataset_version": "2.0.0", "geoai_model_version": "kmeans-k3-v1", "network_tiles": 3, "network_tests": 3, "avg_download_mbps": 26.793333333333333, "avg_upload_mbps": 16.053, "avg_latency_ms": 21.666666666666668, "network_data_present": true, "population": 68.308736742474139, "population_pixels": 111, "population_data_present": true, "school_count": 0, "hospital_count": 0, "clinic_count": 0, "doctor_count": 0, "healthcare_count": 0, "download_gap": 0.81868131868131866, "upload_gap": 0.53296703296703296, "latency_gap": 0.43406593406593408, "connectivity_gap_score": 59.523809523809526, "population_exposure": 0.18292682926829268, "school_exposure": 0.0, "healthcare_exposure": 0.0, "general_exposure": 0.18292682926829268, "education_exposure": 0.18292682926829262, "healthcare_exposure_mode": 0.18292682926829262, "score_general": 10.888501742160278, "score_education": 10.888501742160276, "score_healthcare": 10.888501742160276, "priority_general": "Low", "priority_education": "Low", "priority_healthcare": "Low", "decision_general": "Lower relative priority", "decision_education": "Lower relative priority", "decision_healthcare": "Lower relative priority", "analysis_status": "Observed", "evidence_label": "Limited", "evidence_strength_score": 20.054945054945055, "evidence_gap_exposure": 0.18292682926829268, "evidence_gap_rank": null, "validation_needed": false, "top5_general": false, "top5_education": false, "top5_healthcare": false, "top5_evidence_gap": false, "ai_cluster_id": 2.0, "ai_profile": "Connectivity-Constrained Areas", "ai_profile_status": "GeoAI classified", "ai_profile_description": "Areas characterised by comparatively lower download and upload performance, higher connectivity gaps, lower population density, and relatively few mapped essential-service facilities.", "ai_profile_interpretation": "Distinct recurring profile", "cluster_silhouette": 0.37358115651792184, "nearest_locality": "Ijok", "nearest_locality_type": "town", "nearest_major_locality": "Ijok", "nearest_major_locality_type": "town", "nearest_locality_distance_km": 3.65, "nearest_major_locality_distance_km": 3.65, "locality_source": "OpenStreetMap / Geofabrik" }, "geometry": { "type": "Polygon", "coordinates": [ [ [ 101.411642510100449, 3.272177868609423 ], [ 101.411685869551036, 3.290255767235419 ], [ 101.429672669695279, 3.290211905205696 ], [ 101.429628987634658, 3.272134248079329 ], [ 101.411642510100449, 3.272177868609423 ] ] ] } },
{ "type": "Feature", "properties": { "cell_id": "KS_267", "cell_area_km2": 4.0, "center_lon": 101.43864402709791, "center_lat": 3.2811510853041068, "study_area": "Kuala Selangor", "dataset_version": "2.0.0", "geoai_model_version": "kmeans-k3-v1", "network_tiles": 2, "network_tests": 5, "avg_download_mbps": 86.828, "avg_upload_mbps": 9.589, "avg_latency_ms": 18.6, "network_data_present": true, "population": 424.01635792665184, "population_pixels": 201, "population_data_present": true, "school_count": 0, "hospital_count": 0, "clinic_count": 0, "doctor_count": 0, "healthcare_count": 0, "download_gap": 0.51648351648351642, "upload_gap": 0.67582417582417587, "latency_gap": 0.21978021978021978, "connectivity_gap_score": 47.069597069597066, "population_exposure": 0.4065040650406504, "school_exposure": 0.0, "healthcare_exposure": 0.0, "general_exposure": 0.4065040650406504, "education_exposure": 0.4065040650406504, "healthcare_exposure_mode": 0.4065040650406504, "score_general": 19.133982548616693, "score_education": 19.133982548616693, "score_healthcare": 19.133982548616693, "priority_general": "Medium", "priority_education": "Medium", "priority_healthcare": "Medium", "decision_general": "Monitor / investigate", "decision_education": "Monitor / investigate", "decision_healthcare": "Monitor / investigate", "analysis_status": "Observed", "evidence_label": "Moderate", "evidence_strength_score": 25.824175824175828, "evidence_gap_exposure": 0.4065040650406504, "evidence_gap_rank": null, "validation_needed": false, "top5_general": false, "top5_education": false, "top5_healthcare": false, "top5_evidence_gap": false, "ai_cluster_id": 2.0, "ai_profile": "Connectivity-Constrained Areas", "ai_profile_status": "GeoAI classified", "ai_profile_description": "Areas characterised by comparatively lower download and upload performance, higher connectivity gaps, lower population density, and relatively few mapped essential-service facilities.", "ai_profile_interpretation": "Distinct recurring profile", "cluster_silhouette": 0.36337107584394696, "nearest_locality": "Kampung Harmoni", "nearest_locality_type": "village", "nearest_major_locality": "Kampung Harmoni", "nearest_major_locality_type": "village", "nearest_locality_distance_km": 4.24, "nearest_major_locality_distance_km": 4.24, "locality_source": "OpenStreetMap / Geofabrik" }, "geometry": { "type": "Polygon", "coordinates": [ [ [ 101.429628987634658, 3.272134248079329 ], [ 101.429672669695279, 3.290211905205696 ], [ 101.447659227855382, 3.290167718045071 ], [ 101.447615223206313, 3.272090304208448 ], [ 101.429628987634658, 3.272134248079329 ] ] ] } },
{ "type": "Feature", "properties": { "cell_id": "KS_268", "cell_area_km2": 0.34989959798615822, "center_lon": 101.48812844317139, "center_lat": 3.2735513793187612, "study_area": "Kuala Selangor", "dataset_version": "2.0.0", "geoai_model_version": "kmeans-k3-v1", "network_tiles": 1, "network_tests": 130, "avg_download_mbps": 97.766, "avg_upload_mbps": 23.16, "avg_latency_ms": 22.0, "network_data_present": true, "population": 40.4003023840487, "population_pixels": 24, "population_data_present": true, "school_count": 0, "hospital_count": 0, "clinic_count": 0, "doctor_count": 0, "healthcare_count": 0, "download_gap": 0.50549450549450547, "upload_gap": 0.40109890109890112, "latency_gap": 0.46978021978021978, "connectivity_gap_score": 45.879120879120876, "population_exposure": 0.11382113821138211, "school_exposure": 0.0, "healthcare_exposure": 0.0, "general_exposure": 0.11382113821138211, "education_exposure": 0.11382113821138207, "healthcare_exposure_mode": 0.11382113821138207, "score_general": 5.2220137585991244, "score_education": 5.2220137585991218, "score_healthcare": 5.2220137585991218, "priority_general": "Low", "priority_education": "Low", "priority_healthcare": "Low", "decision_general": "Lower relative priority", "decision_education": "Lower relative priority", "decision_healthcare": "Lower relative priority", "analysis_status": "Observed", "evidence_label": "Strong", "evidence_strength_score": 91.208791208791212, "evidence_gap_exposure": 0.11382113821138211, "evidence_gap_rank": null, "validation_needed": false, "top5_general": false, "top5_education": false, "top5_healthcare": false, "top5_evidence_gap": false, "ai_cluster_id": 2.0, "ai_profile": "Connectivity-Constrained Areas", "ai_profile_status": "GeoAI classified", "ai_profile_description": "Areas characterised by comparatively lower download and upload performance, higher connectivity gaps, lower population density, and relatively few mapped essential-service facilities.", "ai_profile_interpretation": "Distinct recurring profile", "cluster_silhouette": 0.21354643714078722, "nearest_locality": "Bandar Seri Coalfields", "nearest_locality_type": "suburb", "nearest_major_locality": "Bandar Seri Coalfields", "nearest_major_locality_type": "suburb", "nearest_locality_distance_km": 3.33, "nearest_major_locality_distance_km": 3.33, "locality_source": "OpenStreetMap / Geofabrik" }, "geometry": { "type": "Polygon", "coordinates": [ [ [ 101.483586961314685, 3.272001446531057 ], [ 101.483594656122278, 3.275123924682378 ], [ 101.492685676000065, 3.275123883000049 ], [ 101.492646731836871, 3.27197886276662 ], [ 101.483586961314685, 3.272001446531057 ] ] ] } },
{ "type": "Feature", "properties": { "cell_id": "KS_269", "cell_area_km2": 0.7912223380620298, "center_lon": 101.47459792363911, "center_lat": 3.2735736592881293, "study_area": "Kuala Selangor", "dataset_version": "2.0.0", "geoai_model_version": "kmeans-k3-v1", "network_tiles": 4, "network_tests": 36, "avg_download_mbps": 67.884833333333333, "avg_upload_mbps": 18.124666666666666, "avg_latency_ms": 23.111111111111111, "network_data_present": true, "population": 127.43294479697943, "population_pixels": 67, "population_data_present": true, "school_count": 0, "hospital_count": 0, "clinic_count": 0, "doctor_count": 0, "healthcare_count": 0, "download_gap": 0.60439560439560447, "upload_gap": 0.51098901098901095, "latency_gap": 0.53846153846153844, "connectivity_gap_score": 55.128205128205124, "population_exposure": 0.25203252032520324, "school_exposure": 0.0, "healthcare_exposure": 0.0, "general_exposure": 0.25203252032520324, "education_exposure": 0.25203252032520318, "healthcare_exposure_mode": 0.25203252032520318, "score_general": 13.894100479466331, "score_education": 13.894100479466328, "score_healthcare": 13.894100479466328, "priority_general": "Low", "priority_education": "Low", "priority_healthcare": "Low", "decision_general": "Lower relative priority", "decision_education": "Lower relative priority", "decision_healthcare": "Lower relative priority", "analysis_status": "Observed", "evidence_label": "Good", "evidence_strength_score": 68.681318681318686, "evidence_gap_exposure": 0.25203252032520324, "evidence_gap_rank": null, "validation_needed": false, "top5_general": false, "top5_education": false, "top5_healthcare": false, "top5_evidence_gap": false, "ai_cluster_id": 2.0, "ai_profile": "Connectivity-Constrained Areas", "ai_profile_status": "GeoAI classified", "ai_profile_description": "Areas characterised by comparatively lower download and upload performance, higher connectivity gaps, lower population density, and relatively few mapped essential-service facilities.", "ai_profile_interpretation": "Distinct recurring profile", "cluster_silhouette": 0.33392828468118985, "nearest_locality": "Kampung Seri Sentosa", "nearest_locality_type": "hamlet", "nearest_major_locality": "Bandar Seri Coalfields", "nearest_major_locality_type": "suburb", "nearest_locality_distance_km": 2.95, "nearest_major_locality_distance_km": 3.4, "locality_source": "OpenStreetMap / Geofabrik" }, "geometry": { "type": "Polygon", "coordinates": [ [ [ 101.483586961314685, 3.272001446531057 ], [ 101.465601215028556, 3.272046037018423 ], [ 101.465613476279529, 3.27705635335781 ], [ 101.474462031000087, 3.275123883000049 ], [ 101.483594656122278, 3.275123924682378 ], [ 101.483586961314685, 3.272001446531057 ] ] ] } },
{ "type": "Feature", "properties": { "cell_id": "KS_270", "cell_area_km2": 2.9397126981480866, "center_lon": 101.29670222365571, "center_lat": 3.2646416488409464, "study_area": "Kuala Selangor", "dataset_version": "2.0.0", "geoai_model_version": "kmeans-k3-v1", "network_tiles": 5, "network_tests": 39, "avg_download_mbps": 197.27507692307694, "avg_upload_mbps": 31.325153846153846, "avg_latency_ms": 16.794871794871796, "network_data_present": true, "population": 1480.76024801936, "population_pixels": 222, "population_data_present": true, "school_count": 0, "hospital_count": 0, "clinic_count": 0, "doctor_count": 0, "healthcare_count": 0, "download_gap": 0.19780219780219777, "upload_gap": 0.17582417582417587, "latency_gap": 0.10989010989010989, "connectivity_gap_score": 16.117216117216117, "population_exposure": 0.71138211382113825, "school_exposure": 0.0, "healthcare_exposure": 0.0, "general_exposure": 0.71138211382113825, "education_exposure": 0.71138211382113825, "healthcare_exposure_mode": 0.71138211382113825, "score_general": 11.46549927037732, "score_education": 11.46549927037732, "score_healthcare": 11.46549927037732, "priority_general": "Low", "priority_education": "Low", "priority_healthcare": "Low", "decision_general": "Lower relative priority", "decision_education": "Lower relative priority", "decision_healthcare": "Lower relative priority", "analysis_status": "Observed", "evidence_label": "Good", "evidence_strength_score": 70.879120879120876, "evidence_gap_exposure": 0.71138211382113825, "evidence_gap_rank": null, "validation_needed": false, "top5_general": false, "top5_education": false, "top5_healthcare": false, "top5_evidence_gap": false, "ai_cluster_id": 0.0, "ai_profile": "Strong-Connectivity Areas", "ai_profile_status": "GeoAI classified", "ai_profile_description": "Areas characterised by comparatively strong mobile download and upload performance, lower latency, moderate population exposure, and relatively few mapped essential-service facilities.", "ai_profile_interpretation": "Distinct recurring profile", "cluster_silhouette": 0.44149907881996525, "nearest_locality": "Kampung Pasir Tuntong", "nearest_locality_type": "hamlet", "nearest_major_locality": "Sasaran", "nearest_major_locality_type": "village", "nearest_locality_distance_km": 1.07, "nearest_major_locality_distance_km": 1.24, "locality_source": "OpenStreetMap / Geofabrik" }, "geometry": { "type": "Polygon", "coordinates": [ [ [ 101.30371866375873, 3.272432800441393 ], [ 101.30367746986353, 3.25435348336627 ], [ 101.296310408880487, 3.25437036649316 ], [ 101.29231855900008, 3.260016351000047 ], [ 101.28708855900004, 3.26929904000002 ], [ 101.28572755704856, 3.27115697482456 ], [ 101.284761047524739, 3.272476376760112 ], [ 101.285730542527773, 3.272474156993277 ], [ 101.30371866375873, 3.272432800441393 ] ] ] } },
{ "type": "Feature", "properties": { "cell_id": "KS_271", "cell_area_km2": 4.0, "center_lon": 101.31269193246379, "center_lat": 3.2633724007732434, "study_area": "Kuala Selangor", "dataset_version": "2.0.0", "geoai_model_version": "kmeans-k3-v1", "network_tiles": 3, "network_tests": 50, "avg_download_mbps": 363.41638, "avg_upload_mbps": 57.19816, "avg_latency_ms": 15.44, "network_data_present": true, "population": 3907.9271773686633, "population_pixels": 236, "population_data_present": true, "school_count": 1, "hospital_count": 0, "clinic_count": 1, "doctor_count": 0, "healthcare_count": 1, "download_gap": 0.032967032967032961, "upload_gap": 0.021978021978022011, "latency_gap": 0.038461538461538464, "connectivity_gap_score": 3.1135531135531145, "population_exposure": 0.94308943089430897, "school_exposure": 0.30172413793103448, "healthcare_exposure": 0.26785714285714285, "general_exposure": 0.94308943089430897, "education_exposure": 0.96026072329688816, "healthcare_exposure_mode": 0.95833333333333337, "score_general": 2.9363590339200107, "score_education": 2.9898227648437921, "score_healthcare": 2.9838217338217352, "priority_general": "Low", "priority_education": "Low", "priority_healthcare": "Low", "decision_general": "Lower relative priority", "decision_education": "Lower relative priority", "decision_healthcare": "Lower relative priority", "analysis_status": "Observed", "evidence_label": "Strong", "evidence_strength_score": 75.0, "evidence_gap_exposure": 0.97090517241379315, "evidence_gap_rank": null, "validation_needed": false, "top5_general": false, "top5_education": false, "top5_healthcare": false, "top5_evidence_gap": false, "ai_cluster_id": 0.0, "ai_profile": "Strong-Connectivity Areas", "ai_profile_status": "GeoAI classified", "ai_profile_description": "Areas characterised by comparatively strong mobile download and upload performance, lower latency, moderate population exposure, and relatively few mapped essential-service facilities.", "ai_profile_interpretation": "Distinct recurring profile", "cluster_silhouette": 0.36911631291941077, "nearest_locality": "Kuala Sungai Buloh", "nearest_locality_type": "hamlet", "nearest_major_locality": "Sasaran", "nearest_major_locality_type": "village", "nearest_locality_distance_km": 0.75, "nearest_major_locality_distance_km": 0.86, "locality_source": "OpenStreetMap / Geofabrik" }, "geometry": { "type": "Polygon", "coordinates": [ [ [ 101.30367746986353, 3.25435348336627 ], [ 101.30371866375873, 3.272432800441393 ], [ 101.321706555538242, 3.272391120401657 ], [ 101.321665040694654, 3.25431203407509 ], [ 101.30367746986353, 3.25435348336627 ] ] ] } },
{ "type": "Feature", "properties": { "cell_id": "KS_272", "cell_area_km2": 4.0, "center_lon": 101.33067954815469, "center_lat": 3.263330674820236, "study_area": "Kuala Selangor", "dataset_version": "2.0.0", "geoai_model_version": "kmeans-k3-v1", "network_tiles": 3, "network_tests": 14, "avg_download_mbps": 113.3405, "avg_upload_mbps": 12.68807142857143, "avg_latency_ms": 20.642857142857142, "network_data_present": true, "population": 1327.7329491833225, "population_pixels": 179, "population_data_present": true, "school_count": 0, "hospital_count": 0, "clinic_count": 0, "doctor_count": 0, "healthcare_count": 0, "download_gap": 0.46703296703296704, "upload_gap": 0.62087912087912089, "latency_gap": 0.36813186813186816, "connectivity_gap_score": 48.53479853479854, "population_exposure": 0.67073170731707321, "school_exposure": 0.0, "healthcare_exposure": 0.0, "general_exposure": 0.67073170731707321, "education_exposure": 0.67073170731707321, "healthcare_exposure_mode": 0.67073170731707321, "score_general": 32.553828285535609, "score_education": 32.553828285535609, "score_healthcare": 32.553828285535609, "priority_general": "Medium", "priority_education": "Medium", "priority_healthcare": "Medium", "decision_general": "Monitor / investigate", "decision_education": "Monitor / investigate", "decision_healthcare": "Monitor / investigate", "analysis_status": "Observed", "evidence_label": "Moderate", "evidence_strength_score": 47.527472527472526, "evidence_gap_exposure": 0.67073170731707321, "evidence_gap_rank": null, "validation_needed": false, "top5_general": false, "top5_education": false, "top5_healthcare": false, "top5_evidence_gap": false, "ai_cluster_id": 2.0, "ai_profile": "Connectivity-Constrained Areas", "ai_profile_status": "GeoAI classified", "ai_profile_description": "Areas characterised by comparatively lower download and upload performance, higher connectivity gaps, lower population density, and relatively few mapped essential-service facilities.", "ai_profile_interpretation": "Distinct recurring profile", "cluster_silhouette": 0.15252076684839172, "nearest_locality": "Kuala Sungai Buloh", "nearest_locality_type": "hamlet", "nearest_major_locality": "Sasaran", "nearest_major_locality_type": "village", "nearest_locality_distance_km": 2.07, "nearest_major_locality_distance_km": 2.75, "locality_source": "OpenStreetMap / Geofabrik" }, "geometry": { "type": "Polygon", "coordinates": [ [ [ 101.321665040694654, 3.25431203407509 ], [ 101.321706555538242, 3.272391120401657 ], [ 101.339694216078655, 3.272349116894604 ], [ 101.3396523803072, 3.25427026310735 ], [ 101.321665040694654, 3.25431203407509 ] ] ] } },
{ "type": "Feature", "properties": { "cell_id": "KS_273", "cell_area_km2": 4.0, "center_lon": 101.34866693172302, "center_lat": 3.2632886263055947, "study_area": "Kuala Selangor", "dataset_version": "2.0.0", "geoai_model_version": "kmeans-k3-v1", "network_tiles": 12, "network_tests": 79, "avg_download_mbps": 186.41362025316457, "avg_upload_mbps": 26.989632911392405, "avg_latency_ms": 20.49367088607595, "network_data_present": true, "population": 3814.1191895157099, "population_pixels": 442, "population_data_present": true, "school_count": 1, "hospital_count": 0, "clinic_count": 1, "doctor_count": 0, "healthcare_count": 1, "download_gap": 0.24175824175824179, "upload_gap": 0.29670329670329665, "latency_gap": 0.35714285714285715, "connectivity_gap_score": 29.853479853479854, "population_exposure": 0.93495934959349591, "school_exposure": 0.30172413793103448, "healthcare_exposure": 0.26785714285714285, "general_exposure": 0.93495934959349591, "education_exposure": 0.95458368376787217, "healthcare_exposure_mode": 0.95238095238095233, "score_general": 27.911790106912054, "score_education": 28.497644771824753, "score_healthcare": 28.431885574742715, "priority_general": "Medium", "priority_education": "Medium", "priority_healthcare": "Medium", "decision_general": "Monitor / investigate", "decision_education": "Monitor / investigate", "decision_healthcare": "Monitor / investigate", "analysis_status": "Observed", "evidence_label": "Strong", "evidence_strength_score": 84.890109890109883, "evidence_gap_exposure": 0.96674876847290636, "evidence_gap_rank": null, "validation_needed": false, "top5_general": false, "top5_education": false, "top5_healthcare": false, "top5_evidence_gap": false, "ai_cluster_id": 0.0, "ai_profile": "Strong-Connectivity Areas", "ai_profile_status": "GeoAI classified", "ai_profile_description": "Areas characterised by comparatively strong mobile download and upload performance, lower latency, moderate population exposure, and relatively few mapped essential-service facilities.", "ai_profile_interpretation": "Distinct recurring profile", "cluster_silhouette": 0.35611014890333365, "nearest_locality": "Kuala Sungai Buloh", "nearest_locality_type": "hamlet", "nearest_major_locality": "Sasaran", "nearest_major_locality_type": "village", "nearest_locality_distance_km": 4.0, "nearest_major_locality_distance_km": 4.73, "locality_source": "OpenStreetMap / Geofabrik" }, "geometry": { "type": "Polygon", "coordinates": [ [ [ 101.3396523803072, 3.25427026310735 ], [ 101.339694216078655, 3.272349116894604 ], [ 101.357681643592457, 3.272306789940924 ], [ 101.357639486913754, 3.254228170483626 ], [ 101.3396523803072, 3.25427026310735 ] ] ] } },
{ "type": "Feature", "properties": { "cell_id": "KS_274", "cell_area_km2": 4.0, "center_lon": 101.36665408138138, "center_lat": 3.2632462552500314, "study_area": "Kuala Selangor", "dataset_version": "2.0.0", "geoai_model_version": "kmeans-k3-v1", "network_tiles": 8, "network_tests": 53, "avg_download_mbps": 70.436283018867925, "avg_upload_mbps": 12.727415094339623, "avg_latency_ms": 21.622641509433961, "network_data_present": true, "population": 3220.3828484471887, "population_pixels": 483, "population_data_present": true, "school_count": 0, "hospital_count": 0, "clinic_count": 0, "doctor_count": 0, "healthcare_count": 0, "download_gap": 0.58791208791208793, "upload_gap": 0.61538461538461542, "latency_gap": 0.42857142857142855, "connectivity_gap_score": 54.395604395604401, "population_exposure": 0.9065040650406504, "school_exposure": 0.0, "healthcare_exposure": 0.0, "general_exposure": 0.9065040650406504, "education_exposure": 0.9065040650406504, "healthcare_exposure_mode": 0.9065040650406504, "score_general": 49.309836504958461, "score_education": 49.309836504958461, "score_healthcare": 49.309836504958461, "priority_general": "High", "priority_education": "High", "priority_healthcare": "High", "decision_general": "High priority - supported", "decision_education": "High priority - supported", "decision_healthcare": "High priority - supported", "analysis_status": "Observed", "evidence_label": "Strong", "evidence_strength_score": 76.098901098901095, "evidence_gap_exposure": 0.9065040650406504, "evidence_gap_rank": null, "validation_needed": false, "top5_general": false, "top5_education": false, "top5_healthcare": false, "top5_evidence_gap": false, "ai_cluster_id": 2.0, "ai_profile": "Connectivity-Constrained Areas", "ai_profile_status": "GeoAI classified", "ai_profile_description": "Areas characterised by comparatively lower download and upload performance, higher connectivity gaps, lower population density, and relatively few mapped essential-service facilities.", "ai_profile_interpretation": "Distinct recurring profile", "cluster_silhouette": 0.15754809050504623, "nearest_locality": "Simpang Tiga", "nearest_locality_type": "hamlet", "nearest_major_locality": "Sasaran", "nearest_major_locality_type": "village", "nearest_locality_distance_km": 4.92, "nearest_major_locality_distance_km": 6.73, "locality_source": "OpenStreetMap / Geofabrik" }, "geometry": { "type": "Polygon", "coordinates": [ [ [ 101.357639486913754, 3.254228170483626 ], [ 101.357681643592457, 3.272306789940924 ], [ 101.375668836292206, 3.272264139561468 ], [ 101.375626358727061, 3.254185756224652 ], [ 101.357639486913754, 3.254228170483626 ] ] ] } },
{ "type": "Feature", "properties": { "cell_id": "KS_275", "cell_area_km2": 4.0, "center_lon": 101.38464099534247, "center_lat": 3.2632035616744197, "study_area": "Kuala Selangor", "dataset_version": "2.0.0", "geoai_model_version": "kmeans-k3-v1", "network_tiles": 3, "network_tests": 4, "avg_download_mbps": 17.4215, "avg_upload_mbps": 4.02125, "avg_latency_ms": 39.25, "network_data_present": true, "population": 1339.3885349633638, "population_pixels": 284, "population_data_present": true, "school_count": 0, "hospital_count": 0, "clinic_count": 0, "doctor_count": 0, "healthcare_count": 0, "download_gap": 0.88461538461538458, "upload_gap": 0.81318681318681318, "latency_gap": 0.90659340659340659, "connectivity_gap_score": 86.813186813186817, "population_exposure": 0.67479674796747968, "school_exposure": 0.0, "healthcare_exposure": 0.0, "general_exposure": 0.67479674796747968, "education_exposure": 0.67479674796747968, "healthcare_exposure_mode": 0.67479674796747968, "score_general": 58.581256142231751, "score_education": 58.581256142231751, "score_healthcare": 58.581256142231751, "priority_general": "High", "priority_education": "High", "priority_healthcare": "High", "decision_general": "High priority - validate evidence", "decision_education": "High priority - validate evidence", "decision_healthcare": "High priority - validate evidence", "analysis_status": "Observed", "evidence_label": "Limited", "evidence_strength_score": 23.626373626373624, "evidence_gap_exposure": 0.67479674796747968, "evidence_gap_rank": null, "validation_needed": true, "top5_general": false, "top5_education": false, "top5_healthcare": false, "top5_evidence_gap": false, "ai_cluster_id": 2.0, "ai_profile": "Connectivity-Constrained Areas", "ai_profile_status": "GeoAI classified", "ai_profile_description": "Areas characterised by comparatively lower download and upload performance, higher connectivity gaps, lower population density, and relatively few mapped essential-service facilities.", "ai_profile_interpretation": "Distinct recurring profile", "cluster_silhouette": 0.43920732392274181, "nearest_locality": "Puncak Alam", "nearest_locality_type": "town", "nearest_major_locality": "Puncak Alam", "nearest_major_locality_type": "town", "nearest_locality_distance_km": 5.59, "nearest_major_locality_distance_km": 5.59, "locality_source": "OpenStreetMap / Geofabrik" }, "geometry": { "type": "Polygon", "coordinates": [ [ [ 101.375626358727061, 3.254185756224652 ], [ 101.375668836292206, 3.272264139561468 ], [ 101.393655792390604, 3.272221165777244 ], [ 101.393612993959991, 3.254143020351322 ], [ 101.375626358727061, 3.254185756224652 ] ] ] } },
{ "type": "Feature", "properties": { "cell_id": "KS_276", "cell_area_km2": 4.0, "center_lon": 101.40262767181913, "center_lat": 3.2631605455997876, "study_area": "Kuala Selangor", "dataset_version": "2.0.0", "geoai_model_version": "kmeans-k3-v1", "network_tiles": 0, "network_tests": 0, "avg_download_mbps": null, "avg_upload_mbps": null, "avg_latency_ms": null, "network_data_present": false, "population": 203.11550054699183, "population_pixels": 87, "population_data_present": true, "school_count": 0, "hospital_count": 0, "clinic_count": 0, "doctor_count": 0, "healthcare_count": 0, "download_gap": null, "upload_gap": null, "latency_gap": null, "connectivity_gap_score": null, "population_exposure": 0.30081300813008133, "school_exposure": 0.0, "healthcare_exposure": 0.0, "general_exposure": 0.30081300813008133, "education_exposure": 0.30081300813008127, "healthcare_exposure_mode": 0.30081300813008127, "score_general": null, "score_education": null, "score_healthcare": null, "priority_general": "Evidence Gap", "priority_education": "Evidence Gap", "priority_healthcare": "Evidence Gap", "decision_general": "Evidence Gap", "decision_education": "Evidence Gap", "decision_healthcare": "Evidence Gap", "analysis_status": "Evidence Gap", "evidence_label": "Evidence Gap", "evidence_strength_score": null, "evidence_gap_exposure": 0.30081300813008133, "evidence_gap_rank": 19.0, "validation_needed": false, "top5_general": false, "top5_education": false, "top5_healthcare": false, "top5_evidence_gap": false, "ai_cluster_id": null, "ai_profile": "Unclassified - Evidence Gap", "ai_profile_status": "Unclassified - insufficient connectivity observations", "ai_profile_description": "Insufficient observed connectivity data for GeoAI profiling.", "ai_profile_interpretation": "Not classified", "cluster_silhouette": null, "nearest_locality": "Puncak Alam", "nearest_locality_type": "town", "nearest_major_locality": "Puncak Alam", "nearest_major_locality_type": "town", "nearest_locality_distance_km": 4.11, "nearest_major_locality_distance_km": 4.11, "locality_source": "OpenStreetMap / Geofabrik" }, "geometry": { "type": "Polygon", "coordinates": [ [ [ 101.393612993959991, 3.254143020351322 ], [ 101.393655792390604, 3.272221165777244 ], [ 101.411642510100449, 3.272177868609423 ], [ 101.411599390825486, 3.254099962884686 ], [ 101.393612993959991, 3.254143020351322 ] ] ] } },
{ "type": "Feature", "properties": { "cell_id": "KS_277", "cell_area_km2": 4.0, "center_lon": 101.42061410902431, "center_lat": 3.2631172070473244, "study_area": "Kuala Selangor", "dataset_version": "2.0.0", "geoai_model_version": "kmeans-k3-v1", "network_tiles": 1, "network_tests": 1, "avg_download_mbps": 27.741, "avg_upload_mbps": 2.773, "avg_latency_ms": 18.0, "network_data_present": true, "population": 20.8874766305089, "population_pixels": 23, "population_data_present": true, "school_count": 0, "hospital_count": 0, "clinic_count": 0, "doctor_count": 0, "healthcare_count": 0, "download_gap": 0.80219780219780223, "upload_gap": 0.86263736263736268, "latency_gap": 0.17582417582417584, "connectivity_gap_score": 61.355311355311358, "population_exposure": 0.081300813008130079, "school_exposure": 0.0, "healthcare_exposure": 0.0, "general_exposure": 0.081300813008130079, "education_exposure": 0.081300813008130079, "healthcare_exposure_mode": 0.081300813008130079, "score_general": 4.9882366955537689, "score_education": 4.9882366955537689, "score_healthcare": 4.9882366955537689, "priority_general": "Low", "priority_education": "Low", "priority_healthcare": "Low", "decision_general": "Lower relative priority", "decision_education": "Lower relative priority", "decision_healthcare": "Lower relative priority", "analysis_status": "Observed", "evidence_label": "Limited", "evidence_strength_score": 5.7692307692307692, "evidence_gap_exposure": 0.081300813008130079, "evidence_gap_rank": null, "validation_needed": false, "top5_general": false, "top5_education": false, "top5_healthcare": false, "top5_evidence_gap": false, "ai_cluster_id": 2.0, "ai_profile": "Connectivity-Constrained Areas", "ai_profile_status": "GeoAI classified", "ai_profile_description": "Areas characterised by comparatively lower download and upload performance, higher connectivity gaps, lower population density, and relatively few mapped essential-service facilities.", "ai_profile_interpretation": "Distinct recurring profile", "cluster_silhouette": 0.3553432863567757, "nearest_locality": "Puncak Alam", "nearest_locality_type": "town", "nearest_major_locality": "Puncak Alam", "nearest_major_locality_type": "town", "nearest_locality_distance_km": 3.25, "nearest_major_locality_distance_km": 3.25, "locality_source": "OpenStreetMap / Geofabrik" }, "geometry": { "type": "Polygon", "coordinates": [ [ [ 101.411599390825486, 3.254099962884686 ], [ 101.411642510100449, 3.272177868609423 ], [ 101.429628987634658, 3.272134248079329 ], [ 101.429585547536632, 3.254056583845951 ], [ 101.411599390825486, 3.254099962884686 ] ] ] } },
{ "type": "Feature", "properties": { "cell_id": "KS_278", "cell_area_km2": 4.0, "center_lon": 101.43860030517108, "center_lat": 3.2630735460383762, "study_area": "Kuala Selangor", "dataset_version": "2.0.0", "geoai_model_version": "kmeans-k3-v1", "network_tiles": 7, "network_tests": 78, "avg_download_mbps": 153.06421794871792, "avg_upload_mbps": 29.231115384615382, "avg_latency_ms": 22.871794871794872, "network_data_present": true, "population": 1419.5099127180874, "population_pixels": 348, "population_data_present": true, "school_count": 0, "hospital_count": 0, "clinic_count": 0, "doctor_count": 0, "healthcare_count": 0, "download_gap": 0.34615384615384615, "upload_gap": 0.25274725274725274, "latency_gap": 0.52197802197802201, "connectivity_gap_score": 37.362637362637365, "population_exposure": 0.68292682926829273, "school_exposure": 0.0, "healthcare_exposure": 0.0, "general_exposure": 0.68292682926829273, "education_exposure": 0.68292682926829273, "healthcare_exposure_mode": 0.68292682926829273, "score_general": 25.515947467166981, "score_education": 25.515947467166981, "score_healthcare": 25.515947467166981, "priority_general": "Medium", "priority_education": "Medium", "priority_healthcare": "Medium", "decision_general": "Monitor / investigate", "decision_education": "Monitor / investigate", "decision_healthcare": "Monitor / investigate", "analysis_status": "Observed", "evidence_label": "Strong", "evidence_strength_score": 84.065934065934073, "evidence_gap_exposure": 0.68292682926829273, "evidence_gap_rank": null, "validation_needed": false, "top5_general": false, "top5_education": false, "top5_healthcare": false, "top5_evidence_gap": false, "ai_cluster_id": 0.0, "ai_profile": "Strong-Connectivity Areas", "ai_profile_status": "GeoAI classified", "ai_profile_description": "Areas characterised by comparatively strong mobile download and upload performance, lower latency, moderate population exposure, and relatively few mapped essential-service facilities.", "ai_profile_interpretation": "Distinct recurring profile", "cluster_silhouette": 0.32727838691616529, "nearest_locality": "Puncak Alam", "nearest_locality_type": "town", "nearest_major_locality": "Puncak Alam", "nearest_major_locality_type": "town", "nearest_locality_distance_km": 3.49, "nearest_major_locality_distance_km": 3.49, "locality_source": "OpenStreetMap / Geofabrik" }, "geometry": { "type": "Polygon", "coordinates": [ [ [ 101.429585547536632, 3.254056583845951 ], [ 101.429628987634658, 3.272134248079329 ], [ 101.447615223206313, 3.272090304208448 ], [ 101.447571462306669, 3.254012883256483 ], [ 101.429585547536632, 3.254056583845951 ] ] ] } },
{ "type": "Feature", "properties": { "cell_id": "KS_279", "cell_area_km2": 4.0, "center_lon": 101.4565862584726, "center_lat": 3.2630295625944479, "study_area": "Kuala Selangor", "dataset_version": "2.0.0", "geoai_model_version": "kmeans-k3-v1", "network_tiles": 7, "network_tests": 69, "avg_download_mbps": 206.77576811594201, "avg_upload_mbps": 29.942753623188405, "avg_latency_ms": 58.159420289855071, "network_data_present": true, "population": 4179.5436172541231, "population_pixels": 442, "population_data_present": true, "school_count": 1, "hospital_count": 0, "clinic_count": 0, "doctor_count": 0, "healthcare_count": 0, "download_gap": 0.18131868131868134, "upload_gap": 0.23626373626373631, "latency_gap": 0.96153846153846156, "connectivity_gap_score": 45.970695970695971, "population_exposure": 0.94715447154471544, "school_exposure": 0.30172413793103448, "healthcare_exposure": 0.0, "general_exposure": 0.94715447154471544, "education_exposure": 0.96309924306139616, "healthcare_exposure_mode": 0.94715447154471544, "score_general": 43.541350248667321, "score_education": 44.274342492382864, "score_healthcare": 43.541350248667321, "priority_general": "High", "priority_education": "High", "priority_healthcare": "High", "decision_general": "High priority - supported", "decision_education": "High priority - supported", "decision_healthcare": "High priority - supported", "analysis_status": "Observed", "evidence_label": "Strong", "evidence_strength_score": 82.417582417582409, "evidence_gap_exposure": 0.96309924306139616, "evidence_gap_rank": null, "validation_needed": false, "top5_general": false, "top5_education": false, "top5_healthcare": false, "top5_evidence_gap": false, "ai_cluster_id": 0.0, "ai_profile": "Strong-Connectivity Areas", "ai_profile_status": "GeoAI classified", "ai_profile_description": "Areas characterised by comparatively strong mobile download and upload performance, lower latency, moderate population exposure, and relatively few mapped essential-service facilities.", "ai_profile_interpretation": "Distinct recurring profile", "cluster_silhouette": 0.16752712144406354, "nearest_locality": "Kampung Seri Sentosa", "nearest_locality_type": "hamlet", "nearest_major_locality": "Bandar Seri Coalfields", "nearest_major_locality_type": "suburb", "nearest_locality_distance_km": 2.39, "nearest_major_locality_distance_km": 3.48, "locality_source": "OpenStreetMap / Geofabrik" }, "geometry": { "type": "Polygon", "coordinates": [ [ [ 101.447571462306669, 3.254012883256483 ], [ 101.447615223206313, 3.272090304208448 ], [ 101.465601215028556, 3.272046037018423 ], [ 101.465557133348867, 3.253968861137805 ], [ 101.447571462306669, 3.254012883256483 ] ] ] } },
{ "type": "Feature", "properties": { "cell_id": "KS_280", "cell_area_km2": 4.0, "center_lon": 101.47457196714221, "center_lat": 3.2629852567372017, "study_area": "Kuala Selangor", "dataset_version": "2.0.0", "geoai_model_version": "kmeans-k3-v1", "network_tiles": 3, "network_tests": 7, "avg_download_mbps": 85.901428571428568, "avg_upload_mbps": 28.21914285714286, "avg_latency_ms": 118.71428571428571, "network_data_present": true, "population": 404.77082356251776, "population_pixels": 114, "population_data_present": true, "school_count": 0, "hospital_count": 0, "clinic_count": 0, "doctor_count": 0, "healthcare_count": 0, "download_gap": 0.5219780219780219, "upload_gap": 0.27472527472527475, "latency_gap": 0.99450549450549453, "connectivity_gap_score": 59.706959706959708, "population_exposure": 0.3902439024390244, "school_exposure": 0.0, "healthcare_exposure": 0.0, "general_exposure": 0.3902439024390244, "education_exposure": 0.3902439024390244, "healthcare_exposure_mode": 0.3902439024390244, "score_general": 23.300276958813544, "score_education": 23.300276958813544, "score_healthcare": 23.300276958813544, "priority_general": "Medium", "priority_education": "Medium", "priority_healthcare": "Medium", "decision_general": "Monitor / investigate", "decision_education": "Monitor / investigate", "decision_healthcare": "Monitor / investigate", "analysis_status": "Observed", "evidence_label": "Moderate", "evidence_strength_score": 32.417582417582416, "evidence_gap_exposure": 0.3902439024390244, "evidence_gap_rank": null, "validation_needed": false, "top5_general": false, "top5_education": false, "top5_healthcare": false, "top5_evidence_gap": false, "ai_cluster_id": 2.0, "ai_profile": "Connectivity-Constrained Areas", "ai_profile_status": "GeoAI classified", "ai_profile_description": "Areas characterised by comparatively lower download and upload performance, higher connectivity gaps, lower population density, and relatively few mapped essential-service facilities.", "ai_profile_interpretation": "Distinct recurring profile", "cluster_silhouette": 0.094654835606374207, "nearest_locality": "Kampung Seri Sentosa", "nearest_locality_type": "hamlet", "nearest_major_locality": "Bandar Seri Coalfields", "nearest_major_locality_type": "suburb", "nearest_locality_distance_km": 1.77, "nearest_major_locality_distance_km": 2.22, "locality_source": "OpenStreetMap / Geofabrik" }, "geometry": { "type": "Polygon", "coordinates": [ [ [ 101.465557133348867, 3.253968861137805 ], [ 101.465601215028556, 3.272046037018423 ], [ 101.483586961314685, 3.272001446531057 ], [ 101.483542558876721, 3.253924517511599 ], [ 101.465557133348867, 3.253968861137805 ] ] ] } },
{ "type": "Feature", "properties": { "cell_id": "KS_281", "cell_area_km2": 1.9949797769021242, "center_lon": 101.48804980068958, "center_lat": 3.2629518438296308, "study_area": "Kuala Selangor", "dataset_version": "2.0.0", "geoai_model_version": "kmeans-k3-v1", "network_tiles": 0, "network_tests": 0, "avg_download_mbps": null, "avg_upload_mbps": null, "avg_latency_ms": null, "network_data_present": false, "population": 265.71109293401241, "population_pixels": 19, "population_data_present": true, "school_count": 0, "hospital_count": 0, "clinic_count": 0, "doctor_count": 0, "healthcare_count": 0, "download_gap": null, "upload_gap": null, "latency_gap": null, "connectivity_gap_score": null, "population_exposure": 0.34552845528455284, "school_exposure": 0.0, "healthcare_exposure": 0.0, "general_exposure": 0.34552845528455284, "education_exposure": 0.34552845528455278, "healthcare_exposure_mode": 0.34552845528455278, "score_general": null, "score_education": null, "score_healthcare": null, "priority_general": "Evidence Gap", "priority_education": "Evidence Gap", "priority_healthcare": "Evidence Gap", "decision_general": "Evidence Gap", "decision_education": "Evidence Gap", "decision_healthcare": "Evidence Gap", "analysis_status": "Evidence Gap", "evidence_label": "Evidence Gap", "evidence_strength_score": null, "evidence_gap_exposure": 0.34552845528455284, "evidence_gap_rank": 12.0, "validation_needed": false, "top5_general": false, "top5_education": false, "top5_healthcare": false, "top5_evidence_gap": false, "ai_cluster_id": null, "ai_profile": "Unclassified - Evidence Gap", "ai_profile_status": "Unclassified - insufficient connectivity observations", "ai_profile_description": "Insufficient observed connectivity data for GeoAI profiling.", "ai_profile_interpretation": "Not classified", "cluster_silhouette": null, "nearest_locality": "Bandar Seri Coalfields", "nearest_locality_type": "suburb", "nearest_major_locality": "Bandar Seri Coalfields", "nearest_major_locality_type": "suburb", "nearest_locality_distance_km": 2.2, "nearest_major_locality_distance_km": 2.2, "locality_source": "OpenStreetMap / Geofabrik" }, "geometry": { "type": "Polygon", "coordinates": [ [ [ 101.483542558876721, 3.253924517511599 ], [ 101.483586961314685, 3.272001446531057 ], [ 101.492646731836871, 3.27197886276662 ], [ 101.492423045385337, 3.253902503610882 ], [ 101.483542558876721, 3.253924517511599 ] ] ] } },
{ "type": "Feature", "properties": { "cell_id": "KS_282", "cell_area_km2": 4.0, "center_lon": 101.31265069325683, "center_lat": 3.2452931953359392, "study_area": "Kuala Selangor", "dataset_version": "2.0.0", "geoai_model_version": "kmeans-k3-v1", "network_tiles": 8, "network_tests": 66, "avg_download_mbps": 245.30871212121212, "avg_upload_mbps": 37.724772727272729, "avg_latency_ms": 16.121212121212121, "network_data_present": true, "population": 2851.6111114290543, "population_pixels": 438, "population_data_present": true, "school_count": 2, "hospital_count": 0, "clinic_count": 0, "doctor_count": 0, "healthcare_count": 0, "download_gap": 0.13736263736263732, "upload_gap": 0.098901098901098883, "latency_gap": 0.071428571428571425, "connectivity_gap_score": 10.256410256410254, "population_exposure": 0.86585365853658536, "school_exposure": 0.7068965517241379, "healthcare_exposure": 0.0, "general_exposure": 0.86585365853658536, "education_exposure": 0.96068124474348193, "healthcare_exposure_mode": 0.86585365853658536, "score_general": 8.8805503439649751, "score_education": 9.853140971728017, "score_healthcare": 8.8805503439649751, "priority_general": "Low", "priority_education": "Low", "priority_healthcare": "Low", "decision_general": "Lower relative priority", "decision_education": "Lower relative priority", "decision_healthcare": "Lower relative priority", "analysis_status": "Observed", "evidence_label": "Strong", "evidence_strength_score": 81.868131868131869, "evidence_gap_exposure": 0.96068124474348193, "evidence_gap_rank": null, "validation_needed": false, "top5_general": false, "top5_education": false, "top5_healthcare": false, "top5_evidence_gap": false, "ai_cluster_id": 0.0, "ai_profile": "Strong-Connectivity Areas", "ai_profile_status": "GeoAI classified", "ai_profile_description": "Areas characterised by comparatively strong mobile download and upload performance, lower latency, moderate population exposure, and relatively few mapped essential-service facilities.", "ai_profile_interpretation": "Distinct recurring profile", "cluster_silhouette": 0.36854068014618419, "nearest_locality": "Bukit Jeram", "nearest_locality_type": "hamlet", "nearest_major_locality": "Sasaran", "nearest_major_locality_type": "village", "nearest_locality_distance_km": 0.71, "nearest_major_locality_distance_km": 1.67, "locality_source": "OpenStreetMap / Geofabrik" }, "geometry": { "type": "Polygon", "coordinates": [ [ [ 101.303636505399439, 3.236274159279563 ], [ 101.30367746986353, 3.25435348336627 ], [ 101.321665040694654, 3.25431203407509 ], [ 101.321623757069688, 3.23623294072908 ], [ 101.303636505399439, 3.236274159279563 ] ] ] } },
{ "type": "Feature", "properties": { "cell_id": "KS_283", "cell_area_km2": 4.0, "center_lon": 101.33063798890331, "center_lat": 3.2452517010229305, "study_area": "Kuala Selangor", "dataset_version": "2.0.0", "geoai_model_version": "kmeans-k3-v1", "network_tiles": 0, "network_tests": 0, "avg_download_mbps": null, "avg_upload_mbps": null, "avg_latency_ms": null, "network_data_present": false, "population": 947.01574417576194, "population_pixels": 252, "population_data_present": true, "school_count": 0, "hospital_count": 0, "clinic_count": 0, "doctor_count": 0, "healthcare_count": 0, "download_gap": null, "upload_gap": null, "latency_gap": null, "connectivity_gap_score": null, "population_exposure": 0.58536585365853655, "school_exposure": 0.0, "healthcare_exposure": 0.0, "general_exposure": 0.58536585365853655, "education_exposure": 0.58536585365853655, "healthcare_exposure_mode": 0.58536585365853655, "score_general": null, "score_education": null, "score_healthcare": null, "priority_general": "Evidence Gap", "priority_education": "Evidence Gap", "priority_healthcare": "Evidence Gap", "decision_general": "Evidence Gap", "decision_education": "Evidence Gap", "decision_healthcare": "Evidence Gap", "analysis_status": "Evidence Gap", "evidence_label": "Evidence Gap", "evidence_strength_score": null, "evidence_gap_exposure": 0.58536585365853655, "evidence_gap_rank": 2.0, "validation_needed": false, "top5_general": false, "top5_education": false, "top5_healthcare": false, "top5_evidence_gap": true, "ai_cluster_id": null, "ai_profile": "Unclassified - Evidence Gap", "ai_profile_status": "Unclassified - insufficient connectivity observations", "ai_profile_description": "Insufficient observed connectivity data for GeoAI profiling.", "ai_profile_interpretation": "Not classified", "cluster_silhouette": null, "nearest_locality": "Bukit Jeram", "nearest_locality_type": "hamlet", "nearest_major_locality": "Jeram", "nearest_major_locality_type": "village", "nearest_locality_distance_km": 2.13, "nearest_major_locality_distance_km": 2.71, "locality_source": "OpenStreetMap / Geofabrik" }, "geometry": { "type": "Polygon", "coordinates": [ [ [ 101.321623757069688, 3.23623294072908 ], [ 101.321665040694654, 3.25431203407509 ], [ 101.3396523803072, 3.25427026310735 ], [ 101.339610777541722, 3.236191402292732 ], [ 101.321623757069688, 3.23623294072908 ] ] ] } },
{ "type": "Feature", "properties": { "cell_id": "KS_284", "cell_area_km2": 4.0, "center_lon": 101.34862505244774, "center_lat": 3.2452098859389555, "study_area": "Kuala Selangor", "dataset_version": "2.0.0", "geoai_model_version": "kmeans-k3-v1", "network_tiles": 2, "network_tests": 3, "avg_download_mbps": 20.501666666666669, "avg_upload_mbps": 1.0513333333333332, "avg_latency_ms": 27.333333333333332, "network_data_present": true, "population": 235.88181448634714, "population_pixels": 150, "population_data_present": true, "school_count": 0, "hospital_count": 0, "clinic_count": 0, "doctor_count": 0, "healthcare_count": 0, "download_gap": 0.85714285714285721, "upload_gap": 0.93956043956043955, "latency_gap": 0.73626373626373631, "connectivity_gap_score": 84.432234432234438, "population_exposure": 0.32113821138211385, "school_exposure": 0.0, "healthcare_exposure": 0.0, "general_exposure": 0.32113821138211385, "education_exposure": 0.32113821138211385, "healthcare_exposure_mode": 0.32113821138211385, "score_general": 27.114416748563091, "score_education": 27.114416748563091, "score_healthcare": 27.114416748563091, "priority_general": "Medium", "priority_education": "Medium", "priority_healthcare": "Medium", "decision_general": "Monitor / investigate", "decision_education": "Monitor / investigate", "decision_healthcare": "Monitor / investigate", "analysis_status": "Observed", "evidence_label": "Limited", "evidence_strength_score": 20.054945054945055, "evidence_gap_exposure": 0.32113821138211385, "evidence_gap_rank": null, "validation_needed": false, "top5_general": false, "top5_education": false, "top5_healthcare": false, "top5_evidence_gap": false, "ai_cluster_id": 2.0, "ai_profile": "Connectivity-Constrained Areas", "ai_profile_status": "GeoAI classified", "ai_profile_description": "Areas characterised by comparatively lower download and upload performance, higher connectivity gaps, lower population density, and relatively few mapped essential-service facilities.", "ai_profile_interpretation": "Distinct recurring profile", "cluster_silhouette": 0.518856296877656, "nearest_locality": "Simpang Tiga", "nearest_locality_type": "hamlet", "nearest_major_locality": "Jeram", "nearest_major_locality_type": "village", "nearest_locality_distance_km": 2.29, "nearest_major_locality_distance_km": 4.27, "locality_source": "OpenStreetMap / Geofabrik" }, "geometry": { "type": "Polygon", "coordinates": [ [ [ 101.339610777541722, 3.236191402292732 ], [ 101.3396523803072, 3.25427026310735 ], [ 101.357639486913754, 3.254228170483626 ], [ 101.357597565028314, 3.236149543990983 ], [ 101.339610777541722, 3.236191402292732 ] ] ] } },
{ "type": "Feature", "properties": { "cell_id": "KS_285", "cell_area_km2": 4.0, "center_lon": 101.36661188210287, "center_lat": 3.2451677501046148, "study_area": "Kuala Selangor", "dataset_version": "2.0.0", "geoai_model_version": "kmeans-k3-v1", "network_tiles": 4, "network_tests": 20, "avg_download_mbps": 473.6465, "avg_upload_mbps": 66.595, "avg_latency_ms": 15.4, "network_data_present": true, "population": 482.42344420636073, "population_pixels": 200, "population_data_present": true, "school_count": 0, "hospital_count": 0, "clinic_count": 0, "doctor_count": 0, "healthcare_count": 0, "download_gap": 0.01098901098901095, "upload_gap": 0.005494505494505475, "latency_gap": 0.032967032967032968, "connectivity_gap_score": 1.6483516483516463, "population_exposure": 0.44308943089430897, "school_exposure": 0.0, "healthcare_exposure": 0.0, "general_exposure": 0.44308943089430897, "education_exposure": 0.44308943089430897, "healthcare_exposure_mode": 0.44308943089430897, "score_general": 0.73036719378182702, "score_education": 0.73036719378182702, "score_healthcare": 0.73036719378182702, "priority_general": "Low", "priority_education": "Low", "priority_healthcare": "Low", "decision_general": "Lower relative priority", "decision_education": "Lower relative priority", "decision_healthcare": "Lower relative priority", "analysis_status": "Observed", "evidence_label": "Good", "evidence_strength_score": 57.692307692307686, "evidence_gap_exposure": 0.44308943089430897, "evidence_gap_rank": null, "validation_needed": false, "top5_general": false, "top5_education": false, "top5_healthcare": false, "top5_evidence_gap": false, "ai_cluster_id": 0.0, "ai_profile": "Strong-Connectivity Areas", "ai_profile_status": "GeoAI classified", "ai_profile_description": "Areas characterised by comparatively strong mobile download and upload performance, lower latency, moderate population exposure, and relatively few mapped essential-service facilities.", "ai_profile_interpretation": "Distinct recurring profile", "cluster_silhouette": 0.36763847728648097, "nearest_locality": "Simpang Tiga", "nearest_locality_type": "hamlet", "nearest_major_locality": "Jeram", "nearest_major_locality_type": "village", "nearest_locality_distance_km": 3.35, "nearest_major_locality_distance_km": 6.1, "locality_source": "OpenStreetMap / Geofabrik" }, "geometry": { "type": "Polygon", "coordinates": [ [ [ 101.357597565028314, 3.236149543990983 ], [ 101.357639486913754, 3.254228170483626 ], [ 101.375626358727061, 3.254185756224652 ], [ 101.375584117742335, 3.23610736584445 ], [ 101.357597565028314, 3.236149543990983 ] ] ] } },
{ "type": "Feature", "properties": { "cell_id": "KS_286", "cell_area_km2": 4.0, "center_lon": 101.38459847608156, "center_lat": 3.2451252935406627, "study_area": "Kuala Selangor", "dataset_version": "2.0.0", "geoai_model_version": "kmeans-k3-v1", "network_tiles": 4, "network_tests": 22, "avg_download_mbps": 22.441590909090909, "avg_upload_mbps": 11.44259090909091, "avg_latency_ms": 32.81818181818182, "network_data_present": true, "population": 1296.8029140550643, "population_pixels": 352, "population_data_present": true, "school_count": 0, "hospital_count": 0, "clinic_count": 0, "doctor_count": 0, "healthcare_count": 0, "download_gap": 0.84065934065934067, "upload_gap": 0.64285714285714279, "latency_gap": 0.84615384615384615, "connectivity_gap_score": 77.655677655677664, "population_exposure": 0.65853658536585369, "school_exposure": 0.0, "healthcare_exposure": 0.0, "general_exposure": 0.65853658536585369, "education_exposure": 0.65853658536585369, "healthcare_exposure_mode": 0.65853658536585369, "score_general": 51.139104797641387, "score_education": 51.139104797641387, "score_healthcare": 51.139104797641387, "priority_general": "High", "priority_education": "High", "priority_healthcare": "High", "decision_general": "High priority - supported", "decision_education": "High priority - supported", "decision_healthcare": "High priority - supported", "analysis_status": "Observed", "evidence_label": "Good", "evidence_strength_score": 59.340659340659343, "evidence_gap_exposure": 0.65853658536585369, "evidence_gap_rank": null, "validation_needed": false, "top5_general": false, "top5_education": false, "top5_healthcare": false, "top5_evidence_gap": false, "ai_cluster_id": 2.0, "ai_profile": "Connectivity-Constrained Areas", "ai_profile_status": "GeoAI classified", "ai_profile_description": "Areas characterised by comparatively lower download and upload performance, higher connectivity gaps, lower population density, and relatively few mapped essential-service facilities.", "ai_profile_interpretation": "Distinct recurring profile", "cluster_silhouette": 0.40925178573500404, "nearest_locality": "Puncak Alam", "nearest_locality_type": "town", "nearest_major_locality": "Puncak Alam", "nearest_major_locality_type": "town", "nearest_locality_distance_km": 4.74, "nearest_major_locality_distance_km": 4.74, "locality_source": "OpenStreetMap / Geofabrik" }, "geometry": { "type": "Polygon", "coordinates": [ [ [ 101.375584117742335, 3.23610736584445 ], [ 101.375626358727061, 3.254185756224652 ], [ 101.393612993959991, 3.254143020351322 ], [ 101.393570433896826, 3.236064867873909 ], [ 101.375584117742335, 3.23610736584445 ] ] ] } },
{ "type": "Feature", "properties": { "cell_id": "KS_287", "cell_area_km2": 4.0, "center_lon": 101.4025848325968, "center_lat": 3.2450825162680124, "study_area": "Kuala Selangor", "dataset_version": "2.0.0", "geoai_model_version": "kmeans-k3-v1", "network_tiles": 5, "network_tests": 41, "avg_download_mbps": 351.9207804878049, "avg_upload_mbps": 43.894, "avg_latency_ms": 14.097560975609756, "network_data_present": true, "population": 2712.8470919290558, "population_pixels": 310, "population_data_present": true, "school_count": 0, "hospital_count": 0, "clinic_count": 0, "doctor_count": 0, "healthcare_count": 0, "download_gap": 0.043956043956043911, "upload_gap": 0.060439560439560447, "latency_gap": 0.02197802197802198, "connectivity_gap_score": 4.2124542124542117, "population_exposure": 0.84552845528455289, "school_exposure": 0.0, "healthcare_exposure": 0.0, "general_exposure": 0.84552845528455289, "education_exposure": 0.84552845528455289, "healthcare_exposure_mode": 0.84552845528455289, "score_general": 3.5617499032133169, "score_education": 3.5617499032133169, "score_healthcare": 3.5617499032133169, "priority_general": "Low", "priority_education": "Low", "priority_healthcare": "Low", "decision_general": "Lower relative priority", "decision_education": "Lower relative priority", "decision_healthcare": "Lower relative priority", "analysis_status": "Observed", "evidence_label": "Good", "evidence_strength_score": 71.428571428571431, "evidence_gap_exposure": 0.84552845528455289, "evidence_gap_rank": null, "validation_needed": false, "top5_general": false, "top5_education": false, "top5_healthcare": false, "top5_evidence_gap": false, "ai_cluster_id": 0.0, "ai_profile": "Strong-Connectivity Areas", "ai_profile_status": "GeoAI classified", "ai_profile_description": "Areas characterised by comparatively strong mobile download and upload performance, lower latency, moderate population exposure, and relatively few mapped essential-service facilities.", "ai_profile_interpretation": "Distinct recurring profile", "cluster_silhouette": 0.47861770627745381, "nearest_locality": "Puncak Alam", "nearest_locality_type": "town", "nearest_major_locality": "Puncak Alam", "nearest_major_locality_type": "town", "nearest_locality_distance_km": 2.85, "nearest_major_locality_distance_km": 2.85, "locality_source": "OpenStreetMap / Geofabrik" }, "geometry": { "type": "Polygon", "coordinates": [ [ [ 101.393570433896826, 3.236064867873909 ], [ 101.393612993959991, 3.254143020351322 ], [ 101.411599390825486, 3.254099962884686 ], [ 101.411556511704887, 3.236022050100295 ], [ 101.393570433896826, 3.236064867873909 ] ] ] } },
{ "type": "Feature", "properties": { "cell_id": "KS_288", "cell_area_km2": 4.0, "center_lon": 101.42057094986171, "center_lat": 3.2450394183077336, "study_area": "Kuala Selangor", "dataset_version": "2.0.0", "geoai_model_version": "kmeans-k3-v1", "network_tiles": 10, "network_tests": 472, "avg_download_mbps": 157.28362288135594, "avg_upload_mbps": 31.159203389830509, "avg_latency_ms": 19.633474576271187, "network_data_present": true, "population": 6147.4811201747507, "population_pixels": 317, "population_data_present": true, "school_count": 6, "hospital_count": 0, "clinic_count": 5, "doctor_count": 1, "healthcare_count": 6, "download_gap": 0.3351648351648352, "upload_gap": 0.18681318681318682, "latency_gap": 0.2967032967032967, "connectivity_gap_score": 27.289377289377288, "population_exposure": 0.97560975609756095, "school_exposure": 1.0, "healthcare_exposure": 0.9642857142857143, "general_exposure": 0.97560975609756095, "education_exposure": 1.0, "healthcare_exposure_mode": 0.99912891986062713, "score_general": 26.623782721343691, "score_education": 27.289377289377288, "score_healthcare": 27.265606054804657, "priority_general": "Medium", "priority_education": "Medium", "priority_healthcare": "Medium", "decision_general": "Monitor / investigate", "decision_education": "Monitor / investigate", "decision_healthcare": "Monitor / investigate", "analysis_status": "Observed", "evidence_label": "Strong", "evidence_strength_score": 100.0, "evidence_gap_exposure": 1.0, "evidence_gap_rank": null, "validation_needed": false, "top5_general": false, "top5_education": false, "top5_healthcare": false, "top5_evidence_gap": false, "ai_cluster_id": 1.0, "ai_profile": "High-Exposure Essential-Service Hubs", "ai_profile_status": "GeoAI classified", "ai_profile_description": "Areas with comparatively high population exposure and concentrations of mapped schools and healthcare facilities. Connectivity is generally moderate to strong, but disruption or degradation may affect more people and essential services.", "ai_profile_interpretation": "Mixed / transitional recurring profile", "cluster_silhouette": 0.32681902138877905, "nearest_locality": "Puncak Alam", "nearest_locality_type": "town", "nearest_major_locality": "Puncak Alam", "nearest_major_locality_type": "town", "nearest_locality_distance_km": 1.33, "nearest_major_locality_distance_km": 1.33, "locality_source": "OpenStreetMap / Geofabrik" }, "geometry": { "type": "Polygon", "coordinates": [ [ [ 101.411556511704887, 3.236022050100295 ], [ 101.411599390825486, 3.254099962884686 ], [ 101.429585547536632, 3.254056583845951 ], [ 101.429542349379773, 3.235978912544694 ], [ 101.411556511704887, 3.236022050100295 ] ] ] } },
{ "type": "Feature", "properties": { "cell_id": "KS_289", "cell_area_km2": 4.0, "center_lon": 101.43855682608948, "center_lat": 3.2449959996810542, "study_area": "Kuala Selangor", "dataset_version": "2.0.0", "geoai_model_version": "kmeans-k3-v1", "network_tiles": 10, "network_tests": 120, "avg_download_mbps": 53.711033333333333, "avg_upload_mbps": 8.3165833333333339, "avg_latency_ms": 22.108333333333334, "network_data_present": true, "population": 3747.3296881392598, "population_pixels": 353, "population_data_present": true, "school_count": 1, "hospital_count": 0, "clinic_count": 3, "doctor_count": 0, "healthcare_count": 3, "download_gap": 0.65934065934065933, "upload_gap": 0.70879120879120872, "latency_gap": 0.49450549450549453, "connectivity_gap_score": 62.087912087912088, "population_exposure": 0.92276422764227639, "school_exposure": 0.30172413793103448, "healthcare_exposure": 0.8214285714285714, "general_exposure": 0.92276422764227639, "education_exposure": 0.94606812447434818, "healthcare_exposure_mode": 0.98620789779326368, "score_general": 57.292504243723755, "score_education": 58.739394541539205, "score_healthcare": 61.231589258592741, "priority_general": "High", "priority_education": "High", "priority_healthcare": "High", "decision_general": "High priority - supported", "decision_education": "High priority - supported", "decision_healthcare": "High priority - supported", "analysis_status": "Observed", "evidence_label": "Strong", "evidence_strength_score": 90.659340659340657, "evidence_gap_exposure": 0.99036930794184785, "evidence_gap_rank": null, "validation_needed": false, "top5_general": false, "top5_education": false, "top5_healthcare": false, "top5_evidence_gap": false, "ai_cluster_id": 1.0, "ai_profile": "High-Exposure Essential-Service Hubs", "ai_profile_status": "GeoAI classified", "ai_profile_description": "Areas with comparatively high population exposure and concentrations of mapped schools and healthcare facilities. Connectivity is generally moderate to strong, but disruption or degradation may affect more people and essential services.", "ai_profile_interpretation": "Mixed / transitional recurring profile", "cluster_silhouette": 0.010320716517074963, "nearest_locality": "Puncak Alam", "nearest_locality_type": "town", "nearest_major_locality": "Puncak Alam", "nearest_major_locality_type": "town", "nearest_locality_distance_km": 1.85, "nearest_major_locality_distance_km": 1.85, "locality_source": "OpenStreetMap / Geofabrik" }, "geometry": { "type": "Polygon", "coordinates": [ [ [ 101.429542349379773, 3.235978912544694 ], [ 101.429585547536632, 3.254056583845951 ], [ 101.447571462306669, 3.254012883256483 ], [ 101.447527945134837, 3.235935455228354 ], [ 101.429542349379773, 3.235978912544694 ] ] ] } },
{ "type": "Feature", "properties": { "cell_id": "KS_290", "cell_area_km2": 4.0, "center_lon": 101.45654245949349, "center_lat": 3.2449522604093568, "study_area": "Kuala Selangor", "dataset_version": "2.0.0", "geoai_model_version": "kmeans-k3-v1", "network_tiles": 12, "network_tests": 209, "avg_download_mbps": 104.90882296650717, "avg_upload_mbps": 22.942751196172249, "avg_latency_ms": 28.105263157894736, "network_data_present": true, "population": 3766.6067734472454, "population_pixels": 440, "population_data_present": true, "school_count": 0, "hospital_count": 0, "clinic_count": 1, "doctor_count": 0, "healthcare_count": 1, "download_gap": 0.48351648351648346, "upload_gap": 0.41208791208791207, "latency_gap": 0.77472527472527475, "connectivity_gap_score": 55.677655677655672, "population_exposure": 0.93089430894308944, "school_exposure": 0.0, "healthcare_exposure": 0.26785714285714285, "general_exposure": 0.93089430894308944, "education_exposure": 0.93089430894308944, "healthcare_exposure_mode": 0.94940476190476186, "score_general": 51.830012805622552, "score_education": 51.830012805622552, "score_healthcare": 52.860631432059989, "priority_general": "High", "priority_education": "High", "priority_healthcare": "High", "decision_general": "High priority - supported", "decision_education": "High priority - supported", "decision_healthcare": "High priority - supported", "analysis_status": "Observed", "evidence_label": "Strong", "evidence_strength_score": 93.406593406593402, "evidence_gap_exposure": 0.94940476190476186, "evidence_gap_rank": null, "validation_needed": false, "top5_general": false, "top5_education": false, "top5_healthcare": false, "top5_evidence_gap": false, "ai_cluster_id": 0.0, "ai_profile": "Strong-Connectivity Areas", "ai_profile_status": "GeoAI classified", "ai_profile_description": "Areas characterised by comparatively strong mobile download and upload performance, lower latency, moderate population exposure, and relatively few mapped essential-service facilities.", "ai_profile_interpretation": "Distinct recurring profile", "cluster_silhouette": 0.11294876767726285, "nearest_locality": "Kampung Seri Sentosa", "nearest_locality_type": "hamlet", "nearest_major_locality": "Eco Grandeur", "nearest_major_locality_type": "suburb", "nearest_locality_distance_km": 1.66, "nearest_major_locality_distance_km": 2.65, "locality_source": "OpenStreetMap / Geofabrik" }, "geometry": { "type": "Polygon", "coordinates": [ [ [ 101.447527945134837, 3.235935455228354 ], [ 101.447571462306669, 3.254012883256483 ], [ 101.465557133348867, 3.253968861137805 ], [ 101.465513297183563, 3.235891678172679 ], [ 101.447527945134837, 3.235935455228354 ] ] ] } },
{ "type": "Feature", "properties": { "cell_id": "KS_291", "cell_area_km2": 4.0, "center_lon": 101.47452784828718, "center_lat": 3.2449082005141867, "study_area": "Kuala Selangor", "dataset_version": "2.0.0", "geoai_model_version": "kmeans-k3-v1", "network_tiles": 13, "network_tests": 384, "avg_download_mbps": 108.40381510416667, "avg_upload_mbps": 22.192791666666668, "avg_latency_ms": 31.729166666666668, "network_data_present": true, "population": 4477.5738358814269, "population_pixels": 380, "population_data_present": true, "school_count": 2, "hospital_count": 0, "clinic_count": 2, "doctor_count": 0, "healthcare_count": 2, "download_gap": 0.47802197802197799, "upload_gap": 0.42307692307692313, "latency_gap": 0.82967032967032972, "connectivity_gap_score": 57.692307692307701, "population_exposure": 0.95121951219512191, "school_exposure": 0.7068965517241379, "healthcare_exposure": 0.6607142857142857, "general_exposure": 0.95121951219512191, "education_exposure": 0.98570227081581163, "healthcare_exposure_mode": 0.98344947735191635, "score_general": 54.878048780487809, "score_education": 56.867438700912217, "score_healthcare": 56.737469847225952, "priority_general": "High", "priority_education": "High", "priority_healthcare": "High", "decision_general": "High priority - supported", "decision_education": "High priority - supported", "decision_healthcare": "High priority - supported", "analysis_status": "Observed", "evidence_label": "Strong", "evidence_strength_score": 98.35164835164835, "evidence_gap_exposure": 0.99514898474107893, "evidence_gap_rank": null, "validation_needed": false, "top5_general": false, "top5_education": false, "top5_healthcare": false, "top5_evidence_gap": false, "ai_cluster_id": 1.0, "ai_profile": "High-Exposure Essential-Service Hubs", "ai_profile_status": "GeoAI classified", "ai_profile_description": "Areas with comparatively high population exposure and concentrations of mapped schools and healthcare facilities. Connectivity is generally moderate to strong, but disruption or degradation may affect more people and essential services.", "ai_profile_interpretation": "Mixed / transitional recurring profile", "cluster_silhouette": 0.12055219100850939, "nearest_locality": "Kampung Seri Sentosa", "nearest_locality_type": "hamlet", "nearest_major_locality": "Bandar Seri Coalfields", "nearest_major_locality_type": "suburb", "nearest_locality_distance_km": 0.45, "nearest_major_locality_distance_km": 0.79, "locality_source": "OpenStreetMap / Geofabrik" }, "geometry": { "type": "Polygon", "coordinates": [ [ [ 101.465513297183563, 3.235891678172679 ], [ 101.465557133348867, 3.253968861137805 ], [ 101.483542558876721, 3.253924517511599 ], [ 101.483498403739574, 3.235847581399227 ], [ 101.465513297183563, 3.235891678172679 ] ] ] } },
{ "type": "Feature", "properties": { "cell_id": "KS_292", "cell_area_km2": 1.9551419856027932, "center_lon": 101.48791588140288, "center_lat": 3.2448751944936918, "study_area": "Kuala Selangor", "dataset_version": "2.0.0", "geoai_model_version": "kmeans-k3-v1", "network_tiles": 4, "network_tests": 91, "avg_download_mbps": 159.46670329670329, "avg_upload_mbps": 25.892351648351646, "avg_latency_ms": 50.505494505494504, "network_data_present": true, "population": 1480.3263906370848, "population_pixels": 180, "population_data_present": true, "school_count": 0, "hospital_count": 0, "clinic_count": 0, "doctor_count": 0, "healthcare_count": 0, "download_gap": 0.32967032967032972, "upload_gap": 0.3351648351648352, "latency_gap": 0.94505494505494503, "connectivity_gap_score": 53.663003663003664, "population_exposure": 0.70731707317073167, "school_exposure": 0.0, "healthcare_exposure": 0.0, "general_exposure": 0.70731707317073167, "education_exposure": 0.70731707317073167, "healthcare_exposure_mode": 0.70731707317073167, "score_general": 37.956758688466003, "score_education": 37.956758688466003, "score_healthcare": 37.956758688466003, "priority_general": "Medium", "priority_education": "Medium", "priority_healthcare": "Medium", "decision_general": "Monitor / investigate", "decision_education": "Monitor / investigate", "decision_healthcare": "Monitor / investigate", "analysis_status": "Observed", "evidence_label": "Strong", "evidence_strength_score": 86.263736263736263, "evidence_gap_exposure": 0.70731707317073167, "evidence_gap_rank": null, "validation_needed": false, "top5_general": false, "top5_education": false, "top5_healthcare": false, "top5_evidence_gap": false, "ai_cluster_id": 0.0, "ai_profile": "Strong-Connectivity Areas", "ai_profile_status": "GeoAI classified", "ai_profile_description": "Areas characterised by comparatively strong mobile download and upload performance, lower latency, moderate population exposure, and relatively few mapped essential-service facilities.", "ai_profile_interpretation": "Distinct recurring profile", "cluster_silhouette": 0.058094828020781128, "nearest_locality": "Bandar Seri Coalfields", "nearest_locality_type": "suburb", "nearest_major_locality": "Bandar Seri Coalfields", "nearest_major_locality_type": "suburb", "nearest_locality_distance_km": 0.71, "nearest_major_locality_distance_km": 0.71, "locality_source": "OpenStreetMap / Geofabrik" }, "geometry": { "type": "Polygon", "coordinates": [ [ [ 101.483498403739574, 3.235847581399227 ], [ 101.483542558876721, 3.253924517511599 ], [ 101.492423045385337, 3.253902503610882 ], [ 101.49219961346293, 3.235826132373624 ], [ 101.483498403739574, 3.235847581399227 ] ] ] } },
{ "type": "Feature", "properties": { "cell_id": "KS_293", "cell_area_km2": 0.97912725204814044, "center_lon": 101.30161859969061, "center_lat": 3.244346948449091, "study_area": "Kuala Selangor", "dataset_version": "2.0.0", "geoai_model_version": "kmeans-k3-v1", "network_tiles": 1, "network_tests": 3, "avg_download_mbps": 42.935, "avg_upload_mbps": 15.687, "avg_latency_ms": 19.0, "network_data_present": true, "population": 53.368292830884457, "population_pixels": 34, "population_data_present": true, "school_count": 0, "hospital_count": 0, "clinic_count": 0, "doctor_count": 0, "healthcare_count": 0, "download_gap": 0.7142857142857143, "upload_gap": 0.53846153846153844, "latency_gap": 0.25824175824175827, "connectivity_gap_score": 50.366300366300365, "population_exposure": 0.15040650406504066, "school_exposure": 0.0, "healthcare_exposure": 0.0, "general_exposure": 0.15040650406504066, "education_exposure": 0.15040650406504064, "healthcare_exposure_mode": 0.15040650406504064, "score_general": 7.5754191607850148, "score_education": 7.575419160785013, "score_healthcare": 7.575419160785013, "priority_general": "Low", "priority_education": "Low", "priority_healthcare": "Low", "decision_general": "Lower relative priority", "decision_education": "Lower relative priority", "decision_healthcare": "Lower relative priority", "analysis_status": "Observed", "evidence_label": "Limited", "evidence_strength_score": 20.054945054945055, "evidence_gap_exposure": 0.15040650406504066, "evidence_gap_rank": null, "validation_needed": false, "top5_general": false, "top5_education": false, "top5_healthcare": false, "top5_evidence_gap": false, "ai_cluster_id": 2.0, "ai_profile": "Connectivity-Constrained Areas", "ai_profile_status": "GeoAI classified", "ai_profile_description": "Areas characterised by comparatively lower download and upload performance, higher connectivity gaps, lower population density, and relatively few mapped essential-service facilities.", "ai_profile_interpretation": "Distinct recurring profile", "cluster_silhouette": 0.3425694249130895, "nearest_locality": "Bukit Jeram", "nearest_locality_type": "hamlet", "nearest_major_locality": "Sasaran", "nearest_major_locality_type": "village", "nearest_locality_distance_km": 1.49, "nearest_major_locality_distance_km": 1.51, "locality_source": "OpenStreetMap / Geofabrik" }, "geometry": { "type": "Polygon", "coordinates": [ [ [ 101.30367746986353, 3.25435348336627 ], [ 101.303636505399439, 3.236274159279563 ], [ 101.30066837543697, 3.236280930075743 ], [ 101.299873004000062, 3.238549805000048 ], [ 101.299291893000031, 3.250153400000044 ], [ 101.296310408880487, 3.25437036649316 ], [ 101.30367746986353, 3.25435348336627 ] ] ] } },
{ "type": "Feature", "properties": { "cell_id": "KS_294", "cell_area_km2": 3.878790746089654, "center_lon": 101.31269140543623, "center_lat": 3.2273867918582435, "study_area": "Kuala Selangor", "dataset_version": "2.0.0", "geoai_model_version": "kmeans-k3-v1", "network_tiles": 9, "network_tests": 43, "avg_download_mbps": 179.79583720930233, "avg_upload_mbps": 24.161883720930234, "avg_latency_ms": 45.302325581395351, "network_data_present": true, "population": 3128.8033007243648, "population_pixels": 426, "population_data_present": true, "school_count": 3, "hospital_count": 0, "clinic_count": 1, "doctor_count": 0, "healthcare_count": 1, "download_gap": 0.26373626373626369, "upload_gap": 0.37912087912087911, "latency_gap": 0.93956043956043955, "connectivity_gap_score": 52.747252747252752, "population_exposure": 0.89837398373983735, "school_exposure": 0.85344827586206895, "healthcare_exposure": 0.26785714285714285, "general_exposure": 0.89837398373983735, "education_exposure": 0.9851065320998037, "healthcare_exposure_mode": 0.92559523809523803, "score_general": 47.386759581881535, "score_education": 51.961663231637999, "score_healthcare": 48.822605965463104, "priority_general": "High", "priority_education": "High", "priority_healthcare": "High", "decision_general": "High priority - supported", "decision_education": "High priority - supported", "decision_healthcare": "High priority - supported", "analysis_status": "Observed", "evidence_label": "Good", "evidence_strength_score": 72.527472527472526, "evidence_gap_exposure": 0.98909585385878485, "evidence_gap_rank": null, "validation_needed": false, "top5_general": false, "top5_education": false, "top5_healthcare": false, "top5_evidence_gap": false, "ai_cluster_id": 1.0, "ai_profile": "High-Exposure Essential-Service Hubs", "ai_profile_status": "GeoAI classified", "ai_profile_description": "Areas with comparatively high population exposure and concentrations of mapped schools and healthcare facilities. Connectivity is generally moderate to strong, but disruption or degradation may affect more people and essential services.", "ai_profile_interpretation": "Mixed / transitional recurring profile", "cluster_silhouette": 0.087896953549693749, "nearest_locality": "Jeram", "nearest_locality_type": "village", "nearest_major_locality": "Jeram", "nearest_major_locality_type": "village", "nearest_locality_distance_km": 0.31, "nearest_major_locality_distance_km": 0.31, "locality_source": "OpenStreetMap / Geofabrik" }, "geometry": { "type": "Polygon", "coordinates": [ [ [ 101.321623757069688, 3.23623294072908 ], [ 101.321582704642964, 3.218153840402491 ], [ 101.307295137631755, 3.218186424295441 ], [ 101.307427449000045, 3.220563970000057 ], [ 101.303940782000041, 3.226946077000036 ], [ 101.303617537076107, 3.227868163572475 ], [ 101.30066837543697, 3.236280930075743 ], [ 101.303636505399439, 3.236274159279563 ], [ 101.321623757069688, 3.23623294072908 ] ] ] } },
{ "type": "Feature", "properties": { "cell_id": "KS_295", "cell_area_km2": 4.0, "center_lon": 101.33059666175402, "center_lat": 3.2271727202216711, "study_area": "Kuala Selangor", "dataset_version": "2.0.0", "geoai_model_version": "kmeans-k3-v1", "network_tiles": 1, "network_tests": 1, "avg_download_mbps": 12.554, "avg_upload_mbps": 0.229, "avg_latency_ms": 20.0, "network_data_present": true, "population": 1160.4008499202318, "population_pixels": 315, "population_data_present": true, "school_count": 0, "hospital_count": 0, "clinic_count": 0, "doctor_count": 0, "healthcare_count": 0, "download_gap": 0.91208791208791207, "upload_gap": 0.98351648351648346, "latency_gap": 0.31868131868131866, "connectivity_gap_score": 73.80952380952381, "population_exposure": 0.62601626016260159, "school_exposure": 0.0, "healthcare_exposure": 0.0, "general_exposure": 0.62601626016260159, "education_exposure": 0.62601626016260159, "healthcare_exposure_mode": 0.62601626016260159, "score_general": 46.205962059620596, "score_education": 46.205962059620596, "score_healthcare": 46.205962059620596, "priority_general": "High", "priority_education": "High", "priority_healthcare": "High", "decision_general": "High priority - validate evidence", "decision_education": "High priority - validate evidence", "decision_healthcare": "High priority - validate evidence", "analysis_status": "Observed", "evidence_label": "Limited", "evidence_strength_score": 5.7692307692307692, "evidence_gap_exposure": 0.62601626016260159, "evidence_gap_rank": null, "validation_needed": true, "top5_general": false, "top5_education": false, "top5_healthcare": false, "top5_evidence_gap": false, "ai_cluster_id": 2.0, "ai_profile": "Connectivity-Constrained Areas", "ai_profile_status": "GeoAI classified", "ai_profile_description": "Areas characterised by comparatively lower download and upload performance, higher connectivity gaps, lower population density, and relatively few mapped essential-service facilities.", "ai_profile_interpretation": "Distinct recurring profile", "cluster_silhouette": 0.44188663939483364, "nearest_locality": "Simpang Tiga", "nearest_locality_type": "hamlet", "nearest_major_locality": "Jeram", "nearest_major_locality_type": "village", "nearest_locality_distance_km": 1.52, "nearest_major_locality_distance_km": 1.73, "locality_source": "OpenStreetMap / Geofabrik" }, "geometry": { "type": "Polygon", "coordinates": [ [ [ 101.321582704642964, 3.218153840402491 ], [ 101.321623757069688, 3.23623294072908 ], [ 101.339610777541722, 3.236191402292732 ], [ 101.339569407761715, 3.218112534489659 ], [ 101.321582704642964, 3.218153840402491 ] ] ] } },
{ "type": "Feature", "properties": { "cell_id": "KS_296", "cell_area_km2": 4.0, "center_lon": 101.3485834070618, "center_lat": 3.2271311385604355, "study_area": "Kuala Selangor", "dataset_version": "2.0.0", "geoai_model_version": "kmeans-k3-v1", "network_tiles": 1, "network_tests": 2, "avg_download_mbps": 143.208, "avg_upload_mbps": 6.721, "avg_latency_ms": 13.0, "network_data_present": true, "population": 979.28473786171526, "population_pixels": 260, "population_data_present": true, "school_count": 0, "hospital_count": 0, "clinic_count": 0, "doctor_count": 0, "healthcare_count": 0, "download_gap": 0.39010989010989006, "upload_gap": 0.74175824175824179, "latency_gap": 0.016483516483516484, "connectivity_gap_score": 38.278388278388277, "population_exposure": 0.60162601626016265, "school_exposure": 0.0, "healthcare_exposure": 0.0, "general_exposure": 0.60162601626016265, "education_exposure": 0.60162601626016265, "healthcare_exposure_mode": 0.60162601626016265, "score_general": 23.029274248786443, "score_education": 23.029274248786443, "score_healthcare": 23.029274248786443, "priority_general": "Medium", "priority_education": "Medium", "priority_healthcare": "Medium", "decision_general": "Monitor / investigate", "decision_education": "Monitor / investigate", "decision_healthcare": "Monitor / investigate", "analysis_status": "Observed", "evidence_label": "Limited", "evidence_strength_score": 14.560439560439562, "evidence_gap_exposure": 0.60162601626016265, "evidence_gap_rank": null, "validation_needed": false, "top5_general": false, "top5_education": false, "top5_healthcare": false, "top5_evidence_gap": false, "ai_cluster_id": 2.0, "ai_profile": "Connectivity-Constrained Areas", "ai_profile_status": "GeoAI classified", "ai_profile_description": "Areas characterised by comparatively lower download and upload performance, higher connectivity gaps, lower population density, and relatively few mapped essential-service facilities.", "ai_profile_interpretation": "Distinct recurring profile", "cluster_silhouette": 0.13381342134670582, "nearest_locality": "Simpang Tiga", "nearest_locality_type": "hamlet", "nearest_major_locality": "Jeram", "nearest_major_locality_type": "village", "nearest_locality_distance_km": 0.55, "nearest_major_locality_distance_km": 3.73, "locality_source": "OpenStreetMap / Geofabrik" }, "geometry": { "type": "Polygon", "coordinates": [ [ [ 101.339569407761715, 3.218112534489659 ], [ 101.339610777541722, 3.236191402292732 ], [ 101.357597565028314, 3.236149543990983 ], [ 101.357555877915431, 3.218070910501947 ], [ 101.339569407761715, 3.218112534489659 ] ] ] } },
{ "type": "Feature", "properties": { "cell_id": "KS_297", "cell_area_km2": 4.0, "center_lon": 101.36656991850082, "center_lat": 3.2270892379393277, "study_area": "Kuala Selangor", "dataset_version": "2.0.0", "geoai_model_version": "kmeans-k3-v1", "network_tiles": 3, "network_tests": 12, "avg_download_mbps": 80.317333333333323, "avg_upload_mbps": 39.864666666666665, "avg_latency_ms": 21.833333333333332, "network_data_present": true, "population": 1044.0913885617629, "population_pixels": 269, "population_data_present": true, "school_count": 1, "hospital_count": 0, "clinic_count": 0, "doctor_count": 0, "healthcare_count": 0, "download_gap": 0.53296703296703296, "upload_gap": 0.082417582417582458, "latency_gap": 0.45054945054945056, "connectivity_gap_score": 35.531135531135533, "population_exposure": 0.62195121951219512, "school_exposure": 0.30172413793103448, "healthcare_exposure": 0.0, "general_exposure": 0.62195121951219512, "education_exposure": 0.73601766190075701, "healthcare_exposure_mode": 0.62195121951219512, "score_general": 22.098633074242834, "score_education": 26.151543298305285, "score_healthcare": 22.098633074242834, "priority_general": "Medium", "priority_education": "Medium", "priority_healthcare": "Medium", "decision_general": "Monitor / investigate", "decision_education": "Monitor / investigate", "decision_healthcare": "Monitor / investigate", "analysis_status": "Observed", "evidence_label": "Moderate", "evidence_strength_score": 45.604395604395606, "evidence_gap_exposure": 0.73601766190075701, "evidence_gap_rank": null, "validation_needed": false, "top5_general": false, "top5_education": false, "top5_healthcare": false, "top5_evidence_gap": false, "ai_cluster_id": 0.0, "ai_profile": "Strong-Connectivity Areas", "ai_profile_status": "GeoAI classified", "ai_profile_description": "Areas characterised by comparatively strong mobile download and upload performance, lower latency, moderate population exposure, and relatively few mapped essential-service facilities.", "ai_profile_interpretation": "Distinct recurring profile", "cluster_silhouette": 0.20980453741134439, "nearest_locality": "Simpang Tiga", "nearest_locality_type": "hamlet", "nearest_major_locality": "Jeram", "nearest_major_locality_type": "village", "nearest_locality_distance_km": 2.51, "nearest_major_locality_distance_km": 5.73, "locality_source": "OpenStreetMap / Geofabrik" }, "geometry": { "type": "Polygon", "coordinates": [ [ [ 101.357555877915431, 3.218070910501947 ], [ 101.357597565028314, 3.236149543990983 ], [ 101.375584117742335, 3.23610736584445 ], [ 101.375542113317167, 3.218028968459857 ], [ 101.357555877915431, 3.218070910501947 ] ] ] } },
{ "type": "Feature", "properties": { "cell_id": "KS_298", "cell_area_km2": 4.0, "center_lon": 101.38455619428412, "center_lat": 3.2270470183789852, "study_area": "Kuala Selangor", "dataset_version": "2.0.0", "geoai_model_version": "kmeans-k3-v1", "network_tiles": 0, "network_tests": 0, "avg_download_mbps": null, "avg_upload_mbps": null, "avg_latency_ms": null, "network_data_present": false, "population": 217.39199873898178, "population_pixels": 147, "population_data_present": true, "school_count": 0, "hospital_count": 0, "clinic_count": 0, "doctor_count": 0, "healthcare_count": 0, "download_gap": null, "upload_gap": null, "latency_gap": null, "connectivity_gap_score": null, "population_exposure": 0.31300813008130079, "school_exposure": 0.0, "healthcare_exposure": 0.0, "general_exposure": 0.31300813008130079, "education_exposure": 0.31300813008130079, "healthcare_exposure_mode": 0.31300813008130079, "score_general": null, "score_education": null, "score_healthcare": null, "priority_general": "Evidence Gap", "priority_education": "Evidence Gap", "priority_healthcare": "Evidence Gap", "decision_general": "Evidence Gap", "decision_education": "Evidence Gap", "decision_healthcare": "Evidence Gap", "analysis_status": "Evidence Gap", "evidence_label": "Evidence Gap", "evidence_strength_score": null, "evidence_gap_exposure": 0.31300813008130079, "evidence_gap_rank": 16.0, "validation_needed": false, "top5_general": false, "top5_education": false, "top5_healthcare": false, "top5_evidence_gap": false, "ai_cluster_id": null, "ai_profile": "Unclassified - Evidence Gap", "ai_profile_status": "Unclassified - insufficient connectivity observations", "ai_profile_description": "Insufficient observed connectivity data for GeoAI profiling.", "ai_profile_interpretation": "Not classified", "cluster_silhouette": null, "nearest_locality": "Simpang Tiga", "nearest_locality_type": "hamlet", "nearest_major_locality": "Puncak Alam", "nearest_major_locality_type": "town", "nearest_locality_distance_km": 4.5, "nearest_major_locality_distance_km": 4.66, "locality_source": "OpenStreetMap / Geofabrik" }, "geometry": { "type": "Polygon", "coordinates": [ [ [ 101.375542113317167, 3.218028968459857 ], [ 101.375584117742335, 3.23610736584445 ], [ 101.393570433896826, 3.236064867873909 ], [ 101.393528112180107, 3.217986708384049 ], [ 101.375542113317167, 3.218028968459857 ] ] ] } },
{ "type": "Feature", "properties": { "cell_id": "KS_299", "cell_area_km2": 4.0, "center_lon": 101.40254223262482, "center_lat": 3.2270044799002062, "study_area": "Kuala Selangor", "dataset_version": "2.0.0", "geoai_model_version": "kmeans-k3-v1", "network_tiles": 1, "network_tests": 33, "avg_download_mbps": 150.555, "avg_upload_mbps": 23.519, "avg_latency_ms": 19.0, "network_data_present": true, "population": 1963.997538628988, "population_pixels": 188, "population_data_present": true, "school_count": 0, "hospital_count": 0, "clinic_count": 0, "doctor_count": 0, "healthcare_count": 0, "download_gap": 0.35164835164835162, "upload_gap": 0.39010989010989006, "latency_gap": 0.25824175824175827, "connectivity_gap_score": 33.333333333333329, "population_exposure": 0.7967479674796748, "school_exposure": 0.0, "healthcare_exposure": 0.0, "general_exposure": 0.7967479674796748, "education_exposure": 0.7967479674796748, "healthcare_exposure_mode": 0.7967479674796748, "score_general": 26.558265582655828, "score_education": 26.558265582655828, "score_healthcare": 26.558265582655828, "priority_general": "Medium", "priority_education": "Medium", "priority_healthcare": "Medium", "decision_general": "Monitor / investigate", "decision_education": "Monitor / investigate", "decision_healthcare": "Monitor / investigate", "analysis_status": "Observed", "evidence_label": "Good", "evidence_strength_score": 66.483516483516482, "evidence_gap_exposure": 0.7967479674796748, "evidence_gap_rank": null, "validation_needed": false, "top5_general": false, "top5_education": false, "top5_healthcare": false, "top5_evidence_gap": false, "ai_cluster_id": 0.0, "ai_profile": "Strong-Connectivity Areas", "ai_profile_status": "GeoAI classified", "ai_profile_description": "Areas characterised by comparatively strong mobile download and upload performance, lower latency, moderate population exposure, and relatively few mapped essential-service facilities.", "ai_profile_interpretation": "Distinct recurring profile", "cluster_silhouette": 0.26766448162372347, "nearest_locality": "Puncak Alam", "nearest_locality_type": "town", "nearest_major_locality": "Puncak Alam", "nearest_major_locality_type": "town", "nearest_locality_distance_km": 2.71, "nearest_major_locality_distance_km": 2.71, "locality_source": "OpenStreetMap / Geofabrik" }, "geometry": { "type": "Polygon", "coordinates": [ [ [ 101.393528112180107, 3.217986708384049 ], [ 101.393570433896826, 3.236064867873909 ], [ 101.411556511704887, 3.236022050100295 ], [ 101.411513872717492, 3.217944130295337 ], [ 101.393528112180107, 3.217986708384049 ] ] ] } },
{ "type": "Feature", "properties": { "cell_id": "KS_300", "cell_area_km2": 4.0, "center_lon": 101.42052803173623, "center_lat": 3.2269616225239406, "study_area": "Kuala Selangor", "dataset_version": "2.0.0", "geoai_model_version": "kmeans-k3-v1", "network_tiles": 6, "network_tests": 248, "avg_download_mbps": 196.78575, "avg_upload_mbps": 32.859310483870971, "avg_latency_ms": 16.18548387096774, "network_data_present": true, "population": 6883.612381762825, "population_pixels": 296, "population_data_present": true, "school_count": 5, "hospital_count": 0, "clinic_count": 11, "doctor_count": 0, "healthcare_count": 11, "download_gap": 0.20329670329670335, "upload_gap": 0.1428571428571429, "latency_gap": 0.076923076923076927, "connectivity_gap_score": 14.102564102564106, "population_exposure": 0.98373983739837401, "school_exposure": 0.96551724137931039, "healthcare_exposure": 1.0, "general_exposure": 0.98373983739837401, "education_exposure": 0.99943930473787501, "healthcare_exposure_mode": 1.0, "score_general": 13.873254117156558, "score_education": 14.094656861687985, "score_healthcare": 14.102564102564106, "priority_general": "Low", "priority_education": "Low", "priority_healthcare": "Low", "decision_general": "Lower relative priority", "decision_education": "Lower relative priority", "decision_healthcare": "Lower relative priority", "analysis_status": "Observed", "evidence_label": "Strong", "evidence_strength_score": 95.879120879120876, "evidence_gap_exposure": 1.0, "evidence_gap_rank": null, "validation_needed": false, "top5_general": false, "top5_education": false, "top5_healthcare": false, "top5_evidence_gap": false, "ai_cluster_id": 1.0, "ai_profile": "High-Exposure Essential-Service Hubs", "ai_profile_status": "GeoAI classified", "ai_profile_description": "Areas with comparatively high population exposure and concentrations of mapped schools and healthcare facilities. Connectivity is generally moderate to strong, but disruption or degradation may affect more people and essential services.", "ai_profile_interpretation": "Mixed / transitional recurring profile", "cluster_silhouette": 0.22172662594507131, "nearest_locality": "Puncak Alam", "nearest_locality_type": "town", "nearest_major_locality": "Puncak Alam", "nearest_major_locality_type": "town", "nearest_locality_distance_km": 1.0, "nearest_major_locality_distance_km": 1.0, "locality_source": "OpenStreetMap / Geofabrik" }, "geometry": { "type": "Polygon", "coordinates": [ [ [ 101.411513872717492, 3.217944130295337 ], [ 101.411556511704887, 3.236022050100295 ], [ 101.429542349379773, 3.235978912544694 ], [ 101.429499393142748, 3.217901234214693 ], [ 101.411513872717492, 3.217944130295337 ] ] ] } },
{ "type": "Feature", "properties": { "cell_id": "KS_301", "cell_area_km2": 4.0, "center_lon": 101.43851358983169, "center_lat": 3.2269184462712972, "study_area": "Kuala Selangor", "dataset_version": "2.0.0", "geoai_model_version": "kmeans-k3-v1", "network_tiles": 6, "network_tests": 99, "avg_download_mbps": 184.02218181818182, "avg_upload_mbps": 26.479616161616164, "avg_latency_ms": 18.636363636363637, "network_data_present": true, "population": 2314.6265160506591, "population_pixels": 401, "population_data_present": true, "school_count": 1, "hospital_count": 0, "clinic_count": 0, "doctor_count": 0, "healthcare_count": 0, "download_gap": 0.25274725274725274, "upload_gap": 0.31318681318681318, "latency_gap": 0.23076923076923078, "connectivity_gap_score": 26.556776556776558, "population_exposure": 0.82113821138211385, "school_exposure": 0.30172413793103448, "healthcare_exposure": 0.0, "general_exposure": 0.82113821138211385, "education_exposure": 0.8751051303616485, "healthcare_exposure_mode": 0.82113821138211385, "score_general": 21.806784001905953, "score_education": 23.23997141070312, "score_healthcare": 21.806784001905953, "priority_general": "Medium", "priority_education": "Medium", "priority_healthcare": "Medium", "decision_general": "Monitor / investigate", "decision_education": "Monitor / investigate", "decision_healthcare": "Monitor / investigate", "analysis_status": "Observed", "evidence_label": "Strong", "evidence_strength_score": 88.461538461538453, "evidence_gap_exposure": 0.8751051303616485, "evidence_gap_rank": null, "validation_needed": false, "top5_general": false, "top5_education": false, "top5_healthcare": false, "top5_evidence_gap": false, "ai_cluster_id": 0.0, "ai_profile": "Strong-Connectivity Areas", "ai_profile_status": "GeoAI classified", "ai_profile_description": "Areas characterised by comparatively strong mobile download and upload performance, lower latency, moderate population exposure, and relatively few mapped essential-service facilities.", "ai_profile_interpretation": "Distinct recurring profile", "cluster_silhouette": 0.37120113861402831, "nearest_locality": "Puncak Alam", "nearest_locality_type": "town", "nearest_major_locality": "Puncak Alam", "nearest_major_locality_type": "town", "nearest_locality_distance_km": 1.62, "nearest_major_locality_distance_km": 1.62, "locality_source": "OpenStreetMap / Geofabrik" }, "geometry": { "type": "Polygon", "coordinates": [ [ [ 101.429499393142748, 3.217901234214693 ], [ 101.429542349379773, 3.235978912544694 ], [ 101.447527945134837, 3.235935455228354 ], [ 101.447484671669372, 3.217858020163244 ], [ 101.429499393142748, 3.217901234214693 ] ] ] } },
{ "type": "Feature", "properties": { "cell_id": "KS_302", "cell_area_km2": 4.0, "center_lon": 101.4564989051247, "center_lat": 3.2268749511635408, "study_area": "Kuala Selangor", "dataset_version": "2.0.0", "geoai_model_version": "kmeans-k3-v1", "network_tiles": 9, "network_tests": 248, "avg_download_mbps": 53.568979838709673, "avg_upload_mbps": 13.352838709677419, "avg_latency_ms": 28.512096774193548, "network_data_present": true, "population": 1740.0361914138775, "population_pixels": 408, "population_data_present": true, "school_count": 0, "hospital_count": 0, "clinic_count": 5, "doctor_count": 0, "healthcare_count": 5, "download_gap": 0.66483516483516492, "upload_gap": 0.59890109890109888, "latency_gap": 0.7857142857142857, "connectivity_gap_score": 68.315018315018307, "population_exposure": 0.75609756097560976, "school_exposure": 0.0, "healthcare_exposure": 0.9107142857142857, "general_exposure": 0.75609756097560976, "education_exposure": 0.75609756097560976, "healthcare_exposure_mode": 0.97822299651567945, "score_general": 51.652818725989448, "score_education": 51.652818725989448, "score_healthcare": 66.82732192314073, "priority_general": "High", "priority_education": "High", "priority_healthcare": "High", "decision_general": "High priority - supported", "decision_education": "High priority - supported", "decision_healthcare": "High priority - supported", "analysis_status": "Observed", "evidence_label": "Strong", "evidence_strength_score": 95.879120879120876, "evidence_gap_exposure": 0.97822299651567945, "evidence_gap_rank": null, "validation_needed": false, "top5_general": false, "top5_education": false, "top5_healthcare": true, "top5_evidence_gap": false, "ai_cluster_id": 1.0, "ai_profile": "High-Exposure Essential-Service Hubs", "ai_profile_status": "GeoAI classified", "ai_profile_description": "Areas with comparatively high population exposure and concentrations of mapped schools and healthcare facilities. Connectivity is generally moderate to strong, but disruption or degradation may affect more people and essential services.", "ai_profile_interpretation": "Mixed / transitional recurring profile", "cluster_silhouette": 0.026058568797845339, "nearest_locality": "Eco Grandeur", "nearest_locality_type": "suburb", "nearest_major_locality": "Eco Grandeur", "nearest_major_locality_type": "suburb", "nearest_locality_distance_km": 1.34, "nearest_major_locality_distance_km": 1.34, "locality_source": "OpenStreetMap / Geofabrik" }, "geometry": { "type": "Polygon", "coordinates": [ [ [ 101.447484671669372, 3.217858020163244 ], [ 101.447527945134837, 3.235935455228354 ], [ 101.465513297183563, 3.235891678172679 ], [ 101.465469706511016, 3.217814488162271 ], [ 101.447484671669372, 3.217858020163244 ] ] ] } },
{ "type": "Feature", "properties": { "cell_id": "KS_303", "cell_area_km2": 4.0, "center_lon": 101.4744839758289, "center_lat": 3.2268311372220926, "study_area": "Kuala Selangor", "dataset_version": "2.0.0", "geoai_model_version": "kmeans-k3-v1", "network_tiles": 10, "network_tests": 59, "avg_download_mbps": 64.550593220338982, "avg_upload_mbps": 11.251559322033899, "avg_latency_ms": 21.067796610169491, "network_data_present": true, "population": 1535.6849829023704, "population_pixels": 322, "population_data_present": true, "school_count": 0, "hospital_count": 0, "clinic_count": 0, "doctor_count": 0, "healthcare_count": 0, "download_gap": 0.61538461538461542, "upload_gap": 0.64835164835164827, "latency_gap": 0.40109890109890112, "connectivity_gap_score": 55.494505494505489, "population_exposure": 0.72764227642276424, "school_exposure": 0.0, "healthcare_exposure": 0.0, "general_exposure": 0.72764227642276424, "education_exposure": 0.72764227642276424, "healthcare_exposure_mode": 0.72764227642276424, "score_general": 40.380148306977567, "score_education": 40.380148306977567, "score_healthcare": 40.380148306977567, "priority_general": "Medium", "priority_education": "Medium", "priority_healthcare": "Medium", "decision_general": "Monitor / investigate", "decision_education": "Monitor / investigate", "decision_healthcare": "Monitor / investigate", "analysis_status": "Observed", "evidence_label": "Strong", "evidence_strength_score": 79.395604395604394, "evidence_gap_exposure": 0.72764227642276424, "evidence_gap_rank": null, "validation_needed": false, "top5_general": false, "top5_education": false, "top5_healthcare": false, "top5_evidence_gap": false, "ai_cluster_id": 2.0, "ai_profile": "Connectivity-Constrained Areas", "ai_profile_status": "GeoAI classified", "ai_profile_description": "Areas characterised by comparatively lower download and upload performance, higher connectivity gaps, lower population density, and relatively few mapped essential-service facilities.", "ai_profile_interpretation": "Distinct recurring profile", "cluster_silhouette": 0.2972443754401945, "nearest_locality": "Eco Grandeur", "nearest_locality_type": "suburb", "nearest_major_locality": "Eco Grandeur", "nearest_major_locality_type": "suburb", "nearest_locality_distance_km": 0.75, "nearest_major_locality_distance_km": 0.75, "locality_source": "OpenStreetMap / Geofabrik" }, "geometry": { "type": "Polygon", "coordinates": [ [ [ 101.465469706511016, 3.217814488162271 ], [ 101.465513297183563, 3.235891678172679 ], [ 101.483498403739574, 3.235847581399227 ], [ 101.483454495881446, 3.217770638233216 ], [ 101.465469706511016, 3.217814488162271 ] ] ] } },
{ "type": "Feature", "properties": { "cell_id": "KS_304", "cell_area_km2": 1.9152827499179919, "center_lon": 101.4877524337173, "center_lat": 3.2227784592985369, "study_area": "Kuala Selangor", "dataset_version": "2.0.0", "geoai_model_version": "kmeans-k3-v1", "network_tiles": 2, "network_tests": 100, "avg_download_mbps": 141.3834, "avg_upload_mbps": 14.85282, "avg_latency_ms": 71.36, "network_data_present": true, "population": 4545.9487430993468, "population_pixels": 206, "population_data_present": true, "school_count": 1, "hospital_count": 0, "clinic_count": 2, "doctor_count": 0, "healthcare_count": 2, "download_gap": 0.39560439560439564, "upload_gap": 0.56593406593406592, "latency_gap": 0.98351648351648346, "connectivity_gap_score": 64.835164835164832, "population_exposure": 0.95528455284552849, "school_exposure": 0.30172413793103448, "healthcare_exposure": 0.6607142857142857, "general_exposure": 0.95528455284552849, "education_exposure": 0.96877628259041215, "healthcare_exposure_mode": 0.98482868757259001, "score_general": 61.936031448226579, "score_education": 62.810769970147604, "score_healthcare": 63.851530293167926, "priority_general": "High", "priority_education": "High", "priority_healthcare": "High", "decision_general": "High priority - supported", "decision_education": "High priority - supported", "decision_healthcare": "High priority - supported", "analysis_status": "Observed", "evidence_label": "Strong", "evidence_strength_score": 89.285714285714292, "evidence_gap_exposure": 0.98940623873603273, "evidence_gap_rank": null, "validation_needed": false, "top5_general": true, "top5_education": false, "top5_healthcare": true, "top5_evidence_gap": false, "ai_cluster_id": 1.0, "ai_profile": "High-Exposure Essential-Service Hubs", "ai_profile_status": "GeoAI classified", "ai_profile_description": "Areas with comparatively high population exposure and concentrations of mapped schools and healthcare facilities. Connectivity is generally moderate to strong, but disruption or degradation may affect more people and essential services.", "ai_profile_interpretation": "Mixed / transitional recurring profile", "cluster_silhouette": -0.068199843116944464, "nearest_locality": "Bandar Seri Coalfields", "nearest_locality_type": "suburb", "nearest_major_locality": "Bandar Seri Coalfields", "nearest_major_locality_type": "suburb", "nearest_locality_distance_km": 2.04, "nearest_major_locality_distance_km": 2.04, "locality_source": "OpenStreetMap / Geofabrik" }, "geometry": { "type": "Polygon", "coordinates": [ [ [ 101.483454495881446, 3.217770638233216 ], [ 101.483498403739574, 3.235847581399227 ], [ 101.49219961346293, 3.235826132373624 ], [ 101.492100317000052, 3.227786106000053 ], [ 101.491976088683373, 3.217749749947723 ], [ 101.483454495881446, 3.217770638233216 ] ] ] } },
{ "type": "Feature", "properties": { "cell_id": "KS_305", "cell_area_km2": 3.2846578576538015, "center_lon": 101.31417724223745, "center_lat": 3.2091311075201046, "study_area": "Kuala Selangor", "dataset_version": "2.0.0", "geoai_model_version": "kmeans-k3-v1", "network_tiles": 8, "network_tests": 402, "avg_download_mbps": 383.23641791044776, "avg_upload_mbps": 54.405514925373133, "avg_latency_ms": 16.614427860696516, "network_data_present": true, "population": 2201.1045193141326, "population_pixels": 376, "population_data_present": true, "school_count": 2, "hospital_count": 0, "clinic_count": 0, "doctor_count": 0, "healthcare_count": 0, "download_gap": 0.027472527472527486, "upload_gap": 0.027472527472527486, "latency_gap": 0.093406593406593408, "connectivity_gap_score": 4.9450549450549461, "population_exposure": 0.81300813008130079, "school_exposure": 0.7068965517241379, "healthcare_exposure": 0.0, "general_exposure": 0.81300813008130079, "education_exposure": 0.94519203812727781, "healthcare_exposure_mode": 0.81300813008130079, "score_general": 4.0203698740284111, "score_education": 4.6740265621678585, "score_healthcare": 4.0203698740284111, "priority_general": "Low", "priority_education": "Low", "priority_healthcare": "Low", "decision_general": "Lower relative priority", "decision_education": "Lower relative priority", "decision_healthcare": "Lower relative priority", "analysis_status": "Observed", "evidence_label": "Strong", "evidence_strength_score": 99.45054945054946, "evidence_gap_exposure": 0.94519203812727781, "evidence_gap_rank": null, "validation_needed": false, "top5_general": false, "top5_education": false, "top5_healthcare": false, "top5_evidence_gap": false, "ai_cluster_id": 0.0, "ai_profile": "Strong-Connectivity Areas", "ai_profile_status": "GeoAI classified", "ai_profile_description": "Areas characterised by comparatively strong mobile download and upload performance, lower latency, moderate population exposure, and relatively few mapped essential-service facilities.", "ai_profile_interpretation": "Distinct recurring profile", "cluster_silhouette": 0.34412741470925667, "nearest_locality": "Sungai Sembilang", "nearest_locality_type": "hamlet", "nearest_major_locality": "Jeram", "nearest_major_locality_type": "village", "nearest_locality_distance_km": 1.59, "nearest_major_locality_distance_km": 1.92, "locality_source": "OpenStreetMap / Geofabrik" }, "geometry": { "type": "Polygon", "coordinates": [ [ [ 101.321582704642964, 3.218153840402491 ], [ 101.321541883394204, 3.200074733134187 ], [ 101.306289289108733, 3.2001093154362 ], [ 101.307295137631755, 3.218186424295441 ], [ 101.321582704642964, 3.218153840402491 ] ] ] } },
{ "type": "Feature", "properties": { "cell_id": "KS_306", "cell_area_km2": 4.0, "center_lon": 101.3305555666864, "center_lat": 3.2090937324553441, "study_area": "Kuala Selangor", "dataset_version": "2.0.0", "geoai_model_version": "kmeans-k3-v1", "network_tiles": 1, "network_tests": 3, "avg_download_mbps": 28.764, "avg_upload_mbps": 2.036, "avg_latency_ms": 22.0, "network_data_present": true, "population": 296.80042139906436, "population_pixels": 145, "population_data_present": true, "school_count": 0, "hospital_count": 0, "clinic_count": 0, "doctor_count": 0, "healthcare_count": 0, "download_gap": 0.79120879120879117, "upload_gap": 0.89010989010989006, "latency_gap": 0.46978021978021978, "connectivity_gap_score": 71.703296703296701, "population_exposure": 0.34959349593495936, "school_exposure": 0.0, "healthcare_exposure": 0.0, "general_exposure": 0.34959349593495936, "education_exposure": 0.34959349593495936, "healthcare_exposure_mode": 0.34959349593495936, "score_general": 25.06700616456714, "score_education": 25.06700616456714, "score_healthcare": 25.06700616456714, "priority_general": "Medium", "priority_education": "Medium", "priority_healthcare": "Medium", "decision_general": "Monitor / investigate", "decision_education": "Monitor / investigate", "decision_healthcare": "Monitor / investigate", "analysis_status": "Observed", "evidence_label": "Limited", "evidence_strength_score": 20.054945054945055, "evidence_gap_exposure": 0.34959349593495936, "evidence_gap_rank": null, "validation_needed": false, "top5_general": false, "top5_education": false, "top5_healthcare": false, "top5_evidence_gap": false, "ai_cluster_id": 2.0, "ai_profile": "Connectivity-Constrained Areas", "ai_profile_status": "GeoAI classified", "ai_profile_description": "Areas characterised by comparatively lower download and upload performance, higher connectivity gaps, lower population density, and relatively few mapped essential-service facilities.", "ai_profile_interpretation": "Distinct recurring profile", "cluster_silhouette": 0.49993021427968354, "nearest_locality": "Simpang Tiga", "nearest_locality_type": "hamlet", "nearest_major_locality": "Jeram", "nearest_major_locality_type": "village", "nearest_locality_distance_km": 2.32, "nearest_major_locality_distance_km": 2.57, "locality_source": "OpenStreetMap / Geofabrik" }, "geometry": { "type": "Polygon", "coordinates": [ [ [ 101.321541883394204, 3.200074733134187 ], [ 101.321582704642964, 3.218153840402491 ], [ 101.339569407761715, 3.218112534489659 ], [ 101.339528270946744, 3.200033659737039 ], [ 101.321541883394204, 3.200074733134187 ] ] ] } },
{ "type": "Feature", "properties": { "cell_id": "KS_307", "cell_area_km2": 4.0, "center_lon": 101.34854199554461, "center_lat": 3.2090523842089635, "study_area": "Kuala Selangor", "dataset_version": "2.0.0", "geoai_model_version": "kmeans-k3-v1", "network_tiles": 0, "network_tests": 0, "avg_download_mbps": null, "avg_upload_mbps": null, "avg_latency_ms": null, "network_data_present": false, "population": 42.973707163240761, "population_pixels": 71, "population_data_present": true, "school_count": 0, "hospital_count": 0, "clinic_count": 0, "doctor_count": 0, "healthcare_count": 0, "download_gap": null, "upload_gap": null, "latency_gap": null, "connectivity_gap_score": null, "population_exposure": 0.13008130081300814, "school_exposure": 0.0, "healthcare_exposure": 0.0, "general_exposure": 0.13008130081300814, "education_exposure": 0.13008130081300817, "healthcare_exposure_mode": 0.13008130081300817, "score_general": null, "score_education": null, "score_healthcare": null, "priority_general": "Evidence Gap", "priority_education": "Evidence Gap", "priority_healthcare": "Evidence Gap", "decision_general": "Evidence Gap", "decision_education": "Evidence Gap", "decision_healthcare": "Evidence Gap", "analysis_status": "Evidence Gap", "evidence_label": "Evidence Gap", "evidence_strength_score": null, "evidence_gap_exposure": 0.13008130081300814, "evidence_gap_rank": 40.0, "validation_needed": false, "top5_general": false, "top5_education": false, "top5_healthcare": false, "top5_evidence_gap": false, "ai_cluster_id": null, "ai_profile": "Unclassified - Evidence Gap", "ai_profile_status": "Unclassified - insufficient connectivity observations", "ai_profile_description": "Insufficient observed connectivity data for GeoAI profiling.", "ai_profile_interpretation": "Not classified", "cluster_silhouette": null, "nearest_locality": "Simpang Tiga", "nearest_locality_type": "hamlet", "nearest_major_locality": "Jeram", "nearest_major_locality_type": "village", "nearest_locality_distance_km": 1.83, "nearest_major_locality_distance_km": 4.18, "locality_source": "OpenStreetMap / Geofabrik" }, "geometry": { "type": "Polygon", "coordinates": [ [ [ 101.339528270946744, 3.200033659737039 ], [ 101.339569407761715, 3.218112534489659 ], [ 101.357555877915431, 3.218070910501947 ], [ 101.357514425554555, 3.199992270055472 ], [ 101.339528270946744, 3.200033659737039 ] ] ] } },
{ "type": "Feature", "properties": { "cell_id": "KS_308", "cell_area_km2": 4.0, "center_lon": 101.3665281905545, "center_lat": 3.2090107187931438, "study_area": "Kuala Selangor", "dataset_version": "2.0.0", "geoai_model_version": "kmeans-k3-v1", "network_tiles": 1, "network_tests": 10, "avg_download_mbps": 39.212, "avg_upload_mbps": 6.814, "avg_latency_ms": 27.0, "network_data_present": true, "population": 42.62623789254576, "population_pixels": 64, "population_data_present": true, "school_count": 0, "hospital_count": 0, "clinic_count": 0, "doctor_count": 0, "healthcare_count": 0, "download_gap": 0.74175824175824179, "upload_gap": 0.73076923076923084, "latency_gap": 0.70879120879120883, "connectivity_gap_score": 72.710622710622715, "population_exposure": 0.12601626016260162, "school_exposure": 0.0, "healthcare_exposure": 0.0, "general_exposure": 0.12601626016260162, "education_exposure": 0.12601626016260159, "healthcare_exposure_mode": 0.12601626016260159, "score_general": 9.1627207480866009, "score_education": 9.1627207480866009, "score_healthcare": 9.1627207480866009, "priority_general": "Low", "priority_education": "Low", "priority_healthcare": "Low", "decision_general": "Lower relative priority", "decision_education": "Lower relative priority", "decision_healthcare": "Lower relative priority", "analysis_status": "Observed", "evidence_label": "Moderate", "evidence_strength_score": 42.307692307692307, "evidence_gap_exposure": 0.12601626016260162, "evidence_gap_rank": null, "validation_needed": false, "top5_general": false, "top5_education": false, "top5_healthcare": false, "top5_evidence_gap": false, "ai_cluster_id": 2.0, "ai_profile": "Connectivity-Constrained Areas", "ai_profile_status": "GeoAI classified", "ai_profile_description": "Areas characterised by comparatively lower download and upload performance, higher connectivity gaps, lower population density, and relatively few mapped essential-service facilities.", "ai_profile_interpretation": "Distinct recurring profile", "cluster_silhouette": 0.40676439055293362, "nearest_locality": "Simpang Tiga", "nearest_locality_type": "hamlet", "nearest_major_locality": "Jeram", "nearest_major_locality_type": "village", "nearest_locality_distance_km": 3.06, "nearest_major_locality_distance_km": 6.03, "locality_source": "OpenStreetMap / Geofabrik" }, "geometry": { "type": "Polygon", "coordinates": [ [ [ 101.357514425554555, 3.199992270055472 ], [ 101.357555877915431, 3.218070910501947 ], [ 101.375542113317167, 3.218028968459857 ], [ 101.375500345430837, 3.199950564109873 ], [ 101.357514425554555, 3.199992270055472 ] ] ] } },
{ "type": "Feature", "properties": { "cell_id": "KS_309", "cell_area_km2": 4.0, "center_lon": 101.38451414992926, "center_lat": 3.2089687362284081, "study_area": "Kuala Selangor", "dataset_version": "2.0.0", "geoai_model_version": "kmeans-k3-v1", "network_tiles": 1, "network_tests": 4, "avg_download_mbps": 49.813, "avg_upload_mbps": 3.915, "avg_latency_ms": 25.0, "network_data_present": true, "population": 72.231345732696354, "population_pixels": 79, "population_data_present": true, "school_count": 0, "hospital_count": 0, "clinic_count": 0, "doctor_count": 0, "healthcare_count": 0, "download_gap": 0.68131868131868134, "upload_gap": 0.82417582417582413, "latency_gap": 0.63186813186813184, "connectivity_gap_score": 71.245421245421241, "population_exposure": 0.18699186991869918, "school_exposure": 0.0, "healthcare_exposure": 0.0, "general_exposure": 0.18699186991869918, "education_exposure": 0.18699186991869921, "healthcare_exposure_mode": 0.18699186991869921, "score_general": 13.322314541826739, "score_education": 13.322314541826739, "score_healthcare": 13.322314541826739, "priority_general": "Low", "priority_education": "Low", "priority_healthcare": "Low", "decision_general": "Lower relative priority", "decision_education": "Lower relative priority", "decision_healthcare": "Lower relative priority", "analysis_status": "Observed", "evidence_label": "Limited", "evidence_strength_score": 23.626373626373624, "evidence_gap_exposure": 0.18699186991869918, "evidence_gap_rank": null, "validation_needed": false, "top5_general": false, "top5_education": false, "top5_healthcare": false, "top5_evidence_gap": false, "ai_cluster_id": 2.0, "ai_profile": "Connectivity-Constrained Areas", "ai_profile_status": "GeoAI classified", "ai_profile_description": "Areas characterised by comparatively lower download and upload performance, higher connectivity gaps, lower population density, and relatively few mapped essential-service facilities.", "ai_profile_interpretation": "Distinct recurring profile", "cluster_silhouette": 0.43880278478984408, "nearest_locality": "Simpang Tiga", "nearest_locality_type": "hamlet", "nearest_major_locality": "Puncak Alam", "nearest_major_locality_type": "town", "nearest_locality_distance_km": 4.83, "nearest_major_locality_distance_km": 5.38, "locality_source": "OpenStreetMap / Geofabrik" }, "geometry": { "type": "Polygon", "coordinates": [ [ [ 101.375500345430837, 3.199950564109873 ], [ 101.375542113317167, 3.218028968459857 ], [ 101.393528112180107, 3.217986708384049 ], [ 101.393486028788942, 3.199908541920785 ], [ 101.375500345430837, 3.199950564109873 ] ] ] } },
{ "type": "Feature", "properties": { "cell_id": "KS_310", "cell_area_km2": 4.0, "center_lon": 101.4024998718822, "center_lat": 3.208926436535434, "study_area": "Kuala Selangor", "dataset_version": "2.0.0", "geoai_model_version": "kmeans-k3-v1", "network_tiles": 5, "network_tests": 42, "avg_download_mbps": 60.119809523809529, "avg_upload_mbps": 4.8652619047619048, "avg_latency_ms": 39.80952380952381, "network_data_present": true, "population": 1774.4012422999367, "population_pixels": 332, "population_data_present": true, "school_count": 2, "hospital_count": 0, "clinic_count": 0, "doctor_count": 0, "healthcare_count": 0, "download_gap": 0.63736263736263732, "upload_gap": 0.79670329670329676, "latency_gap": 0.91208791208791207, "connectivity_gap_score": 78.205128205128204, "population_exposure": 0.76422764227642281, "school_exposure": 0.7068965517241379, "healthcare_exposure": 0.0, "general_exposure": 0.76422764227642281, "education_exposure": 0.93089430894308944, "healthcare_exposure_mode": 0.76422764227642281, "score_general": 59.766520742130503, "score_education": 72.80070877631853, "score_healthcare": 59.766520742130503, "priority_general": "High", "priority_education": "High", "priority_healthcare": "High", "decision_general": "High priority - supported", "decision_education": "High priority - supported", "decision_healthcare": "High priority - supported", "analysis_status": "Observed", "evidence_label": "Good", "evidence_strength_score": 71.978021978021971, "evidence_gap_exposure": 0.93089430894308944, "evidence_gap_rank": null, "validation_needed": false, "top5_general": false, "top5_education": true, "top5_healthcare": false, "top5_evidence_gap": false, "ai_cluster_id": 2.0, "ai_profile": "Connectivity-Constrained Areas", "ai_profile_status": "GeoAI classified", "ai_profile_description": "Areas characterised by comparatively lower download and upload performance, higher connectivity gaps, lower population density, and relatively few mapped essential-service facilities.", "ai_profile_interpretation": "Distinct recurring profile", "cluster_silhouette": 0.23433886254846284, "nearest_locality": "Puncak Alam", "nearest_locality_type": "town", "nearest_major_locality": "Puncak Alam", "nearest_major_locality_type": "town", "nearest_locality_distance_km": 3.82, "nearest_major_locality_distance_km": 3.82, "locality_source": "OpenStreetMap / Geofabrik" }, "geometry": { "type": "Polygon", "coordinates": [ [ [ 101.393486028788942, 3.199908541920785 ], [ 101.393528112180107, 3.217986708384049 ], [ 101.411513872717492, 3.217944130295337 ], [ 101.411471473842241, 3.199866203508905 ], [ 101.393486028788942, 3.199908541920785 ] ] ] } },
{ "type": "Feature", "properties": { "cell_id": "KS_311", "cell_area_km2": 4.0, "center_lon": 101.42048535462671, "center_lat": 3.208883819735056, "study_area": "Kuala Selangor", "dataset_version": "2.0.0", "geoai_model_version": "kmeans-k3-v1", "network_tiles": 4, "network_tests": 6, "avg_download_mbps": 237.94133333333335, "avg_upload_mbps": 49.333, "avg_latency_ms": 16.666666666666668, "network_data_present": true, "population": 195.61623236630112, "population_pixels": 107, "population_data_present": true, "school_count": 0, "hospital_count": 0, "clinic_count": 0, "doctor_count": 0, "healthcare_count": 0, "download_gap": 0.15384615384615385, "upload_gap": 0.054945054945054972, "latency_gap": 0.10164835164835165, "connectivity_gap_score": 10.347985347985349, "population_exposure": 0.28048780487804881, "school_exposure": 0.0, "healthcare_exposure": 0.0, "general_exposure": 0.28048780487804881, "education_exposure": 0.28048780487804881, "healthcare_exposure_mode": 0.28048780487804881, "score_general": 2.9024836951666222, "score_education": 2.9024836951666222, "score_healthcare": 2.9024836951666222, "priority_general": "Low", "priority_education": "Low", "priority_healthcare": "Low", "decision_general": "Lower relative priority", "decision_education": "Lower relative priority", "decision_healthcare": "Lower relative priority", "analysis_status": "Observed", "evidence_label": "Moderate", "evidence_strength_score": 28.571428571428569, "evidence_gap_exposure": 0.28048780487804881, "evidence_gap_rank": null, "validation_needed": false, "top5_general": false, "top5_education": false, "top5_healthcare": false, "top5_evidence_gap": false, "ai_cluster_id": 0.0, "ai_profile": "Strong-Connectivity Areas", "ai_profile_status": "GeoAI classified", "ai_profile_description": "Areas characterised by comparatively strong mobile download and upload performance, lower latency, moderate population exposure, and relatively few mapped essential-service facilities.", "ai_profile_interpretation": "Distinct recurring profile", "cluster_silhouette": 0.3331801941456366, "nearest_locality": "Puncak Alam", "nearest_locality_type": "town", "nearest_major_locality": "Puncak Alam", "nearest_major_locality_type": "town", "nearest_locality_distance_km": 2.86, "nearest_major_locality_distance_km": 2.86, "locality_source": "OpenStreetMap / Geofabrik" }, "geometry": { "type": "Polygon", "coordinates": [ [ [ 101.411471473842241, 3.199866203508905 ], [ 101.411513872717492, 3.217944130295337 ], [ 101.429499393142748, 3.217901234214693 ], [ 101.429456678804343, 3.199823548895085 ], [ 101.411471473842241, 3.199866203508905 ] ] ] } },
{ "type": "Feature", "properties": { "cell_id": "KS_312", "cell_area_km2": 4.0, "center_lon": 101.43847059637635, "center_lat": 3.208840885848264, "study_area": "Kuala Selangor", "dataset_version": "2.0.0", "geoai_model_version": "kmeans-k3-v1", "network_tiles": 6, "network_tests": 53, "avg_download_mbps": 169.4624150943396, "avg_upload_mbps": 29.302339622641508, "avg_latency_ms": 17.641509433962263, "network_data_present": true, "population": 3742.3008083216846, "population_pixels": 335, "population_data_present": true, "school_count": 5, "hospital_count": 0, "clinic_count": 1, "doctor_count": 0, "healthcare_count": 1, "download_gap": 0.30219780219780223, "upload_gap": 0.24725274725274726, "latency_gap": 0.14835164835164835, "connectivity_gap_score": 23.260073260073263, "population_exposure": 0.91869918699186992, "school_exposure": 0.96551724137931039, "healthcare_exposure": 0.26785714285714285, "general_exposure": 0.91869918699186992, "education_exposure": 0.99719652368937484, "healthcare_exposure_mode": 0.94047619047619047, "score_general": 21.369010393400639, "score_education": 23.194864195705243, "score_healthcare": 21.875545089830805, "priority_general": "Medium", "priority_education": "Medium", "priority_healthcare": "Medium", "decision_general": "Monitor / investigate", "decision_education": "Monitor / investigate", "decision_healthcare": "Monitor / investigate", "analysis_status": "Observed", "evidence_label": "Strong", "evidence_strength_score": 76.098901098901095, "evidence_gap_exposure": 0.9979474548440066, "evidence_gap_rank": null, "validation_needed": false, "top5_general": false, "top5_education": false, "top5_healthcare": false, "top5_evidence_gap": false, "ai_cluster_id": 1.0, "ai_profile": "High-Exposure Essential-Service Hubs", "ai_profile_status": "GeoAI classified", "ai_profile_description": "Areas with comparatively high population exposure and concentrations of mapped schools and healthcare facilities. Connectivity is generally moderate to strong, but disruption or degradation may affect more people and essential services.", "ai_profile_interpretation": "Mixed / transitional recurring profile", "cluster_silhouette": 0.24271626890072934, "nearest_locality": "Bandar Hillpark", "nearest_locality_type": "suburb", "nearest_major_locality": "Bandar Hillpark", "nearest_major_locality_type": "suburb", "nearest_locality_distance_km": 2.8, "nearest_major_locality_distance_km": 2.8, "locality_source": "OpenStreetMap / Geofabrik" }, "geometry": { "type": "Polygon", "coordinates": [ [ [ 101.429456678804343, 3.199823548895085 ], [ 101.429499393142748, 3.217901234214693 ], [ 101.447484671669372, 3.217858020163244 ], [ 101.447441641888901, 3.199780578100333 ], [ 101.429456678804343, 3.199823548895085 ] ] ] } },
{ "type": "Feature", "properties": { "cell_id": "KS_313", "cell_area_km2": 4.0, "center_lon": 101.45645559534475, "center_lat": 3.2087976348962033, "study_area": "Kuala Selangor", "dataset_version": "2.0.0", "geoai_model_version": "kmeans-k3-v1", "network_tiles": 9, "network_tests": 216, "avg_download_mbps": 128.44690277777778, "avg_upload_mbps": 21.465532407407409, "avg_latency_ms": 25.212962962962962, "network_data_present": true, "population": 3031.3614132460207, "population_pixels": 445, "population_data_present": true, "school_count": 0, "hospital_count": 1, "clinic_count": 1, "doctor_count": 0, "healthcare_count": 2, "download_gap": 0.43956043956043955, "upload_gap": 0.4505494505494505, "latency_gap": 0.64835164835164838, "connectivity_gap_score": 51.282051282051277, "population_exposure": 0.89430894308943087, "school_exposure": 0.0, "healthcare_exposure": 0.6607142857142857, "general_exposure": 0.89430894308943087, "education_exposure": 0.89430894308943087, "healthcare_exposure_mode": 0.96414053426248547, "score_general": 45.861997081509273, "score_education": 45.861997081509273, "score_healthcare": 49.4431043211531, "priority_general": "High", "priority_education": "High", "priority_healthcare": "High", "decision_general": "High priority - supported", "decision_education": "High priority - supported", "decision_healthcare": "High priority - supported", "analysis_status": "Observed", "evidence_label": "Strong", "evidence_strength_score": 93.956043956043956, "evidence_gap_exposure": 0.96414053426248547, "evidence_gap_rank": null, "validation_needed": false, "top5_general": false, "top5_education": false, "top5_healthcare": false, "top5_evidence_gap": false, "ai_cluster_id": 0.0, "ai_profile": "Strong-Connectivity Areas", "ai_profile_status": "GeoAI classified", "ai_profile_description": "Areas characterised by comparatively strong mobile download and upload performance, lower latency, moderate population exposure, and relatively few mapped essential-service facilities.", "ai_profile_interpretation": "Distinct recurring profile", "cluster_silhouette": 0.12968009017048496, "nearest_locality": "Bandar Hillpark", "nearest_locality_type": "suburb", "nearest_major_locality": "Bandar Hillpark", "nearest_major_locality_type": "suburb", "nearest_locality_distance_km": 0.83, "nearest_major_locality_distance_km": 0.83, "locality_source": "OpenStreetMap / Geofabrik" }, "geometry": { "type": "Polygon", "coordinates": [ [ [ 101.447441641888901, 3.199780578100333 ], [ 101.447484671669372, 3.217858020163244 ], [ 101.465469706511016, 3.217814488162271 ], [ 101.465426361309724, 3.199737291145813 ], [ 101.447441641888901, 3.199780578100333 ] ] ] } },
{ "type": "Feature", "properties": { "cell_id": "KS_314", "cell_area_km2": 4.0, "center_lon": 101.47444034974572, "center_lat": 3.2087540669001733, "study_area": "Kuala Selangor", "dataset_version": "2.0.0", "geoai_model_version": "kmeans-k3-v1", "network_tiles": 9, "network_tests": 401, "avg_download_mbps": 184.54561097256857, "avg_upload_mbps": 32.142501246882794, "avg_latency_ms": 17.945137157107233, "network_data_present": true, "population": 12863.191404163837, "population_pixels": 433, "population_data_present": true, "school_count": 4, "hospital_count": 0, "clinic_count": 5, "doctor_count": 0, "healthcare_count": 5, "download_gap": 0.24725274725274726, "upload_gap": 0.15384615384615385, "latency_gap": 0.15934065934065933, "connectivity_gap_score": 18.681318681318682, "population_exposure": 1.0, "school_exposure": 0.91379310344827591, "healthcare_exposure": 0.9107142857142857, "general_exposure": 1.0, "education_exposure": 1.0, "healthcare_exposure_mode": 1.0, "score_general": 18.681318681318682, "score_education": 18.681318681318682, "score_healthcare": 18.681318681318682, "priority_general": "Medium", "priority_education": "Medium", "priority_healthcare": "Medium", "decision_general": "Monitor / investigate", "decision_education": "Monitor / investigate", "decision_healthcare": "Monitor / investigate", "analysis_status": "Observed", "evidence_label": "Strong", "evidence_strength_score": 98.901098901098905, "evidence_gap_exposure": 1.0, "evidence_gap_rank": null, "validation_needed": false, "top5_general": false, "top5_education": false, "top5_healthcare": false, "top5_evidence_gap": false, "ai_cluster_id": 1.0, "ai_profile": "High-Exposure Essential-Service Hubs", "ai_profile_status": "GeoAI classified", "ai_profile_description": "Areas with comparatively high population exposure and concentrations of mapped schools and healthcare facilities. Connectivity is generally moderate to strong, but disruption or degradation may affect more people and essential services.", "ai_profile_interpretation": "Mixed / transitional recurring profile", "cluster_silhouette": 0.3388001480611687, "nearest_locality": "Bandar Saujana Utama", "nearest_locality_type": "suburb", "nearest_major_locality": "Bandar Saujana Utama", "nearest_major_locality_type": "suburb", "nearest_locality_distance_km": 0.7, "nearest_major_locality_distance_km": 0.7, "locality_source": "OpenStreetMap / Geofabrik" }, "geometry": { "type": "Polygon", "coordinates": [ [ [ 101.465426361309724, 3.199737291145813 ], [ 101.465469706511016, 3.217814488162271 ], [ 101.483454495881446, 3.217770638233216 ], [ 101.483410835280694, 3.19969368805284 ], [ 101.465426361309724, 3.199737291145813 ] ] ] } },
{ "type": "Feature", "properties": { "cell_id": "KS_315", "cell_area_km2": 1.8753195924389874, "center_lon": 101.48764846543342, "center_lat": 3.2087218680028613, "study_area": "Kuala Selangor", "dataset_version": "2.0.0", "geoai_model_version": "kmeans-k3-v1", "network_tiles": 6, "network_tests": 304, "avg_download_mbps": 171.07440789473685, "avg_upload_mbps": 30.1381875, "avg_latency_ms": 20.67763157894737, "network_data_present": true, "population": 4851.7091971095651, "population_pixels": 174, "population_data_present": true, "school_count": 3, "hospital_count": 0, "clinic_count": 4, "doctor_count": 0, "healthcare_count": 4, "download_gap": 0.29120879120879117, "upload_gap": 0.23076923076923073, "latency_gap": 0.37362637362637363, "connectivity_gap_score": 29.853479853479854, "population_exposure": 0.96747967479674801, "school_exposure": 0.85344827586206895, "healthcare_exposure": 0.8571428571428571, "general_exposure": 0.96747967479674801, "education_exposure": 0.99523409027193721, "healthcare_exposure_mode": 0.99535423925667832, "score_general": 28.882634980195959, "score_education": 29.711200863429628, "score_healthcare": 29.71478772872501, "priority_general": "Medium", "priority_education": "Medium", "priority_healthcare": "Medium", "decision_general": "Monitor / investigate", "decision_education": "Monitor / investigate", "decision_healthcare": "Monitor / investigate", "analysis_status": "Observed", "evidence_label": "Strong", "evidence_strength_score": 97.802197802197796, "evidence_gap_exposure": 0.9993191557531339, "evidence_gap_rank": null, "validation_needed": false, "top5_general": false, "top5_education": false, "top5_healthcare": false, "top5_evidence_gap": false, "ai_cluster_id": 1.0, "ai_profile": "High-Exposure Essential-Service Hubs", "ai_profile_status": "GeoAI classified", "ai_profile_description": "Areas with comparatively high population exposure and concentrations of mapped schools and healthcare facilities. Connectivity is generally moderate to strong, but disruption or degradation may affect more people and essential services.", "ai_profile_interpretation": "Mixed / transitional recurring profile", "cluster_silhouette": 0.30697944792362675, "nearest_locality": "Bandar Saujana Utama", "nearest_locality_type": "suburb", "nearest_major_locality": "Bandar Saujana Utama", "nearest_major_locality_type": "suburb", "nearest_locality_distance_km": 0.86, "nearest_major_locality_distance_km": 0.86, "locality_source": "OpenStreetMap / Geofabrik" }, "geometry": { "type": "Polygon", "coordinates": [ [ [ 101.483410835280694, 3.19969368805284 ], [ 101.483454495881446, 3.217770638233216 ], [ 101.491976088683373, 3.217749749947723 ], [ 101.491752540071985, 3.199673356190015 ], [ 101.483410835280694, 3.19969368805284 ] ] ] } },
{ "type": "Feature", "properties": { "cell_id": "KS_316", "cell_area_km2": 1.6830130455999213, "center_lon": 101.45642623201273, "center_lat": 3.1964830459524047, "study_area": "Kuala Selangor", "dataset_version": "2.0.0", "geoai_model_version": "kmeans-k3-v1", "network_tiles": 5, "network_tests": 92, "avg_download_mbps": 149.59223913043479, "avg_upload_mbps": 31.298445652173911, "avg_latency_ms": 21.608695652173914, "network_data_present": true, "population": 968.76240572100505, "population_pixels": 133, "population_data_present": true, "school_count": 0, "hospital_count": 0, "clinic_count": 0, "doctor_count": 0, "healthcare_count": 0, "download_gap": 0.36813186813186816, "upload_gap": 0.18131868131868134, "latency_gap": 0.42307692307692307, "connectivity_gap_score": 32.417582417582416, "population_exposure": 0.5934959349593496, "school_exposure": 0.0, "healthcare_exposure": 0.0, "general_exposure": 0.5934959349593496, "education_exposure": 0.5934959349593496, "healthcare_exposure_mode": 0.5934959349593496, "score_general": 19.239703386044852, "score_education": 19.239703386044852, "score_healthcare": 19.239703386044852, "priority_general": "Medium", "priority_education": "Medium", "priority_healthcare": "Medium", "decision_general": "Monitor / investigate", "decision_education": "Monitor / investigate", "decision_healthcare": "Monitor / investigate", "analysis_status": "Observed", "evidence_label": "Strong", "evidence_strength_score": 86.813186813186817, "evidence_gap_exposure": 0.5934959349593496, "evidence_gap_rank": null, "validation_needed": false, "top5_general": false, "top5_education": false, "top5_healthcare": false, "top5_evidence_gap": false, "ai_cluster_id": 0.0, "ai_profile": "Strong-Connectivity Areas", "ai_profile_status": "GeoAI classified", "ai_profile_description": "Areas characterised by comparatively strong mobile download and upload performance, lower latency, moderate population exposure, and relatively few mapped essential-service facilities.", "ai_profile_interpretation": "Distinct recurring profile", "cluster_silhouette": 0.31821867359227313, "nearest_locality": "Bandar Hillpark", "nearest_locality_type": "suburb", "nearest_major_locality": "Bandar Hillpark", "nearest_major_locality_type": "suburb", "nearest_locality_distance_km": 1.84, "nearest_major_locality_distance_km": 1.84, "locality_source": "OpenStreetMap / Geofabrik" }, "geometry": { "type": "Polygon", "coordinates": [ [ [ 101.447441641888901, 3.199780578100333 ], [ 101.465426361309724, 3.199737291145813 ], [ 101.465410712090076, 3.19318547902555 ], [ 101.462932787000057, 3.191948432000061 ], [ 101.447423729789165, 3.192225106712497 ], [ 101.447441641888901, 3.199780578100333 ] ] ] } },
{ "type": "Feature", "properties": { "cell_id": "KS_317", "cell_area_km2": 2.0449138104908173, "center_lon": 101.40247082894341, "center_lat": 3.1964725620978802, "study_area": "Kuala Selangor", "dataset_version": "2.0.0", "geoai_model_version": "kmeans-k3-v1", "network_tiles": 2, "network_tests": 6, "avg_download_mbps": 278.2445, "avg_upload_mbps": 50.3745, "avg_latency_ms": 15.5, "network_data_present": true, "population": 779.74617072660476, "population_pixels": 145, "population_data_present": true, "school_count": 0, "hospital_count": 0, "clinic_count": 0, "doctor_count": 0, "healthcare_count": 0, "download_gap": 0.087912087912087933, "upload_gap": 0.043956043956043911, "latency_gap": 0.043956043956043959, "connectivity_gap_score": 5.8608058608058604, "population_exposure": 0.51219512195121952, "school_exposure": 0.0, "healthcare_exposure": 0.0, "general_exposure": 0.51219512195121952, "education_exposure": 0.51219512195121952, "healthcare_exposure_mode": 0.51219512195121952, "score_general": 3.0018761726078798, "score_education": 3.0018761726078798, "score_healthcare": 3.0018761726078798, "priority_general": "Low", "priority_education": "Low", "priority_healthcare": "Low", "decision_general": "Lower relative priority", "decision_education": "Lower relative priority", "decision_healthcare": "Lower relative priority", "analysis_status": "Observed", "evidence_label": "Moderate", "evidence_strength_score": 28.571428571428569, "evidence_gap_exposure": 0.51219512195121952, "evidence_gap_rank": null, "validation_needed": false, "top5_general": false, "top5_education": false, "top5_healthcare": false, "top5_evidence_gap": false, "ai_cluster_id": 0.0, "ai_profile": "Strong-Connectivity Areas", "ai_profile_status": "GeoAI classified", "ai_profile_description": "Areas characterised by comparatively strong mobile download and upload performance, lower latency, moderate population exposure, and relatively few mapped essential-service facilities.", "ai_profile_interpretation": "Distinct recurring profile", "cluster_silhouette": 0.46176157974129384, "nearest_locality": "Puncak Alam", "nearest_locality_type": "town", "nearest_major_locality": "Puncak Alam", "nearest_major_locality_type": "town", "nearest_locality_distance_km": 5.15, "nearest_major_locality_distance_km": 5.15, "locality_source": "OpenStreetMap / Geofabrik" }, "geometry": { "type": "Polygon", "coordinates": [ [ [ 101.393486028788942, 3.199908541920785 ], [ 101.411471473842241, 3.199866203508905 ], [ 101.4114551212474, 3.19286632945739 ], [ 101.400451718000056, 3.193062434000069 ], [ 101.400451718000056, 3.187121077000028 ], [ 101.393455828771536, 3.186871695456529 ], [ 101.393486028788942, 3.199908541920785 ] ] ] } },
{ "type": "Feature", "properties": { "cell_id": "KS_318", "cell_area_km2": 1.5795998870153172, "center_lon": 101.42045589521489, "center_lat": 3.1963450021606716, "study_area": "Kuala Selangor", "dataset_version": "2.0.0", "geoai_model_version": "kmeans-k3-v1", "network_tiles": 2, "network_tests": 7, "avg_download_mbps": 178.93414285714286, "avg_upload_mbps": 25.193, "avg_latency_ms": 17.571428571428573, "network_data_present": true, "population": 544.75423558149487, "population_pixels": 170, "population_data_present": true, "school_count": 0, "hospital_count": 0, "clinic_count": 0, "doctor_count": 0, "healthcare_count": 0, "download_gap": 0.26923076923076927, "upload_gap": 0.3571428571428571, "latency_gap": 0.14285714285714285, "connectivity_gap_score": 25.641025641025639, "population_exposure": 0.46747967479674796, "school_exposure": 0.0, "healthcare_exposure": 0.0, "general_exposure": 0.46747967479674796, "education_exposure": 0.46747967479674801, "healthcare_exposure_mode": 0.46747967479674801, "score_general": 11.986658328121742, "score_education": 11.986658328121742, "score_healthcare": 11.986658328121742, "priority_general": "Low", "priority_education": "Low", "priority_healthcare": "Low", "decision_general": "Lower relative priority", "decision_education": "Lower relative priority", "decision_healthcare": "Lower relative priority", "analysis_status": "Observed", "evidence_label": "Moderate", "evidence_strength_score": 32.417582417582416, "evidence_gap_exposure": 0.46747967479674796, "evidence_gap_rank": null, "validation_needed": false, "top5_general": false, "top5_education": false, "top5_healthcare": false, "top5_evidence_gap": false, "ai_cluster_id": 0.0, "ai_profile": "Strong-Connectivity Areas", "ai_profile_status": "GeoAI classified", "ai_profile_description": "Areas characterised by comparatively strong mobile download and upload performance, lower latency, moderate population exposure, and relatively few mapped essential-service facilities.", "ai_profile_interpretation": "Distinct recurring profile", "cluster_silhouette": 0.24897261359545139, "nearest_locality": "Puncak Alam", "nearest_locality_type": "town", "nearest_major_locality": "Puncak Alam", "nearest_major_locality_type": "town", "nearest_locality_distance_km": 4.24, "nearest_major_locality_distance_km": 4.24, "locality_source": "OpenStreetMap / Geofabrik" }, "geometry": { "type": "Polygon", "coordinates": [ [ [ 101.411471473842241, 3.199866203508905 ], [ 101.429456678804343, 3.199823548895085 ], [ 101.429439550716211, 3.192545645566568 ], [ 101.426470558000062, 3.192598533000023 ], [ 101.4114551212474, 3.19286632945739 ], [ 101.411471473842241, 3.199866203508905 ] ] ] } },
{ "type": "Feature", "properties": { "cell_id": "KS_319", "cell_area_km2": 1.6410809342580615, "center_lon": 101.43844059010755, "center_lat": 3.1961631759330764, "study_area": "Kuala Selangor", "dataset_version": "2.0.0", "geoai_model_version": "kmeans-k3-v1", "network_tiles": 4, "network_tests": 50, "avg_download_mbps": 97.8162, "avg_upload_mbps": 15.46902, "avg_latency_ms": 26.82, "network_data_present": true, "population": 793.66107451869175, "population_pixels": 160, "population_data_present": true, "school_count": 0, "hospital_count": 0, "clinic_count": 0, "doctor_count": 0, "healthcare_count": 0, "download_gap": 0.5, "upload_gap": 0.54395604395604402, "latency_gap": 0.70329670329670335, "connectivity_gap_score": 58.241758241758248, "population_exposure": 0.52032520325203258, "school_exposure": 0.0, "healthcare_exposure": 0.0, "general_exposure": 0.52032520325203258, "education_exposure": 0.52032520325203258, "healthcare_exposure_mode": 0.52032520325203258, "score_general": 30.304654694898602, "score_education": 30.304654694898602, "score_healthcare": 30.304654694898602, "priority_general": "Medium", "priority_education": "Medium", "priority_healthcare": "Medium", "decision_general": "Monitor / investigate", "decision_education": "Monitor / investigate", "decision_healthcare": "Monitor / investigate", "analysis_status": "Observed", "evidence_label": "Strong", "evidence_strength_score": 75.0, "evidence_gap_exposure": 0.52032520325203258, "evidence_gap_rank": null, "validation_needed": false, "top5_general": false, "top5_education": false, "top5_healthcare": false, "top5_evidence_gap": false, "ai_cluster_id": 2.0, "ai_profile": "Connectivity-Constrained Areas", "ai_profile_status": "GeoAI classified", "ai_profile_description": "Areas characterised by comparatively lower download and upload performance, higher connectivity gaps, lower population density, and relatively few mapped essential-service facilities.", "ai_profile_interpretation": "Distinct recurring profile", "cluster_silhouette": 0.25328176101385547, "nearest_locality": "Bandar Hillpark", "nearest_locality_type": "suburb", "nearest_major_locality": "Bandar Hillpark", "nearest_major_locality_type": "suburb", "nearest_locality_distance_km": 3.24, "nearest_major_locality_distance_km": 3.24, "locality_source": "OpenStreetMap / Geofabrik" }, "geometry": { "type": "Polygon", "coordinates": [ [ [ 101.429456678804343, 3.199823548895085 ], [ 101.447441641888901, 3.199780578100333 ], [ 101.447423729789165, 3.192225106712497 ], [ 101.429439550716211, 3.192545645566568 ], [ 101.429456678804343, 3.199823548895085 ] ] ] } },
{ "type": "Feature", "properties": { "cell_id": "KS_320", "cell_area_km2": 1.2005086038384609, "center_lon": 101.47912066282319, "center_lat": 3.1960146108379859, "study_area": "Kuala Selangor", "dataset_version": "2.0.0", "geoai_model_version": "kmeans-k3-v1", "network_tiles": 3, "network_tests": 17, "avg_download_mbps": 182.72329411764704, "avg_upload_mbps": 35.296058823529414, "avg_latency_ms": 15.882352941176471, "network_data_present": true, "population": 1419.517078736797, "population_pixels": 130, "population_data_present": true, "school_count": 0, "hospital_count": 0, "clinic_count": 0, "doctor_count": 0, "healthcare_count": 0, "download_gap": 0.25824175824175821, "upload_gap": 0.12087912087912089, "latency_gap": 0.06043956043956044, "connectivity_gap_score": 14.652014652014653, "population_exposure": 0.68699186991869921, "school_exposure": 0.0, "healthcare_exposure": 0.0, "general_exposure": 0.68699186991869921, "education_exposure": 0.68699186991869921, "healthcare_exposure_mode": 0.68699186991869921, "score_general": 10.065814943863725, "score_education": 10.065814943863725, "score_healthcare": 10.065814943863725, "priority_general": "Low", "priority_education": "Low", "priority_healthcare": "Low", "decision_general": "Lower relative priority", "decision_education": "Lower relative priority", "decision_healthcare": "Lower relative priority", "analysis_status": "Observed", "evidence_label": "Good", "evidence_strength_score": 53.296703296703299, "evidence_gap_exposure": 0.68699186991869921, "evidence_gap_rank": null, "validation_needed": false, "top5_general": false, "top5_education": false, "top5_healthcare": false, "top5_evidence_gap": false, "ai_cluster_id": 0.0, "ai_profile": "Strong-Connectivity Areas", "ai_profile_status": "GeoAI classified", "ai_profile_description": "Areas characterised by comparatively strong mobile download and upload performance, lower latency, moderate population exposure, and relatively few mapped essential-service facilities.", "ai_profile_interpretation": "Distinct recurring profile", "cluster_silhouette": 0.43648630855964038, "nearest_locality": "Bandar Saujana Utama", "nearest_locality_type": "suburb", "nearest_major_locality": "Bandar Saujana Utama", "nearest_major_locality_type": "suburb", "nearest_locality_distance_km": 1.2, "nearest_major_locality_distance_km": 1.2, "locality_source": "OpenStreetMap / Geofabrik" }, "geometry": { "type": "Polygon", "coordinates": [ [ [ 101.465426361309724, 3.199737291145813 ], [ 101.483410835280694, 3.19969368805284 ], [ 101.483393985705504, 3.192689884358395 ], [ 101.483387898000061, 3.192691100000046 ], [ 101.477065409000048, 3.192691100000047 ], [ 101.474090120000085, 3.197147097000027 ], [ 101.468883365000067, 3.194919101000039 ], [ 101.465410712090076, 3.19318547902555 ], [ 101.465426361309724, 3.199737291145813 ] ] ] } },
{ "type": "Feature", "properties": { "cell_id": "KS_321", "cell_area_km2": 2.9601378799044178, "center_lon": 101.38447815794768, "center_lat": 3.1934111267952408, "study_area": "Kuala Selangor", "dataset_version": "2.0.0", "geoai_model_version": "kmeans-k3-v1", "network_tiles": 1, "network_tests": 2, "avg_download_mbps": 17.606, "avg_upload_mbps": 3.125, "avg_latency_ms": 20.0, "network_data_present": true, "population": 41.055960834026337, "population_pixels": 37, "population_data_present": true, "school_count": 0, "hospital_count": 0, "clinic_count": 0, "doctor_count": 0, "healthcare_count": 0, "download_gap": 0.87912087912087911, "upload_gap": 0.85164835164835162, "latency_gap": 0.31868131868131866, "connectivity_gap_score": 68.315018315018307, "population_exposure": 0.11788617886178862, "school_exposure": 0.0, "healthcare_exposure": 0.0, "general_exposure": 0.11788617886178862, "education_exposure": 0.11788617886178865, "healthcare_exposure_mode": 0.11788617886178865, "score_general": 8.0533964680306127, "score_education": 8.0533964680306163, "score_healthcare": 8.0533964680306163, "priority_general": "Low", "priority_education": "Low", "priority_healthcare": "Low", "decision_general": "Lower relative priority", "decision_education": "Lower relative priority", "decision_healthcare": "Lower relative priority", "analysis_status": "Observed", "evidence_label": "Limited", "evidence_strength_score": 14.560439560439562, "evidence_gap_exposure": 0.11788617886178862, "evidence_gap_rank": null, "validation_needed": false, "top5_general": false, "top5_education": false, "top5_healthcare": false, "top5_evidence_gap": false, "ai_cluster_id": 2.0, "ai_profile": "Connectivity-Constrained Areas", "ai_profile_status": "GeoAI classified", "ai_profile_description": "Areas characterised by comparatively lower download and upload performance, higher connectivity gaps, lower population density, and relatively few mapped essential-service facilities.", "ai_profile_interpretation": "Distinct recurring profile", "cluster_silhouette": 0.4083906428626855, "nearest_locality": "Simpang Tiga", "nearest_locality_type": "hamlet", "nearest_major_locality": "Puncak Alam", "nearest_major_locality_type": "town", "nearest_locality_distance_km": 5.69, "nearest_major_locality_distance_km": 6.46, "locality_source": "OpenStreetMap / Geofabrik" }, "geometry": { "type": "Polygon", "coordinates": [ [ [ 101.375500345430837, 3.199950564109873 ], [ 101.393486028788942, 3.199908541920785 ], [ 101.393455828771536, 3.186871695456529 ], [ 101.37546880433122, 3.186230288430064 ], [ 101.375500345430837, 3.199950564109873 ] ] ] } },
{ "type": "Feature", "properties": { "cell_id": "KS_322", "cell_area_km2": 3.6698997899097274, "center_lon": 101.36649168699869, "center_lat": 3.1931112743929573, "study_area": "Kuala Selangor", "dataset_version": "2.0.0", "geoai_model_version": "kmeans-k3-v1", "network_tiles": 2, "network_tests": 8, "avg_download_mbps": 8.824, "avg_upload_mbps": 1.6345, "avg_latency_ms": 77.25, "network_data_present": true, "population": 490.29633075930178, "population_pixels": 167, "population_data_present": true, "school_count": 0, "hospital_count": 0, "clinic_count": 0, "doctor_count": 0, "healthcare_count": 0, "download_gap": 0.94505494505494503, "upload_gap": 0.91208791208791207, "latency_gap": 0.98901098901098905, "connectivity_gap_score": 94.871794871794876, "population_exposure": 0.45528455284552843, "school_exposure": 0.0, "healthcare_exposure": 0.0, "general_exposure": 0.45528455284552843, "education_exposure": 0.45528455284552849, "healthcare_exposure_mode": 0.45528455284552849, "score_general": 43.193662705857825, "score_education": 43.193662705857832, "score_healthcare": 43.193662705857832, "priority_general": "High", "priority_education": "High", "priority_healthcare": "High", "decision_general": "High priority - validate evidence", "decision_education": "High priority - validate evidence", "decision_healthcare": "High priority - validate evidence", "analysis_status": "Observed", "evidence_label": "Moderate", "evidence_strength_score": 36.538461538461533, "evidence_gap_exposure": 0.45528455284552843, "evidence_gap_rank": null, "validation_needed": true, "top5_general": false, "top5_education": false, "top5_healthcare": false, "top5_evidence_gap": false, "ai_cluster_id": 2.0, "ai_profile": "Connectivity-Constrained Areas", "ai_profile_status": "GeoAI classified", "ai_profile_description": "Areas characterised by comparatively lower download and upload performance, higher connectivity gaps, lower population density, and relatively few mapped essential-service facilities.", "ai_profile_interpretation": "Distinct recurring profile", "cluster_silhouette": 0.29567802428853285, "nearest_locality": "Simpang Tiga", "nearest_locality_type": "hamlet", "nearest_major_locality": "Jeram", "nearest_major_locality_type": "village", "nearest_locality_distance_km": 4.43, "nearest_major_locality_distance_km": 6.84, "locality_source": "OpenStreetMap / Geofabrik" }, "geometry": { "type": "Polygon", "coordinates": [ [ [ 101.357473207925224, 3.181913622690516 ], [ 101.357514425554555, 3.199992270055472 ], [ 101.375500345430837, 3.199950564109873 ], [ 101.37546880433122, 3.186230288430064 ], [ 101.369211184000051, 3.186007069000028 ], [ 101.369052464724604, 3.18188696023025 ], [ 101.357473207925224, 3.181913622690516 ] ] ] } },
{ "type": "Feature", "properties": { "cell_id": "KS_323", "cell_area_km2": 0.97079423008256094, "center_lon": 101.48845598945123, "center_lat": 3.1923113665643661, "study_area": "Kuala Selangor", "dataset_version": "2.0.0", "geoai_model_version": "kmeans-k3-v1", "network_tiles": 2, "network_tests": 27, "avg_download_mbps": 153.65062962962963, "avg_upload_mbps": 26.258703703703706, "avg_latency_ms": 16.518518518518519, "network_data_present": true, "population": 801.59342298097908, "population_pixels": 76, "population_data_present": true, "school_count": 0, "hospital_count": 0, "clinic_count": 0, "doctor_count": 0, "healthcare_count": 0, "download_gap": 0.34065934065934067, "upload_gap": 0.31868131868131866, "latency_gap": 0.087912087912087919, "connectivity_gap_score": 24.908424908424909, "population_exposure": 0.52845528455284552, "school_exposure": 0.0, "healthcare_exposure": 0.0, "general_exposure": 0.52845528455284552, "education_exposure": 0.52845528455284552, "healthcare_exposure_mode": 0.52845528455284552, "score_general": 13.162988772744871, "score_education": 13.162988772744871, "score_healthcare": 13.162988772744871, "priority_general": "Low", "priority_education": "Low", "priority_healthcare": "Low", "decision_general": "Lower relative priority", "decision_education": "Lower relative priority", "decision_healthcare": "Lower relative priority", "analysis_status": "Observed", "evidence_label": "Good", "evidence_strength_score": 65.384615384615387, "evidence_gap_exposure": 0.52845528455284552, "evidence_gap_rank": null, "validation_needed": false, "top5_general": false, "top5_education": false, "top5_healthcare": false, "top5_evidence_gap": false, "ai_cluster_id": 0.0, "ai_profile": "Strong-Connectivity Areas", "ai_profile_status": "GeoAI classified", "ai_profile_description": "Areas characterised by comparatively strong mobile download and upload performance, lower latency, moderate population exposure, and relatively few mapped essential-service facilities.", "ai_profile_interpretation": "Distinct recurring profile", "cluster_silhouette": 0.25625006820671925, "nearest_locality": "Bandar Saujana Utama", "nearest_locality_type": "suburb", "nearest_major_locality": "Bandar Saujana Utama", "nearest_major_locality_type": "suburb", "nearest_locality_distance_km": 1.56, "nearest_major_locality_distance_km": 1.56, "locality_source": "OpenStreetMap / Geofabrik" }, "geometry": { "type": "Polygon", "coordinates": [ [ [ 101.483410835280694, 3.19969368805284 ], [ 101.491752540071985, 3.199673356190015 ], [ 101.491569943000059, 3.184893059000046 ], [ 101.487107009000056, 3.191948432000061 ], [ 101.483393985705504, 3.192689884358395 ], [ 101.483410835280694, 3.19969368805284 ] ] ] } },
{ "type": "Feature", "properties": { "cell_id": "KS_324", "cell_area_km2": 4.0, "center_lon": 101.33051470368018, "center_lat": 3.1910147377628406, "study_area": "Kuala Selangor", "dataset_version": "2.0.0", "geoai_model_version": "kmeans-k3-v1", "network_tiles": 1, "network_tests": 1, "avg_download_mbps": 38.645, "avg_upload_mbps": 1.214, "avg_latency_ms": 43.0, "network_data_present": true, "population": 197.9194726399146, "population_pixels": 98, "population_data_present": true, "school_count": 0, "hospital_count": 0, "clinic_count": 0, "doctor_count": 0, "healthcare_count": 0, "download_gap": 0.74725274725274726, "upload_gap": 0.92307692307692313, "latency_gap": 0.91758241758241754, "connectivity_gap_score": 86.263736263736263, "population_exposure": 0.28455284552845528, "school_exposure": 0.0, "healthcare_exposure": 0.0, "general_exposure": 0.28455284552845528, "education_exposure": 0.28455284552845528, "healthcare_exposure_mode": 0.28455284552845528, "score_general": 24.546591619762353, "score_education": 24.546591619762353, "score_healthcare": 24.546591619762353, "priority_general": "Medium", "priority_education": "Medium", "priority_healthcare": "Medium", "decision_general": "Monitor / investigate", "decision_education": "Monitor / investigate", "decision_healthcare": "Monitor / investigate", "analysis_status": "Observed", "evidence_label": "Limited", "evidence_strength_score": 5.7692307692307692, "evidence_gap_exposure": 0.28455284552845528, "evidence_gap_rank": null, "validation_needed": false, "top5_general": false, "top5_education": false, "top5_healthcare": false, "top5_evidence_gap": false, "ai_cluster_id": 2.0, "ai_profile": "Connectivity-Constrained Areas", "ai_profile_status": "GeoAI classified", "ai_profile_description": "Areas characterised by comparatively lower download and upload performance, higher connectivity gaps, lower population density, and relatively few mapped essential-service facilities.", "ai_profile_interpretation": "Distinct recurring profile", "cluster_silhouette": 0.47117465035063683, "nearest_locality": "Sungai Sembilang", "nearest_locality_type": "hamlet", "nearest_major_locality": "Jeram", "nearest_major_locality_type": "village", "nearest_locality_distance_km": 1.8, "nearest_major_locality_distance_km": 4.27, "locality_source": "OpenStreetMap / Geofabrik" }, "geometry": { "type": "Polygon", "coordinates": [ [ [ 101.321501293303271, 3.181995618963037 ], [ 101.321541883394204, 3.200074733134187 ], [ 101.339528270946744, 3.200033659737039 ], [ 101.339487367076515, 3.181954778073786 ], [ 101.321501293303271, 3.181995618963037 ] ] ] } },
{ "type": "Feature", "properties": { "cell_id": "KS_325", "cell_area_km2": 4.0, "center_lon": 101.34850081787576, "center_lat": 3.1909736229234733, "study_area": "Kuala Selangor", "dataset_version": "2.0.0", "geoai_model_version": "kmeans-k3-v1", "network_tiles": 1, "network_tests": 11, "avg_download_mbps": 6.964, "avg_upload_mbps": 1.039, "avg_latency_ms": 62.0, "network_data_present": true, "population": 23.851237028837204, "population_pixels": 24, "population_data_present": true, "school_count": 0, "hospital_count": 0, "clinic_count": 0, "doctor_count": 0, "healthcare_count": 0, "download_gap": 0.97252747252747251, "upload_gap": 0.94505494505494503, "latency_gap": 0.97252747252747251, "connectivity_gap_score": 96.336996336996336, "population_exposure": 0.08943089430894309, "school_exposure": 0.0, "healthcare_exposure": 0.0, "general_exposure": 0.08943089430894309, "education_exposure": 0.089430894308943132, "healthcare_exposure_mode": 0.089430894308943132, "score_general": 8.6155037374549579, "score_education": 8.6155037374549615, "score_healthcare": 8.6155037374549615, "priority_general": "Low", "priority_education": "Low", "priority_healthcare": "Low", "decision_general": "Lower relative priority", "decision_education": "Lower relative priority", "decision_healthcare": "Lower relative priority", "analysis_status": "Observed", "evidence_label": "Moderate", "evidence_strength_score": 44.505494505494504, "evidence_gap_exposure": 0.08943089430894309, "evidence_gap_rank": null, "validation_needed": false, "top5_general": false, "top5_education": false, "top5_healthcare": false, "top5_evidence_gap": false, "ai_cluster_id": 2.0, "ai_profile": "Connectivity-Constrained Areas", "ai_profile_status": "GeoAI classified", "ai_profile_description": "Areas characterised by comparatively lower download and upload performance, higher connectivity gaps, lower population density, and relatively few mapped essential-service facilities.", "ai_profile_interpretation": "Distinct recurring profile", "cluster_silhouette": 0.33120364030614452, "nearest_locality": "Sungai Sembilang", "nearest_locality_type": "hamlet", "nearest_major_locality": "Jeram", "nearest_major_locality_type": "village", "nearest_locality_distance_km": 3.78, "nearest_major_locality_distance_km": 5.4, "locality_source": "OpenStreetMap / Geofabrik" }, "geometry": { "type": "Polygon", "coordinates": [ [ [ 101.339487367076515, 3.181954778073786 ], [ 101.339528270946744, 3.200033659737039 ], [ 101.357514425554555, 3.199992270055472 ], [ 101.357473207925224, 3.181913622690516 ], [ 101.339487367076515, 3.181954778073786 ] ] ] } },
{ "type": "Feature", "properties": { "cell_id": "KS_326", "cell_area_km2": 3.3346612094398447, "center_lon": 101.31402706005379, "center_lat": 3.1908358634210039, "study_area": "Kuala Selangor", "dataset_version": "2.0.0", "geoai_model_version": "kmeans-k3-v1", "network_tiles": 5, "network_tests": 57, "avg_download_mbps": 138.78540350877194, "avg_upload_mbps": 24.533543859649122, "avg_latency_ms": 27.228070175438596, "network_data_present": true, "population": 2670.7839126582257, "population_pixels": 374, "population_data_present": true, "school_count": 2, "hospital_count": 0, "clinic_count": 1, "doctor_count": 0, "healthcare_count": 1, "download_gap": 0.41208791208791207, "upload_gap": 0.37362637362637363, "latency_gap": 0.71978021978021978, "connectivity_gap_score": 50.183150183150182, "population_exposure": 0.84146341463414631, "school_exposure": 0.7068965517241379, "healthcare_exposure": 0.26785714285714285, "general_exposure": 0.84146341463414631, "education_exposure": 0.95353238015138775, "healthcare_exposure_mode": 0.8839285714285714, "score_general": 42.227284910211736, "score_education": 47.851258637633741, "score_healthcare": 44.358320251177389, "priority_general": "High", "priority_education": "High", "priority_healthcare": "High", "decision_general": "High priority - supported", "decision_education": "High priority - supported", "decision_healthcare": "High priority - supported", "analysis_status": "Observed", "evidence_label": "Strong", "evidence_strength_score": 78.571428571428569, "evidence_gap_exposure": 0.96597906403940892, "evidence_gap_rank": null, "validation_needed": false, "top5_general": false, "top5_education": false, "top5_healthcare": false, "top5_evidence_gap": false, "ai_cluster_id": 1.0, "ai_profile": "High-Exposure Essential-Service Hubs", "ai_profile_status": "GeoAI classified", "ai_profile_description": "Areas with comparatively high population exposure and concentrations of mapped schools and healthcare facilities. Connectivity is generally moderate to strong, but disruption or degradation may affect more people and essential services.", "ai_profile_interpretation": "Mixed / transitional recurring profile", "cluster_silhouette": -0.14745698957924777, "nearest_locality": "Sungai Sembilang", "nearest_locality_type": "hamlet", "nearest_major_locality": "Jeram", "nearest_major_locality_type": "village", "nearest_locality_distance_km": 0.4, "nearest_major_locality_distance_km": 3.9, "locality_source": "OpenStreetMap / Geofabrik" }, "geometry": { "type": "Polygon", "coordinates": [ [ [ 101.321541883394204, 3.200074733134187 ], [ 101.321501293303271, 3.181995618963037 ], [ 101.306800836197723, 3.182028765252802 ], [ 101.30626522600005, 3.199676795000073 ], [ 101.306289289108733, 3.2001093154362 ], [ 101.321541883394204, 3.200074733134187 ] ] ] } },
{ "type": "Feature", "properties": { "cell_id": "KS_327", "cell_area_km2": 0.79505746132813626, "center_lon": 101.36320640429054, "center_lat": 3.1791328403809778, "study_area": "Kuala Selangor", "dataset_version": "2.0.0", "geoai_model_version": "kmeans-k3-v1", "network_tiles": 1, "network_tests": 1, "avg_download_mbps": 11.061, "avg_upload_mbps": 1.882, "avg_latency_ms": 21.0, "network_data_present": true, "population": 55.201424576342106, "population_pixels": 28, "population_data_present": true, "school_count": 0, "hospital_count": 0, "clinic_count": 0, "doctor_count": 0, "healthcare_count": 0, "download_gap": 0.92307692307692313, "upload_gap": 0.90109890109890112, "latency_gap": 0.39010989010989011, "connectivity_gap_score": 73.80952380952381, "population_exposure": 0.15447154471544716, "school_exposure": 0.0, "healthcare_exposure": 0.0, "general_exposure": 0.15447154471544716, "education_exposure": 0.15447154471544722, "healthcare_exposure_mode": 0.15447154471544722, "score_general": 11.40147115756872, "score_education": 11.401471157568723, "score_healthcare": 11.401471157568723, "priority_general": "Low", "priority_education": "Low", "priority_healthcare": "Low", "decision_general": "Lower relative priority", "decision_education": "Lower relative priority", "decision_healthcare": "Lower relative priority", "analysis_status": "Observed", "evidence_label": "Limited", "evidence_strength_score": 5.7692307692307692, "evidence_gap_exposure": 0.15447154471544716, "evidence_gap_rank": null, "validation_needed": false, "top5_general": false, "top5_education": false, "top5_healthcare": false, "top5_evidence_gap": false, "ai_cluster_id": 2.0, "ai_profile": "Connectivity-Constrained Areas", "ai_profile_status": "GeoAI classified", "ai_profile_description": "Areas characterised by comparatively lower download and upload performance, higher connectivity gaps, lower population density, and relatively few mapped essential-service facilities.", "ai_profile_interpretation": "Distinct recurring profile", "cluster_silhouette": 0.43407510879572025, "nearest_locality": "Simpang Tiga", "nearest_locality_type": "hamlet", "nearest_major_locality": "Jeram", "nearest_major_locality_type": "village", "nearest_locality_distance_km": 5.5, "nearest_major_locality_distance_km": 7.48, "locality_source": "OpenStreetMap / Geofabrik" }, "geometry": { "type": "Polygon", "coordinates": [ [ [ 101.357473207925224, 3.181913622690516 ], [ 101.369052464724604, 3.18188696023025 ], [ 101.368839273000049, 3.176352280000059 ], [ 101.357460199899407, 3.176186641494394 ], [ 101.357473207925224, 3.181913622690516 ] ] ] } },
{ "type": "Feature", "properties": { "cell_id": "KS_328", "cell_area_km2": 2.7068723010782403, "center_lon": 101.31408987222585, "center_lat": 3.1748030398903184, "study_area": "Kuala Selangor", "dataset_version": "2.0.0", "geoai_model_version": "kmeans-k3-v1", "network_tiles": 8, "network_tests": 137, "avg_download_mbps": 176.2454306569343, "avg_upload_mbps": 16.752211678832118, "avg_latency_ms": 22.116788321167885, "network_data_present": true, "population": 3213.0479430630803, "population_pixels": 272, "population_data_present": true, "school_count": 1, "hospital_count": 0, "clinic_count": 0, "doctor_count": 0, "healthcare_count": 0, "download_gap": 0.28021978021978022, "upload_gap": 0.51648351648351642, "latency_gap": 0.5, "connectivity_gap_score": 43.223443223443219, "population_exposure": 0.90243902439024393, "school_exposure": 0.30172413793103448, "healthcare_exposure": 0.0, "general_exposure": 0.90243902439024393, "education_exposure": 0.93187552565180831, "healthcare_exposure_mode": 0.90243902439024393, "score_general": 39.006521933351202, "score_education": 40.278868874327244, "score_healthcare": 39.006521933351202, "priority_general": "Medium", "priority_education": "Medium", "priority_healthcare": "Medium", "decision_general": "Monitor / investigate", "decision_education": "Monitor / investigate", "decision_healthcare": "Monitor / investigate", "analysis_status": "Observed", "evidence_label": "Strong", "evidence_strength_score": 91.758241758241752, "evidence_gap_exposure": 0.93187552565180831, "evidence_gap_rank": null, "validation_needed": false, "top5_general": false, "top5_education": false, "top5_healthcare": false, "top5_evidence_gap": false, "ai_cluster_id": 0.0, "ai_profile": "Strong-Connectivity Areas", "ai_profile_status": "GeoAI classified", "ai_profile_description": "Areas characterised by comparatively strong mobile download and upload performance, lower latency, moderate population exposure, and relatively few mapped essential-service facilities.", "ai_profile_interpretation": "Distinct recurring profile", "cluster_silhouette": 0.21552753399479668, "nearest_locality": "Sungai Sembilang", "nearest_locality_type": "hamlet", "nearest_major_locality": "Jeram", "nearest_major_locality_type": "village", "nearest_locality_distance_km": 2.23, "nearest_major_locality_distance_km": 5.74, "locality_source": "OpenStreetMap / Geofabrik" }, "geometry": { "type": "Polygon", "coordinates": [ [ [ 101.321501293303271, 3.181995618963037 ], [ 101.321462603277169, 3.164666165047448 ], [ 101.315730364000046, 3.169088849000048 ], [ 101.30644746300004, 3.165523956000072 ], [ 101.306846337000081, 3.180529844000034 ], [ 101.306800836197723, 3.182028765252802 ], [ 101.321501293303271, 3.181995618963037 ] ] ] } },
{ "type": "Feature", "properties": { "cell_id": "KS_329", "cell_area_km2": 3.9954990155796399, "center_lon": 101.33047491275947, "center_lat": 3.1733105672678592, "study_area": "Kuala Selangor", "dataset_version": "2.0.0", "geoai_model_version": "kmeans-k3-v1", "network_tiles": 1, "network_tests": 1, "avg_download_mbps": 70.522, "avg_upload_mbps": 5.695, "avg_latency_ms": 23.0, "network_data_present": true, "population": 1607.1446695029736, "population_pixels": 244, "population_data_present": true, "school_count": 0, "hospital_count": 0, "clinic_count": 0, "doctor_count": 0, "healthcare_count": 0, "download_gap": 0.58241758241758235, "upload_gap": 0.76923076923076916, "latency_gap": 0.52747252747252749, "connectivity_gap_score": 62.637362637362635, "population_exposure": 0.74390243902439024, "school_exposure": 0.0, "healthcare_exposure": 0.0, "general_exposure": 0.74390243902439024, "education_exposure": 0.74390243902439024, "healthcare_exposure_mode": 0.74390243902439024, "score_general": 46.596086839989276, "score_education": 46.596086839989276, "score_healthcare": 46.596086839989276, "priority_general": "High", "priority_education": "High", "priority_healthcare": "High", "decision_general": "High priority - validate evidence", "decision_education": "High priority - validate evidence", "decision_healthcare": "High priority - validate evidence", "analysis_status": "Observed", "evidence_label": "Limited", "evidence_strength_score": 5.7692307692307692, "evidence_gap_exposure": 0.74390243902439024, "evidence_gap_rank": null, "validation_needed": true, "top5_general": false, "top5_education": false, "top5_healthcare": false, "top5_evidence_gap": false, "ai_cluster_id": 2.0, "ai_profile": "Connectivity-Constrained Areas", "ai_profile_status": "GeoAI classified", "ai_profile_description": "Areas characterised by comparatively lower download and upload performance, higher connectivity gaps, lower population density, and relatively few mapped essential-service facilities.", "ai_profile_interpretation": "Distinct recurring profile", "cluster_silhouette": 0.34954109336036038, "nearest_locality": "Sungai Sembilang", "nearest_locality_type": "hamlet", "nearest_major_locality": "Jeram", "nearest_major_locality_type": "village", "nearest_locality_distance_km": 2.98, "nearest_major_locality_distance_km": 6.15, "locality_source": "OpenStreetMap / Geofabrik" }, "geometry": { "type": "Polygon", "coordinates": [ [ [ 101.321501293303271, 3.181995618963037 ], [ 101.339487367076515, 3.181954778073786 ], [ 101.33944669613085, 3.163875889538812 ], [ 101.322437087421207, 3.163914302001066 ], [ 101.321462603277169, 3.164666165047448 ], [ 101.321501293303271, 3.181995618963037 ] ] ] } },
{ "type": "Feature", "properties": { "cell_id": "KS_330", "cell_area_km2": 1.8935090267678987, "center_lon": 101.34140066562604, "center_lat": 3.1699284098828509, "study_area": "Kuala Selangor", "dataset_version": "2.0.0", "geoai_model_version": "kmeans-k3-v1", "network_tiles": 0, "network_tests": 0, "avg_download_mbps": null, "avg_upload_mbps": null, "avg_latency_ms": null, "network_data_present": false, "population": 151.77499911002815, "population_pixels": 70, "population_data_present": true, "school_count": 0, "hospital_count": 0, "clinic_count": 0, "doctor_count": 0, "healthcare_count": 0, "download_gap": null, "upload_gap": null, "latency_gap": null, "connectivity_gap_score": null, "population_exposure": 0.26829268292682928, "school_exposure": 0.0, "healthcare_exposure": 0.0, "general_exposure": 0.26829268292682928, "education_exposure": 0.26829268292682928, "healthcare_exposure_mode": 0.26829268292682928, "score_general": null, "score_education": null, "score_healthcare": null, "priority_general": "Evidence Gap", "priority_education": "Evidence Gap", "priority_healthcare": "Evidence Gap", "decision_general": "Evidence Gap", "decision_education": "Evidence Gap", "decision_healthcare": "Evidence Gap", "analysis_status": "Evidence Gap", "evidence_label": "Evidence Gap", "evidence_strength_score": null, "evidence_gap_exposure": 0.26829268292682928, "evidence_gap_rank": 21.0, "validation_needed": false, "top5_general": false, "top5_education": false, "top5_healthcare": false, "top5_evidence_gap": false, "ai_cluster_id": null, "ai_profile": "Unclassified - Evidence Gap", "ai_profile_status": "Unclassified - insufficient connectivity observations", "ai_profile_description": "Insufficient observed connectivity data for GeoAI profiling.", "ai_profile_interpretation": "Not classified", "cluster_silhouette": null, "nearest_locality": "Sungai Sembilang", "nearest_locality_type": "hamlet", "nearest_major_locality": "Jeram", "nearest_major_locality_type": "village", "nearest_locality_distance_km": 4.06, "nearest_major_locality_distance_km": 6.55, "locality_source": "OpenStreetMap / Geofabrik" }, "geometry": { "type": "Polygon", "coordinates": [ [ [ 101.339487367076515, 3.181954778073786 ], [ 101.357473207925224, 3.181913622690516 ], [ 101.357460199899407, 3.176186641494394 ], [ 101.343341046000035, 3.175980940000045 ], [ 101.343341044949895, 3.163867055594269 ], [ 101.343341046000035, 3.163622675000056 ], [ 101.339445737584498, 3.163448547650978 ], [ 101.33944669613085, 3.163875889538812 ], [ 101.339487367076515, 3.181954778073786 ] ] ] } },
{ "type": "Feature", "properties": { "cell_id": "KS_331", "cell_area_km2": 0.20092555643370294, "center_lon": 101.32588217855835, "center_lat": 3.1619611149073537, "study_area": "Kuala Selangor", "dataset_version": "2.0.0", "geoai_model_version": "kmeans-k3-v1", "network_tiles": 0, "network_tests": 0, "avg_download_mbps": null, "avg_upload_mbps": null, "avg_latency_ms": null, "network_data_present": false, "population": 243.83044576644897, "population_pixels": 22, "population_data_present": true, "school_count": 0, "hospital_count": 0, "clinic_count": 0, "doctor_count": 0, "healthcare_count": 0, "download_gap": null, "upload_gap": null, "latency_gap": null, "connectivity_gap_score": null, "population_exposure": 0.32520325203252032, "school_exposure": 0.0, "healthcare_exposure": 0.0, "general_exposure": 0.32520325203252032, "education_exposure": 0.32520325203252032, "healthcare_exposure_mode": 0.32520325203252032, "score_general": null, "score_education": null, "score_healthcare": null, "priority_general": "Evidence Gap", "priority_education": "Evidence Gap", "priority_healthcare": "Evidence Gap", "decision_general": "Evidence Gap", "decision_education": "Evidence Gap", "decision_healthcare": "Evidence Gap", "analysis_status": "Evidence Gap", "evidence_label": "Evidence Gap", "evidence_strength_score": null, "evidence_gap_exposure": 0.32520325203252032, "evidence_gap_rank": 14.0, "validation_needed": false, "top5_general": false, "top5_education": false, "top5_healthcare": false, "top5_evidence_gap": false, "ai_cluster_id": null, "ai_profile": "Unclassified - Evidence Gap", "ai_profile_status": "Unclassified - insufficient connectivity observations", "ai_profile_description": "Insufficient observed connectivity data for GeoAI profiling.", "ai_profile_interpretation": "Not classified", "cluster_silhouette": null, "nearest_locality": "Sungai Sembilang", "nearest_locality_type": "hamlet", "nearest_major_locality": "Jeram", "nearest_major_locality_type": "village", "nearest_locality_distance_km": 3.83, "nearest_major_locality_distance_km": 7.16, "locality_source": "OpenStreetMap / Geofabrik" }, "geometry": { "type": "Polygon", "coordinates": [ [ [ 101.33944669613085, 3.163875889538812 ], [ 101.339445737584498, 3.163448547650978 ], [ 101.32739349700006, 3.162909694000064 ], [ 101.326203382000074, 3.161008407000054 ], [ 101.322437087421207, 3.163914302001066 ], [ 101.33944669613085, 3.163875889538812 ] ] ] } }
]
}
