{"type": "FeatureCollection", "features": [{"id": "0", "type": "Feature", "properties": {"cell_id": "KS_000", "center_lon": 101.10758155700005, "center_lat": 3.4580084070000505, "population": 0.17442399263381958, "avg_download_mbps": null, "avg_upload_mbps": null, "avg_latency_ms": null, "network_tests": null, "school_count": 0, "healthcare_count": 0, "connectivity_quality": null, "connectivity_gap": null, "pop_norm": 1.4552296187142006e-05, "edu_exposure": 5.820918474856803e-06, "score_education": null, "health_exposure": 5.820918474856803e-06, "score_healthcare": null, "score_general": null, "priority_general": "No Data", "priority_education": "No Data", "priority_healthcare": "No Data", "cluster": 1, "ai_profile": "Moderate Coverage", "data_confidence": "No Data"}, "geometry": {"type": "Polygon", "coordinates": [[[101.11658155700005, 3.46700840700005], [101.11658155700005, 3.461359935048412], [101.11624188700006, 3.463055191000024], [101.11307251406599, 3.46700840700005], [101.11658155700005, 3.46700840700005]]]}}, {"id": "1", "type": "Feature", "properties": {"cell_id": "KS_001", "center_lon": 101.10758155700005, "center_lat": 3.4760084070000503, "population": 652.0718994140625, "avg_download_mbps": 67.36866666666667, "avg_upload_mbps": 9.293, "avg_latency_ms": 27.333333333333332, "network_tests": 7.0, "school_count": 0, "healthcare_count": 0, "connectivity_quality": 0.3821084987524654, "connectivity_gap": 0.6178915012475346, "pop_norm": 0.0544027416887935, "edu_exposure": 0.0217610966755174, "score_education": 3.037424273649049, "health_exposure": 0.0217610966755174, "score_healthcare": 2.9020462357818206, "score_general": 7.130335456098202, "priority_general": "Low", "priority_education": "Low", "priority_healthcare": "Low", "cluster": 0, "ai_profile": "High-Impact Connectivity Gap", "data_confidence": "Medium"}, "geometry": {"type": "Polygon", "coordinates": [[[101.11658155700005, 3.48500840700005], [101.11658155700005, 3.46700840700005], [101.11307251406599, 3.46700840700005], [101.0986415513225, 3.48500840700005], [101.11658155700005, 3.48500840700005]]]}}, {"id": "2", "type": "Feature", "properties": {"cell_id": "KS_002", "center_lon": 101.10758155700005, "center_lat": 3.49400840700005, "population": 592.9406127929688, "avg_download_mbps": 118.347, "avg_upload_mbps": 15.616, "avg_latency_ms": 29.0, "network_tests": 20.0, "school_count": 0, "healthcare_count": 0, "connectivity_quality": 0.45687361839191687, "connectivity_gap": 0.5431263816080831, "pop_norm": 0.049469383703786, "edu_exposure": 0.019787753481514403, "score_education": 2.394970483183565, "health_exposure": 0.019787753481514403, "score_healthcare": 2.2882266187928963, "score_general": 5.622178995770259, "priority_general": "Low", "priority_education": "Low", "priority_healthcare": "Low", "cluster": 0, "ai_profile": "High-Impact Connectivity Gap", "data_confidence": "High"}, "geometry": {"type": "Polygon", "coordinates": [[[101.11658155700005, 3.48500840700005], [101.0986415513225, 3.48500840700005], [101.09858155700005, 3.485083239000062], [101.11515230400005, 3.493579829000055], [101.11658155700005, 3.494544858331962], [101.11658155700005, 3.48500840700005]]]}}, {"id": "3", "type": "Feature", "properties": {"cell_id": "KS_003", "center_lon": 101.12558155700005, "center_lat": 3.4400084070000507, "population": 78.99095153808594, "avg_download_mbps": null, "avg_upload_mbps": null, "avg_latency_ms": null, "network_tests": null, "school_count": 0, "healthcare_count": 0, "connectivity_quality": null, "connectivity_gap": null, "pop_norm": 0.006590261497451395, "edu_exposure": 0.002636104598980558, "score_education": null, "health_exposure": 0.002636104598980558, "score_healthcare": null, "score_general": null, "priority_general": "No Data", "priority_education": "No Data", "priority_healthcare": "No Data", "cluster": 1, "ai_profile": "Moderate Coverage", "data_confidence": "No Data"}, "geometry": {"type": "Polygon", "coordinates": [[[101.13458155700005, 3.449008407000051], [101.13458155700005, 3.443192245739078], [101.12459294443237, 3.449008407000051], [101.13458155700005, 3.449008407000051]]]}}, {"id": "4", "type": "Feature", "properties": {"cell_id": "KS_004", "center_lon": 101.12558155700005, "center_lat": 3.4580084070000505, "population": 1155.2509765625, "avg_download_mbps": 197.4344, "avg_upload_mbps": 20.327, "avg_latency_ms": 22.4, "network_tests": 20.0, "school_count": 0, "healthcare_count": 0, "connectivity_quality": 0.5692318790928708, "connectivity_gap": 0.43076812090712924, "pop_norm": 0.09638326773493949, "edu_exposure": 0.0385533070939758, "score_education": 3.790048966430319, "health_exposure": 0.0385533070939758, "score_healthcare": 3.6211264365923492, "score_general": 8.897117455777897, "priority_general": "Low", "priority_education": "Low", "priority_healthcare": "Low", "cluster": 2, "ai_profile": "Well-Served Urban", "data_confidence": "High"}, "geometry": {"type": "Polygon", "coordinates": [[[101.11658155700005, 3.46700840700005], [101.13458155700005, 3.46700840700005], [101.13458155700005, 3.449008407000051], [101.12459294443237, 3.449008407000051], [101.12437744300007, 3.449133889000052], [101.11798522100008, 3.454354401000046], [101.11658155700005, 3.461359935048412], [101.11658155700005, 3.46700840700005]]]}}, {"id": "5", "type": "Feature", "properties": {"cell_id": "KS_005", "center_lon": 101.12558155700005, "center_lat": 3.4760084070000503, "population": 2842.0361328125, "avg_download_mbps": 59.834428571428575, "avg_upload_mbps": 10.39257142857143, "avg_latency_ms": 22.0, "network_tests": 36.0, "school_count": 0, "healthcare_count": 0, "connectivity_quality": 0.38219589190274267, "connectivity_gap": 0.6178041080972574, "pop_norm": 0.2371127443807183, "edu_exposure": 0.09484509775228733, "score_education": 13.785599537716006, "health_exposure": 0.09484509775228733, "score_healthcare": 13.171175193896136, "score_general": 32.36161310097728, "priority_general": "Low", "priority_education": "Low", "priority_healthcare": "Low", "cluster": 0, "ai_profile": "High-Impact Connectivity Gap", "data_confidence": "High"}, "geometry": {"type": "Polygon", "coordinates": [[[101.11658155700005, 3.46700840700005], [101.11658155700005, 3.48500840700005], [101.13458155700005, 3.48500840700005], [101.13458155700005, 3.46700840700005], [101.11658155700005, 3.46700840700005]]]}}, {"id": "6", "type": "Feature", "properties": {"cell_id": "KS_006", "center_lon": 101.12558155700005, "center_lat": 3.49400840700005, "population": 600.4631958007812, "avg_download_mbps": 18.179, "avg_upload_mbps": 7.5785, "avg_latency_ms": 19.5, "network_tests": 3.0, "school_count": 0, "healthcare_count": 0, "connectivity_quality": 0.3287316432723927, "connectivity_gap": 0.6712683567276073, "pop_norm": 0.05009699722397338, "edu_exposure": 0.020038798889589354, "score_education": 3.0387133272902056, "health_exposure": 0.020038798889589354, "score_healthcare": 2.9032778362860676, "score_general": 7.133361501870632, "priority_general": "Low", "priority_education": "Low", "priority_healthcare": "Low", "cluster": 0, "ai_profile": "High-Impact Connectivity Gap", "data_confidence": "Low"}, "geometry": {"type": "Polygon", "coordinates": [[[101.13458155700005, 3.50300840700005], [101.13458155700005, 3.48500840700005], [101.11658155700005, 3.48500840700005], [101.11658155700005, 3.494544858331962], [101.12911646337496, 3.50300840700005], [101.13458155700005, 3.50300840700005]]]}}, {"id": "7", "type": "Feature", "properties": {"cell_id": "KS_007", "center_lon": 101.12558155700005, "center_lat": 3.51200840700005, "population": 0.0, "avg_download_mbps": null, "avg_upload_mbps": null, "avg_latency_ms": null, "network_tests": null, "school_count": 0, "healthcare_count": 0, "connectivity_quality": null, "connectivity_gap": null, "pop_norm": 0.0, "edu_exposure": 0.0, "score_education": null, "health_exposure": 0.0, "score_healthcare": null, "score_general": null, "priority_general": "No Data", "priority_education": "No Data", "priority_healthcare": "No Data", "cluster": 1, "ai_profile": "Moderate Coverage", "data_confidence": "No Data"}, "geometry": {"type": "Polygon", "coordinates": [[[101.13458155700005, 3.50300840700005], [101.12911646337496, 3.50300840700005], [101.13458155700005, 3.506698429445231], [101.13458155700005, 3.50300840700005]]]}}, {"id": "8", "type": "Feature", "properties": {"cell_id": "KS_008", "center_lon": 101.14358155700005, "center_lat": 3.422008407000051, "population": 76.42585754394531, "avg_download_mbps": null, "avg_upload_mbps": null, "avg_latency_ms": null, "network_tests": null, "school_count": 0, "healthcare_count": 0, "connectivity_quality": null, "connectivity_gap": null, "pop_norm": 0.006376254198415655, "edu_exposure": 0.002550501679366262, "score_education": null, "health_exposure": 0.002550501679366262, "score_healthcare": null, "score_general": null, "priority_general": "No Data", "priority_education": "No Data", "priority_healthcare": "No Data", "cluster": 1, "ai_profile": "Moderate Coverage", "data_confidence": "No Data"}, "geometry": {"type": "Polygon", "coordinates": [[[101.15258155700005, 3.431008407000051], [101.15258155700005, 3.417362107345996], [101.15227077700007, 3.417810215000031], [101.14704077700009, 3.425351194000029], [101.14439600700062, 3.431008407000051], [101.15258155700005, 3.431008407000051]]]}}, {"id": "9", "type": "Feature", "properties": {"cell_id": "KS_009", "center_lon": 101.14358155700005, "center_lat": 3.4400084070000507, "population": 1566.670166015625, "avg_download_mbps": 134.054, "avg_upload_mbps": 8.274, "avg_latency_ms": 84.5, "network_tests": 11.0, "school_count": 0, "healthcare_count": 0, "connectivity_quality": 0.39389244738649853, "connectivity_gap": 0.6061075526135015, "pop_norm": 0.13070821243772984, "edu_exposure": 0.05228328497509194, "score_education": 7.380358565081731, "health_exposure": 0.05228328497509194, "score_healthcare": 7.051415891525946, "score_general": 17.32534793109403, "priority_general": "Low", "priority_education": "Low", "priority_healthcare": "Low", "cluster": 0, "ai_profile": "High-Impact Connectivity Gap", "data_confidence": "Medium"}, "geometry": {"type": "Polygon", "coordinates": [[[101.13458155700005, 3.449008407000051], [101.15258155700005, 3.449008407000051], [101.15258155700005, 3.431008407000051], [101.14439600700062, 3.431008407000051], [101.14297299900005, 3.434052248000057], [101.13832411000004, 3.441013035000026], [101.13458155700005, 3.443192245739078], [101.13458155700005, 3.449008407000051]]]}}, {"id": "10", "type": "Feature", "properties": {"cell_id": "KS_010", "center_lon": 101.14358155700005, "center_lat": 3.4580084070000505, "population": 3329.5869140625, "avg_download_mbps": 125.83742857142856, "avg_upload_mbps": 17.478285714285715, "avg_latency_ms": 22.285714285714285, "network_tests": 24.0, "school_count": 0, "healthcare_count": 0, "connectivity_quality": 0.47808904334345026, "connectivity_gap": 0.5219109566565497, "pop_norm": 0.27778939251775225, "edu_exposure": 0.11111575700710091, "score_education": 13.64201342206737, "health_exposure": 0.11111575700710091, "score_healthcare": 13.033988713217868, "score_general": 32.02454554663692, "priority_general": "Low", "priority_education": "Low", "priority_healthcare": "Low", "cluster": 0, "ai_profile": "High-Impact Connectivity Gap", "data_confidence": "High"}, "geometry": {"type": "Polygon", "coordinates": [[[101.13458155700005, 3.449008407000051], [101.13458155700005, 3.46700840700005], [101.15258155700005, 3.46700840700005], [101.15258155700005, 3.449008407000051], [101.13458155700005, 3.449008407000051]]]}}, {"id": "11", "type": "Feature", "properties": {"cell_id": "KS_011", "center_lon": 101.14358155700005, "center_lat": 3.4760084070000503, "population": 717.366455078125, "avg_download_mbps": null, "avg_upload_mbps": null, "avg_latency_ms": null, "network_tests": null, "school_count": 0, "healthcare_count": 0, "connectivity_quality": null, "connectivity_gap": null, "pop_norm": 0.05985030483124523, "edu_exposure": 0.023940121932498094, "score_education": null, "health_exposure": 0.023940121932498094, "score_healthcare": null, "score_general": null, "priority_general": "No Data", "priority_education": "No Data", "priority_healthcare": "No Data", "cluster": 1, "ai_profile": "Moderate Coverage", "data_confidence": "No Data"}, "geometry": {"type": "Polygon", "coordinates": [[[101.13458155700005, 3.46700840700005], [101.13458155700005, 3.48500840700005], [101.15258155700005, 3.48500840700005], [101.15258155700005, 3.46700840700005], [101.13458155700005, 3.46700840700005]]]}}, {"id": "12", "type": "Feature", "properties": {"cell_id": "KS_012", "center_lon": 101.14358155700005, "center_lat": 3.49400840700005, "population": 521.0707397460938, "avg_download_mbps": 88.1795, "avg_upload_mbps": 5.7305, "avg_latency_ms": 25.0, "network_tests": 3.0, "school_count": 0, "healthcare_count": 0, "connectivity_quality": 0.3993362658604187, "connectivity_gap": 0.6006637341395813, "pop_norm": 0.0434732379688005, "edu_exposure": 0.017389295187520203, "score_education": 2.3230460242424087, "health_exposure": 0.017389295187520203, "score_healthcare": 2.219507833886345, "score_general": 5.453336755258136, "priority_general": "Low", "priority_education": "Low", "priority_healthcare": "Low", "cluster": 0, "ai_profile": "High-Impact Connectivity Gap", "data_confidence": "Low"}, "geometry": {"type": "Polygon", "coordinates": [[[101.13458155700005, 3.48500840700005], [101.13458155700005, 3.50300840700005], [101.15258155700005, 3.50300840700005], [101.15258155700005, 3.48500840700005], [101.13458155700005, 3.48500840700005]]]}}, {"id": "13", "type": "Feature", "properties": {"cell_id": "KS_013", "center_lon": 101.14358155700005, "center_lat": 3.51200840700005, "population": 367.0989685058594, "avg_download_mbps": 27.038, "avg_upload_mbps": 26.236, "avg_latency_ms": 26.0, "network_tests": 1.0, "school_count": 0, "healthcare_count": 0, "connectivity_quality": 0.38237689268310915, "connectivity_gap": 0.6176231073168909, "pop_norm": 0.030627282629097315, "edu_exposure": 0.012250913051638926, "score_education": 1.637759632199117, "health_exposure": 0.012250913051638926, "score_healthcare": 1.5647646649076665, "score_general": 3.844631016926217, "priority_general": "Low", "priority_education": "Low", "priority_healthcare": "Low", "cluster": 0, "ai_profile": "High-Impact Connectivity Gap", "data_confidence": "Low"}, "geometry": {"type": "Polygon", "coordinates": [[[101.15258155700005, 3.50300840700005], [101.13458155700005, 3.50300840700005], [101.13458155700005, 3.506698429445231], [101.15258155700005, 3.518852000558501], [101.15258155700005, 3.50300840700005]]]}}, {"id": "14", "type": "Feature", "properties": {"cell_id": "KS_014", "center_lon": 101.16158155700005, "center_lat": 3.3860084070000513, "population": 1.249079942703247, "avg_download_mbps": null, "avg_upload_mbps": null, "avg_latency_ms": null, "network_tests": null, "school_count": 0, "healthcare_count": 0, "connectivity_quality": null, "connectivity_gap": null, "pop_norm": 0.00010421147350867159, "edu_exposure": 4.1684589403468634e-05, "score_education": null, "health_exposure": 4.1684589403468634e-05, "score_healthcare": null, "score_general": null, "priority_general": "No Data", "priority_education": "No Data", "priority_healthcare": "No Data", "cluster": 1, "ai_profile": "Moderate Coverage", "data_confidence": "No Data"}, "geometry": {"type": "Polygon", "coordinates": [[[101.17058155700005, 3.395008407000051], [101.17058155700005, 3.39460170312428], [101.17012321093088, 3.395008407000051], [101.17058155700005, 3.395008407000051]]]}}, {"id": "15", "type": "Feature", "properties": {"cell_id": "KS_015", "center_lon": 101.16158155700005, "center_lat": 3.404008407000051, "population": 1142.7554931640625, "avg_download_mbps": 68.902, "avg_upload_mbps": 6.89975, "avg_latency_ms": 22.25, "network_tests": 16.0, "school_count": 0, "healthcare_count": 0, "connectivity_quality": 0.3830473046490612, "connectivity_gap": 0.6169526953509388, "pop_norm": 0.09534076221336642, "edu_exposure": 0.03813630488534657, "score_education": 5.4375805223417135, "health_exposure": 0.03813630488534657, "score_healthcare": 5.195227490450215, "score_general": 12.764688005624958, "priority_general": "Low", "priority_education": "Low", "priority_healthcare": "Low", "cluster": 0, "ai_profile": "High-Impact Connectivity Gap", "data_confidence": "Medium"}, "geometry": {"type": "Polygon", "coordinates": [[[101.17058155700005, 3.413008407000051], [101.17058155700005, 3.395008407000051], [101.17012321093088, 3.395008407000051], [101.16796077800007, 3.396927197000025], [101.16214966700005, 3.402728081000021], [101.15750077800004, 3.410269178000021], [101.15560101667951, 3.413008407000051], [101.17058155700005, 3.413008407000051]]]}}, {"id": "16", "type": "Feature", "properties": {"cell_id": "KS_016", "center_lon": 101.16158155700005, "center_lat": 3.422008407000051, "population": 6213.9375, "avg_download_mbps": 185.29372727272727, "avg_upload_mbps": 31.761181818181818, "avg_latency_ms": 23.818181818181817, "network_tests": 172.0, "school_count": 0, "healthcare_count": 0, "connectivity_quality": 0.5844427783852295, "connectivity_gap": 0.4155572216147705, "pop_norm": 0.5184324565842758, "edu_exposure": 0.20737298263371035, "score_education": 20.35111256487976, "health_exposure": 0.20737298263371035, "score_healthcare": 19.444063223320814, "score_general": 47.774115967697114, "priority_general": "Medium", "priority_education": "Low", "priority_healthcare": "Low", "cluster": 2, "ai_profile": "Well-Served Urban", "data_confidence": "High"}, "geometry": {"type": "Polygon", "coordinates": [[[101.15258155700005, 3.431008407000051], [101.17058155700005, 3.431008407000051], [101.17058155700005, 3.413008407000051], [101.15560101667951, 3.413008407000051], [101.15258155700005, 3.417362107345996], [101.15258155700005, 3.431008407000051]]]}}, {"id": "17", "type": "Feature", "properties": {"cell_id": "KS_017", "center_lon": 101.16158155700005, "center_lat": 3.4400084070000507, "population": 3129.243408203125, "avg_download_mbps": 98.148, "avg_upload_mbps": 13.671888888888889, "avg_latency_ms": 26.666666666666668, "network_tests": 83.0, "school_count": 0, "healthcare_count": 0, "connectivity_quality": 0.4306207625701576, "connectivity_gap": 0.5693792374298424, "pop_norm": 0.26107461611335775, "edu_exposure": 0.1044298464453431, "score_education": 13.991398209036998, "health_exposure": 0.1044298464453431, "score_healthcare": 13.367801415862315, "score_general": 32.84472426054375, "priority_general": "Low", "priority_education": "Low", "priority_healthcare": "Low", "cluster": 0, "ai_profile": "High-Impact Connectivity Gap", "data_confidence": "High"}, "geometry": {"type": "Polygon", "coordinates": [[[101.15258155700005, 3.431008407000051], [101.15258155700005, 3.449008407000051], [101.17058155700005, 3.449008407000051], [101.17058155700005, 3.431008407000051], [101.15258155700005, 3.431008407000051]]]}}, {"id": "18", "type": "Feature", "properties": {"cell_id": "KS_018", "center_lon": 101.16158155700005, "center_lat": 3.4580084070000505, "population": 1995.193359375, "avg_download_mbps": 89.53877777777777, "avg_upload_mbps": 12.996777777777776, "avg_latency_ms": 28.444444444444443, "network_tests": 31.0, "school_count": 0, "healthcare_count": 0, "connectivity_quality": 0.41677782059222074, "connectivity_gap": 0.5832221794077792, "pop_norm": 0.16646015423576682, "edu_exposure": 0.06658406169430674, "score_education": 9.081035562598874, "health_exposure": 0.06658406169430674, "score_healthcare": 8.676293693992472, "score_general": 21.317677089706734, "priority_general": "Low", "priority_education": "Low", "priority_healthcare": "Low", "cluster": 0, "ai_profile": "High-Impact Connectivity Gap", "data_confidence": "High"}, "geometry": {"type": "Polygon", "coordinates": [[[101.15258155700005, 3.449008407000051], [101.15258155700005, 3.46700840700005], [101.17058155700005, 3.46700840700005], [101.17058155700005, 3.449008407000051], [101.15258155700005, 3.449008407000051]]]}}, {"id": "19", "type": "Feature", "properties": {"cell_id": "KS_019", "center_lon": 101.16158155700005, "center_lat": 3.4760084070000503, "population": 373.3443603515625, "avg_download_mbps": 68.67933333333333, "avg_upload_mbps": 19.070333333333334, "avg_latency_ms": 29.333333333333332, "network_tests": 15.0, "school_count": 0, "healthcare_count": 0, "connectivity_quality": 0.4078892149001828, "connectivity_gap": 0.5921107850998172, "pop_norm": 0.0311483393402244, "edu_exposure": 0.01245933573608976, "score_education": 1.5927336567147812, "health_exposure": 0.01245933573608976, "score_healthcare": 1.5217454977138314, "score_general": 3.738932806693745, "priority_general": "Low", "priority_education": "Low", "priority_healthcare": "Low", "cluster": 0, "ai_profile": "High-Impact Connectivity Gap", "data_confidence": "Medium"}, "geometry": {"type": "Polygon", "coordinates": [[[101.15258155700005, 3.46700840700005], [101.15258155700005, 3.48500840700005], [101.17058155700005, 3.48500840700005], [101.17058155700005, 3.46700840700005], [101.15258155700005, 3.46700840700005]]]}}, {"id": "20", "type": "Feature", "properties": {"cell_id": "KS_020", "center_lon": 101.16158155700005, "center_lat": 3.49400840700005, "population": 587.9430541992188, "avg_download_mbps": 117.45066666666666, "avg_upload_mbps": 24.686, "avg_latency_ms": 21.333333333333332, "network_tests": 5.0, "school_count": 0, "healthcare_count": 0, "connectivity_quality": 0.4888651268293226, "connectivity_gap": 0.5111348731706774, "pop_norm": 0.049052434454025816, "edu_exposure": 0.01962097378161033, "score_education": 2.223977640043447, "health_exposure": 0.01962097378161033, "score_healthcare": 2.1248549288102323, "score_general": 5.220774311295186, "priority_general": "Low", "priority_education": "Low", "priority_healthcare": "Low", "cluster": 0, "ai_profile": "High-Impact Connectivity Gap", "data_confidence": "Medium"}, "geometry": {"type": "Polygon", "coordinates": [[[101.15258155700005, 3.48500840700005], [101.15258155700005, 3.50300840700005], [101.17058155700005, 3.50300840700005], [101.17058155700005, 3.48500840700005], [101.15258155700005, 3.48500840700005]]]}}, {"id": "21", "type": "Feature", "properties": {"cell_id": "KS_021", "center_lon": 101.16158155700005, "center_lat": 3.51200840700005, "population": 991.2467651367188, "avg_download_mbps": 27.4788, "avg_upload_mbps": 10.3492, "avg_latency_ms": 29.8, "network_tests": 22.0, "school_count": 0, "healthcare_count": 0, "connectivity_quality": 0.33568260302395697, "connectivity_gap": 0.664317396976043, "pop_norm": 0.08270030001606, "edu_exposure": 0.033080120006424005, "score_education": 5.067974845518621, "health_exposure": 0.033080120006424005, "score_healthcare": 4.842095143265984, "score_general": 11.89704087279264, "priority_general": "Low", "priority_education": "Low", "priority_healthcare": "Low", "cluster": 0, "ai_profile": "High-Impact Connectivity Gap", "data_confidence": "High"}, "geometry": {"type": "Polygon", "coordinates": [[[101.17058155700005, 3.52100840700005], [101.17058155700005, 3.50300840700005], [101.15258155700005, 3.50300840700005], [101.15258155700005, 3.518852000558501], [101.15577529451029, 3.52100840700005], [101.17058155700005, 3.52100840700005]]]}}, {"id": "22", "type": "Feature", "properties": {"cell_id": "KS_022", "center_lon": 101.16158155700005, "center_lat": 3.5300084070000497, "population": 101.69612884521484, "avg_download_mbps": null, "avg_upload_mbps": null, "avg_latency_ms": null, "network_tests": null, "school_count": 0, "healthcare_count": 0, "connectivity_quality": null, "connectivity_gap": null, "pop_norm": 0.008484567780467018, "edu_exposure": 0.003393827112186807, "score_education": null, "health_exposure": 0.003393827112186807, "score_healthcare": null, "score_general": null, "priority_general": "No Data", "priority_education": "No Data", "priority_healthcare": "No Data", "cluster": 1, "ai_profile": "Moderate Coverage", "data_confidence": "No Data"}, "geometry": {"type": "Polygon", "coordinates": [[[101.17058155700005, 3.52100840700005], [101.15577529451029, 3.52100840700005], [101.17058155700005, 3.53100557167177], [101.17058155700005, 3.52100840700005]]]}}, {"id": "23", "type": "Feature", "properties": {"cell_id": "KS_023", "center_lon": 101.17958155700005, "center_lat": 3.3500084070000518, "population": 0.0, "avg_download_mbps": null, "avg_upload_mbps": null, "avg_latency_ms": null, "network_tests": null, "school_count": 0, "healthcare_count": 0, "connectivity_quality": null, "connectivity_gap": null, "pop_norm": 0.0, "edu_exposure": 0.0, "score_education": null, "health_exposure": 0.0, "score_healthcare": null, "score_general": null, "priority_general": "No Data", "priority_education": "No Data", "priority_healthcare": "No Data", "cluster": 1, "ai_profile": "Moderate Coverage", "data_confidence": "No Data"}, "geometry": {"type": "Polygon", "coordinates": [[[101.18858155700005, 3.359008407000052], [101.18858155700005, 3.35209246813281], [101.18829966700008, 3.352259229000026], [101.18713744500008, 3.353419462000033], [101.18387162317966, 3.359008407000052], [101.18858155700005, 3.359008407000052]]]}}, {"id": "24", "type": "Feature", "properties": {"cell_id": "KS_024", "center_lon": 101.17958155700005, "center_lat": 3.3680084070000516, "population": 45.4924201965332, "avg_download_mbps": null, "avg_upload_mbps": null, "avg_latency_ms": null, "network_tests": null, "school_count": 0, "healthcare_count": 0, "connectivity_quality": null, "connectivity_gap": null, "pop_norm": 0.0037954593457775903, "edu_exposure": 0.0015181837383110362, "score_education": null, "health_exposure": 0.0015181837383110362, "score_healthcare": null, "score_general": null, "priority_general": "No Data", "priority_education": "No Data", "priority_healthcare": "No Data", "cluster": 1, "ai_profile": "Moderate Coverage", "data_confidence": "No Data"}, "geometry": {"type": "Polygon", "coordinates": [[[101.18858155700005, 3.377008407000051], [101.18858155700005, 3.359008407000052], [101.18387162317966, 3.359008407000052], [101.18306966700004, 3.360380830000054], [101.18132633400006, 3.366181933000064], [101.179583, 3.375463625000066], [101.17899602482306, 3.377008407000051], [101.18858155700005, 3.377008407000051]]]}}, {"id": "25", "type": "Feature", "properties": {"cell_id": "KS_025", "center_lon": 101.17958155700005, "center_lat": 3.3860084070000513, "population": 1469.0445556640625, "avg_download_mbps": 47.656, "avg_upload_mbps": 19.568, "avg_latency_ms": 29.5, "network_tests": 7.0, "school_count": 0, "healthcare_count": 0, "connectivity_quality": 0.384516136778036, "connectivity_gap": 0.615483863221964, "pop_norm": 0.12256325040679536, "edu_exposure": 0.049025300162718145, "score_education": 7.01970002899819, "health_exposure": 0.049025300162718145, "score_healthcare": 6.706831910906597, "score_general": 16.478704158048945, "priority_general": "Low", "priority_education": "Low", "priority_healthcare": "Low", "cluster": 0, "ai_profile": "High-Impact Connectivity Gap", "data_confidence": "Medium"}, "geometry": {"type": "Polygon", "coordinates": [[[101.17058155700005, 3.395008407000051], [101.18858155700005, 3.395008407000051], [101.18858155700005, 3.377008407000051], [101.17899602482306, 3.377008407000051], [101.17319077800005, 3.392286465000041], [101.17058155700005, 3.39460170312428], [101.17058155700005, 3.395008407000051]]]}}, {"id": "26", "type": "Feature", "properties": {"cell_id": "KS_026", "center_lon": 101.17958155700005, "center_lat": 3.404008407000051, "population": 1473.649658203125, "avg_download_mbps": 49.192, "avg_upload_mbps": 7.3926, "avg_latency_ms": 29.6, "network_tests": 15.0, "school_count": 0, "healthcare_count": 0, "connectivity_quality": 0.3532419081165581, "connectivity_gap": 0.6467580918834419, "pop_norm": 0.12294745681732792, "edu_exposure": 0.04917898272693117, "score_education": 7.408356651473998, "health_exposure": 0.04917898272693117, "score_healthcare": 7.078166102857522, "score_general": 17.39107327273879, "priority_general": "Low", "priority_education": "Low", "priority_healthcare": "Low", "cluster": 0, "ai_profile": "High-Impact Connectivity Gap", "data_confidence": "Medium"}, "geometry": {"type": "Polygon", "coordinates": [[[101.17058155700005, 3.395008407000051], [101.17058155700005, 3.413008407000051], [101.18858155700005, 3.413008407000051], [101.18858155700005, 3.395008407000051], [101.17058155700005, 3.395008407000051]]]}}, {"id": "27", "type": "Feature", "properties": {"cell_id": "KS_027", "center_lon": 101.17958155700005, "center_lat": 3.422008407000051, "population": 9805.0009765625, "avg_download_mbps": 242.84657142857142, "avg_upload_mbps": 39.78214285714286, "avg_latency_ms": 18.428571428571427, "network_tests": 141.0, "school_count": 0, "healthcare_count": 0, "connectivity_quality": 0.6792881823189408, "connectivity_gap": 0.32071181768105916, "pop_norm": 0.8180369923402868, "edu_exposure": 0.32721479693611477, "score_education": 24.81855384520369, "health_exposure": 0.32721479693611477, "score_healthcare": 23.712390589904032, "score_general": 58.261407860199775, "priority_general": "Medium", "priority_education": "Low", "priority_healthcare": "Low", "cluster": 2, "ai_profile": "Well-Served Urban", "data_confidence": "High"}, "geometry": {"type": "Polygon", "coordinates": [[[101.17058155700005, 3.413008407000051], [101.17058155700005, 3.431008407000051], [101.18858155700005, 3.431008407000051], [101.18858155700005, 3.413008407000051], [101.17058155700005, 3.413008407000051]]]}}, {"id": "28", "type": "Feature", "properties": {"cell_id": "KS_028", "center_lon": 101.17958155700005, "center_lat": 3.4400084070000507, "population": 1788.165771484375, "avg_download_mbps": 244.2365, "avg_upload_mbps": 27.436, "avg_latency_ms": 41.5, "network_tests": 3.0, "school_count": 0, "healthcare_count": 0, "connectivity_quality": 0.6219516891526258, "connectivity_gap": 0.3780483108473742, "pop_norm": 0.14918772094031546, "edu_exposure": 0.05967508837612619, "score_education": 5.207087204887603, "health_exposure": 0.05967508837612619, "score_healthcare": 4.975007263037937, "score_general": 12.223606310817036, "priority_general": "Low", "priority_education": "Low", "priority_healthcare": "Low", "cluster": 2, "ai_profile": "Well-Served Urban", "data_confidence": "Low"}, "geometry": {"type": "Polygon", "coordinates": [[[101.17058155700005, 3.431008407000051], [101.17058155700005, 3.449008407000051], [101.18858155700005, 3.449008407000051], [101.18858155700005, 3.431008407000051], [101.17058155700005, 3.431008407000051]]]}}, {"id": "29", "type": "Feature", "properties": {"cell_id": "KS_029", "center_lon": 101.17958155700005, "center_lat": 3.4580084070000505, "population": 2162.4541015625, "avg_download_mbps": 136.16585714285716, "avg_upload_mbps": 19.862285714285715, "avg_latency_ms": 18.285714285714285, "network_tests": 25.0, "school_count": 0, "healthcare_count": 0, "connectivity_quality": 0.5010240281928648, "connectivity_gap": 0.49897597180713515, "pop_norm": 0.18041481622945035, "edu_exposure": 0.07216592649178015, "score_education": 8.408707468440339, "health_exposure": 0.07216592649178015, "score_healthcare": 8.033931271399751, "score_general": 19.739390878755277, "priority_general": "Low", "priority_education": "Low", "priority_healthcare": "Low", "cluster": 0, "ai_profile": "High-Impact Connectivity Gap", "data_confidence": "High"}, "geometry": {"type": "Polygon", "coordinates": [[[101.17058155700005, 3.449008407000051], [101.17058155700005, 3.46700840700005], [101.18858155700005, 3.46700840700005], [101.18858155700005, 3.449008407000051], [101.17058155700005, 3.449008407000051]]]}}, {"id": "30", "type": "Feature", "properties": {"cell_id": "KS_030", "center_lon": 101.17958155700005, "center_lat": 3.4760084070000503, "population": 1980.4530029296875, "avg_download_mbps": 147.118, "avg_upload_mbps": 13.914, "avg_latency_ms": 29.5, "network_tests": 8.0, "school_count": 0, "healthcare_count": 0, "connectivity_quality": 0.48529087304302015, "connectivity_gap": 0.5147091269569799, "pop_norm": 0.16523035763693214, "edu_exposure": 0.06609214305477286, "score_education": 7.9347766117306495, "health_exposure": 0.06609214305477286, "score_healthcare": 7.581123518901318, "score_general": 18.626841005280955, "priority_general": "Low", "priority_education": "Low", "priority_healthcare": "Low", "cluster": 0, "ai_profile": "High-Impact Connectivity Gap", "data_confidence": "Medium"}, "geometry": {"type": "Polygon", "coordinates": [[[101.17058155700005, 3.46700840700005], [101.17058155700005, 3.48500840700005], [101.18858155700005, 3.48500840700005], [101.18858155700005, 3.46700840700005], [101.17058155700005, 3.46700840700005]]]}}, {"id": "31", "type": "Feature", "properties": {"cell_id": "KS_031", "center_lon": 101.17958155700005, "center_lat": 3.49400840700005, "population": 822.7899169921875, "avg_download_mbps": 23.881, "avg_upload_mbps": 4.3415, "avg_latency_ms": 31.0, "network_tests": 21.0, "school_count": 0, "healthcare_count": 0, "connectivity_quality": 0.3138937847569119, "connectivity_gap": 0.6861062152430881, "pop_norm": 0.06864584619961694, "edu_exposure": 0.02745833847984678, "score_education": 4.321343565081688, "health_exposure": 0.02745833847984678, "score_healthcare": 4.128741228336641, "score_general": 10.144328373021994, "priority_general": "Low", "priority_education": "Low", "priority_healthcare": "Low", "cluster": 0, "ai_profile": "High-Impact Connectivity Gap", "data_confidence": "High"}, "geometry": {"type": "Polygon", "coordinates": [[[101.17058155700005, 3.48500840700005], [101.17058155700005, 3.50300840700005], [101.18858155700005, 3.50300840700005], [101.18858155700005, 3.48500840700005], [101.17058155700005, 3.48500840700005]]]}}, {"id": "32", "type": "Feature", "properties": {"cell_id": "KS_032", "center_lon": 101.17958155700005, "center_lat": 3.51200840700005, "population": 1304.7674560546875, "avg_download_mbps": 50.45033333333333, "avg_upload_mbps": 17.041166666666665, "avg_latency_ms": 47.0, "network_tests": 119.0, "school_count": 0, "healthcare_count": 0, "connectivity_quality": 0.3615650340594351, "connectivity_gap": 0.6384349659405649, "pop_norm": 0.10885751546642493, "edu_exposure": 0.04354300618656998, "score_education": 6.454338976420744, "health_exposure": 0.04354300618656998, "score_healthcare": 6.166669007513801, "score_general": 15.151522442388588, "priority_general": "Low", "priority_education": "Low", "priority_healthcare": "Low", "cluster": 0, "ai_profile": "High-Impact Connectivity Gap", "data_confidence": "High"}, "geometry": {"type": "Polygon", "coordinates": [[[101.17058155700005, 3.50300840700005], [101.17058155700005, 3.52100840700005], [101.18858155700005, 3.52100840700005], [101.18858155700005, 3.50300840700005], [101.17058155700005, 3.50300840700005]]]}}, {"id": "33", "type": "Feature", "properties": {"cell_id": "KS_033", "center_lon": 101.17958155700005, "center_lat": 3.5300084070000497, "population": 1.4204668998718262, "avg_download_mbps": null, "avg_upload_mbps": null, "avg_latency_ms": null, "network_tests": null, "school_count": 0, "healthcare_count": 0, "connectivity_quality": null, "connectivity_gap": null, "pop_norm": 0.00011851038804255779, "edu_exposure": 4.740415521702312e-05, "score_education": null, "health_exposure": 4.740415521702312e-05, "score_healthcare": null, "score_general": null, "priority_general": "No Data", "priority_education": "No Data", "priority_healthcare": "No Data", "cluster": 1, "ai_profile": "Moderate Coverage", "data_confidence": "No Data"}, "geometry": {"type": "Polygon", "coordinates": [[[101.18858155700005, 3.53900840700005], [101.18858155700005, 3.52100840700005], [101.17058155700005, 3.52100840700005], [101.17058155700005, 3.53100557167177], [101.17689536100005, 3.535268642000062], [101.18698932221679, 3.53900840700005], [101.18858155700005, 3.53900840700005]]]}}, {"id": "34", "type": "Feature", "properties": {"cell_id": "KS_034", "center_lon": 101.17958155700005, "center_lat": 3.5480084070000495, "population": 0.0, "avg_download_mbps": null, "avg_upload_mbps": null, "avg_latency_ms": null, "network_tests": null, "school_count": 0, "healthcare_count": 0, "connectivity_quality": null, "connectivity_gap": null, "pop_norm": 0.0, "edu_exposure": 0.0, "score_education": null, "health_exposure": 0.0, "score_healthcare": null, "score_general": null, "priority_general": "No Data", "priority_education": "No Data", "priority_healthcare": "No Data", "cluster": 1, "ai_profile": "Moderate Coverage", "data_confidence": "No Data"}, "geometry": {"type": "Polygon", "coordinates": [[[101.18858155700005, 3.53900840700005], [101.18698932221679, 3.53900840700005], [101.18858155700005, 3.539598322473901], [101.18858155700005, 3.53900840700005]]]}}, {"id": "35", "type": "Feature", "properties": {"cell_id": "KS_035", "center_lon": 101.19758155700005, "center_lat": 3.3500084070000518, "population": 9.554277420043945, "avg_download_mbps": null, "avg_upload_mbps": null, "avg_latency_ms": null, "network_tests": null, "school_count": 0, "healthcare_count": 0, "connectivity_quality": null, "connectivity_gap": null, "pop_norm": 0.0007971189787089201, "edu_exposure": 0.00031884759148356805, "score_education": null, "health_exposure": 0.00031884759148356805, "score_healthcare": null, "score_general": null, "priority_general": "No Data", "priority_education": "No Data", "priority_healthcare": "No Data", "cluster": 1, "ai_profile": "Moderate Coverage", "data_confidence": "No Data"}, "geometry": {"type": "Polygon", "coordinates": [[[101.18858155700005, 3.359008407000052], [101.20658155700005, 3.359008407000052], [101.20658155700005, 3.342432583984543], [101.20398966800008, 3.34297731700002], [101.18858155700005, 3.35209246813281], [101.18858155700005, 3.359008407000052]]]}}, {"id": "36", "type": "Feature", "properties": {"cell_id": "KS_036", "center_lon": 101.19758155700005, "center_lat": 3.3680084070000516, "population": 475.0997009277344, "avg_download_mbps": null, "avg_upload_mbps": null, "avg_latency_ms": null, "network_tests": null, "school_count": 0, "healthcare_count": 0, "connectivity_quality": null, "connectivity_gap": null, "pop_norm": 0.03963784719019464, "edu_exposure": 0.015855138876077857, "score_education": null, "health_exposure": 0.015855138876077857, "score_healthcare": null, "score_general": null, "priority_general": "No Data", "priority_education": "No Data", "priority_healthcare": "No Data", "cluster": 1, "ai_profile": "Moderate Coverage", "data_confidence": "No Data"}, "geometry": {"type": "Polygon", "coordinates": [[[101.18858155700005, 3.359008407000052], [101.18858155700005, 3.377008407000051], [101.20658155700005, 3.377008407000051], [101.20658155700005, 3.359008407000052], [101.18858155700005, 3.359008407000052]]]}}, {"id": "37", "type": "Feature", "properties": {"cell_id": "KS_037", "center_lon": 101.19758155700005, "center_lat": 3.3860084070000513, "population": 1511.9107666015625, "avg_download_mbps": 37.2785, "avg_upload_mbps": 6.4095, "avg_latency_ms": 27.5, "network_tests": 6.0, "school_count": 0, "healthcare_count": 0, "connectivity_quality": 0.33900173502937664, "connectivity_gap": 0.6609982649706234, "pop_norm": 0.12613960357107934, "edu_exposure": 0.050455841428431736, "score_education": 7.775991634561671, "health_exposure": 0.050455841428431736, "score_healthcare": 7.429415590150771, "score_general": 18.254094213722745, "priority_general": "Low", "priority_education": "Low", "priority_healthcare": "Low", "cluster": 0, "ai_profile": "High-Impact Connectivity Gap", "data_confidence": "Medium"}, "geometry": {"type": "Polygon", "coordinates": [[[101.18858155700005, 3.377008407000051], [101.18858155700005, 3.395008407000051], [101.20658155700005, 3.395008407000051], [101.20658155700005, 3.377008407000051], [101.18858155700005, 3.377008407000051]]]}}, {"id": "38", "type": "Feature", "properties": {"cell_id": "KS_038", "center_lon": 101.19758155700005, "center_lat": 3.404008407000051, "population": 2432.6787109375, "avg_download_mbps": 97.057, "avg_upload_mbps": 14.9715, "avg_latency_ms": 23.0, "network_tests": 42.0, "school_count": 0, "healthcare_count": 0, "connectivity_quality": 0.43692429529167126, "connectivity_gap": 0.5630757047083288, "pop_norm": 0.2029598141583493, "edu_exposure": 0.08118392566333972, "score_education": 10.718719709496204, "health_exposure": 0.08118392566333972, "score_healthcare": 10.240986237979197, "score_general": 25.16213090533499, "priority_general": "Low", "priority_education": "Low", "priority_healthcare": "Low", "cluster": 0, "ai_profile": "High-Impact Connectivity Gap", "data_confidence": "High"}, "geometry": {"type": "Polygon", "coordinates": [[[101.18858155700005, 3.395008407000051], [101.18858155700005, 3.413008407000051], [101.20658155700005, 3.413008407000051], [101.20658155700005, 3.395008407000051], [101.18858155700005, 3.395008407000051]]]}}, {"id": "39", "type": "Feature", "properties": {"cell_id": "KS_039", "center_lon": 101.19758155700005, "center_lat": 3.422008407000051, "population": 3998.626708984375, "avg_download_mbps": 106.223, "avg_upload_mbps": 15.0522, "avg_latency_ms": 20.6, "network_tests": 30.0, "school_count": 0, "healthcare_count": 0, "connectivity_quality": 0.45049690065986503, "connectivity_gap": 0.549503099340135, "pop_norm": 0.33360777569814115, "edu_exposure": 0.13344311027925645, "score_education": 17.292578293754506, "health_exposure": 0.13344311027925645, "score_healthcare": 16.52184786291434, "score_general": 40.59422491780565, "priority_general": "Medium", "priority_education": "Low", "priority_healthcare": "Low", "cluster": 0, "ai_profile": "High-Impact Connectivity Gap", "data_confidence": "High"}, "geometry": {"type": "Polygon", "coordinates": [[[101.18858155700005, 3.413008407000051], [101.18858155700005, 3.431008407000051], [101.20658155700005, 3.431008407000051], [101.20658155700005, 3.413008407000051], [101.18858155700005, 3.413008407000051]]]}}, {"id": "40", "type": "Feature", "properties": {"cell_id": "KS_040", "center_lon": 101.19758155700005, "center_lat": 3.4400084070000507, "population": 2357.998046875, "avg_download_mbps": 33.6206, "avg_upload_mbps": 5.5048, "avg_latency_ms": 35.4, "network_tests": 29.0, "school_count": 0, "healthcare_count": 0, "connectivity_quality": 0.32353850610746476, "connectivity_gap": 0.6764614938925353, "pop_norm": 0.1967291624774679, "edu_exposure": 0.07869166499098718, "score_education": 12.5087101075766, "health_exposure": 0.07869166499098718, "score_healthcare": 11.951196741628783, "score_general": 29.36412274171901, "priority_general": "Low", "priority_education": "Low", "priority_healthcare": "Low", "cluster": 0, "ai_profile": "High-Impact Connectivity Gap", "data_confidence": "High"}, "geometry": {"type": "Polygon", "coordinates": [[[101.18858155700005, 3.431008407000051], [101.18858155700005, 3.449008407000051], [101.20658155700005, 3.449008407000051], [101.20658155700005, 3.431008407000051], [101.18858155700005, 3.431008407000051]]]}}, {"id": "41", "type": "Feature", "properties": {"cell_id": "KS_041", "center_lon": 101.19758155700005, "center_lat": 3.4580084070000505, "population": 1403.577880859375, "avg_download_mbps": 79.7836, "avg_upload_mbps": 19.9578, "avg_latency_ms": 16.8, "network_tests": 12.0, "school_count": 0, "healthcare_count": 0, "connectivity_quality": 0.43712536147591863, "connectivity_gap": 0.5628746385240814, "pop_norm": 0.11710132726331378, "edu_exposure": 0.046840530905325514, "score_education": 6.11295872392517, "health_exposure": 0.046840530905325514, "score_healthcare": 5.840504077141779, "score_general": 14.350134325654848, "priority_general": "Low", "priority_education": "Low", "priority_healthcare": "Low", "cluster": 0, "ai_profile": "High-Impact Connectivity Gap", "data_confidence": "Medium"}, "geometry": {"type": "Polygon", "coordinates": [[[101.18858155700005, 3.449008407000051], [101.18858155700005, 3.46700840700005], [101.20658155700005, 3.46700840700005], [101.20658155700005, 3.449008407000051], [101.18858155700005, 3.449008407000051]]]}}, {"id": "42", "type": "Feature", "properties": {"cell_id": "KS_042", "center_lon": 101.19758155700005, "center_lat": 3.4760084070000503, "population": 1620.6947021484375, "avg_download_mbps": 111.5835, "avg_upload_mbps": 9.9895, "avg_latency_ms": 34.5, "network_tests": 3.0, "school_count": 0, "healthcare_count": 0, "connectivity_quality": 0.42766189162286855, "connectivity_gap": 0.5723381083771315, "pop_norm": 0.13521551122906142, "edu_exposure": 0.05408620449162457, "score_education": 7.205697051462059, "health_exposure": 0.05408620449162457, "score_healthcare": 6.884539043752887, "score_general": 16.91533106444077, "priority_general": "Low", "priority_education": "Low", "priority_healthcare": "Low", "cluster": 0, "ai_profile": "High-Impact Connectivity Gap", "data_confidence": "Low"}, "geometry": {"type": "Polygon", "coordinates": [[[101.18858155700005, 3.46700840700005], [101.18858155700005, 3.48500840700005], [101.20658155700005, 3.48500840700005], [101.20658155700005, 3.46700840700005], [101.18858155700005, 3.46700840700005]]]}}, {"id": "43", "type": "Feature", "properties": {"cell_id": "KS_043", "center_lon": 101.19758155700005, "center_lat": 3.49400840700005, "population": 1760.6016845703125, "avg_download_mbps": 155.0518, "avg_upload_mbps": 26.9806, "avg_latency_ms": 75.4, "network_tests": 31.0, "school_count": 0, "healthcare_count": 0, "connectivity_quality": 0.4791067725473665, "connectivity_gap": 0.5208932274526334, "pop_norm": 0.14688803297397207, "edu_exposure": 0.05875521318958883, "score_education": 7.122281281594073, "health_exposure": 0.05875521318958883, "score_healthcare": 6.804841115791244, "score_general": 16.719513039725747, "priority_general": "Low", "priority_education": "Low", "priority_healthcare": "Low", "cluster": 2, "ai_profile": "Well-Served Urban", "data_confidence": "High"}, "geometry": {"type": "Polygon", "coordinates": [[[101.18858155700005, 3.48500840700005], [101.18858155700005, 3.50300840700005], [101.20658155700005, 3.50300840700005], [101.20658155700005, 3.48500840700005], [101.18858155700005, 3.48500840700005]]]}}, {"id": "44", "type": "Feature", "properties": {"cell_id": "KS_044", "center_lon": 101.19758155700005, "center_lat": 3.51200840700005, "population": 54.88677215576172, "avg_download_mbps": 8.82, "avg_upload_mbps": 0.722, "avg_latency_ms": 36.0, "network_tests": 2.0, "school_count": 0, "healthcare_count": 0, "connectivity_quality": 0.2809843299627296, "connectivity_gap": 0.7190156700372704, "pop_norm": 0.004579235649327496, "edu_exposure": 0.0018316942597309987, "score_education": 0.1500425805343204, "health_exposure": 0.0018316942597309987, "score_healthcare": 0.14335518084324292, "score_general": 0.3522240673421142, "priority_general": "Low", "priority_education": "Low", "priority_healthcare": "Low", "cluster": 0, "ai_profile": "High-Impact Connectivity Gap", "data_confidence": "Low"}, "geometry": {"type": "Polygon", "coordinates": [[[101.18858155700005, 3.50300840700005], [101.18858155700005, 3.52100840700005], [101.20658155700005, 3.52100840700005], [101.20658155700005, 3.50300840700005], [101.18858155700005, 3.50300840700005]]]}}, {"id": "45", "type": "Feature", "properties": {"cell_id": "KS_045", "center_lon": 101.19758155700005, "center_lat": 3.5300084070000497, "population": 0.0, "avg_download_mbps": null, "avg_upload_mbps": null, "avg_latency_ms": null, "network_tests": null, "school_count": 0, "healthcare_count": 0, "connectivity_quality": null, "connectivity_gap": null, "pop_norm": 0.0, "edu_exposure": 0.0, "score_education": null, "health_exposure": 0.0, "score_healthcare": null, "score_general": null, "priority_general": "No Data", "priority_education": "No Data", "priority_healthcare": "No Data", "cluster": 1, "ai_profile": "Moderate Coverage", "data_confidence": "No Data"}, "geometry": {"type": "Polygon", "coordinates": [[[101.18858155700005, 3.52100840700005], [101.18858155700005, 3.53900840700005], [101.20658155700005, 3.53900840700005], [101.20658155700005, 3.52100840700005], [101.18858155700005, 3.52100840700005]]]}}, {"id": "46", "type": "Feature", "properties": {"cell_id": "KS_046", "center_lon": 101.19758155700005, "center_lat": 3.5480084070000495, "population": 0.0, "avg_download_mbps": null, "avg_upload_mbps": null, "avg_latency_ms": null, "network_tests": null, "school_count": 0, "healthcare_count": 0, "connectivity_quality": null, "connectivity_gap": null, "pop_norm": 0.0, "edu_exposure": 0.0, "score_education": null, "health_exposure": 0.0, "score_healthcare": null, "score_general": null, "priority_general": "No Data", "priority_education": "No Data", "priority_healthcare": "No Data", "cluster": 1, "ai_profile": "Moderate Coverage", "data_confidence": "No Data"}, "geometry": {"type": "Polygon", "coordinates": [[[101.20658155700005, 3.53900840700005], [101.18858155700005, 3.53900840700005], [101.18858155700005, 3.539598322473901], [101.20658155700005, 3.546267237536518], [101.20658155700005, 3.53900840700005]]]}}, {"id": "47", "type": "Feature", "properties": {"cell_id": "KS_047", "center_lon": 101.21558155700005, "center_lat": 3.332008407000052, "population": 0.0, "avg_download_mbps": null, "avg_upload_mbps": null, "avg_latency_ms": null, "network_tests": null, "school_count": 0, "healthcare_count": 0, "connectivity_quality": null, "connectivity_gap": null, "pop_norm": 0.0, "edu_exposure": 0.0, "score_education": null, "health_exposure": 0.0, "score_healthcare": null, "score_general": null, "priority_general": "No Data", "priority_education": "No Data", "priority_healthcare": "No Data", "cluster": 1, "ai_profile": "Moderate Coverage", "data_confidence": "No Data"}, "geometry": {"type": "Polygon", "coordinates": [[[101.22458155700005, 3.341008407000052], [101.22458155700005, 3.338974255617976], [101.21503077900007, 3.340656825000053], [101.21335792001688, 3.341008407000052], [101.22458155700005, 3.341008407000052]]]}}, {"id": "48", "type": "Feature", "properties": {"cell_id": "KS_048", "center_lon": 101.21558155700005, "center_lat": 3.3500084070000518, "population": 228.0621795654297, "avg_download_mbps": 8.024, "avg_upload_mbps": 1.022, "avg_latency_ms": 76.0, "network_tests": 4.0, "school_count": 0, "healthcare_count": 0, "connectivity_quality": 0.2365869357032525, "connectivity_gap": 0.7634130642967475, "pop_norm": 0.01902736163762026, "edu_exposure": 0.007610944655048105, "score_education": 1.2196962516939935, "health_exposure": 0.007610944655048105, "score_healthcare": 1.1653343745005988, "score_general": 2.8632297122837223, "priority_general": "Low", "priority_education": "Low", "priority_healthcare": "Low", "cluster": 0, "ai_profile": "High-Impact Connectivity Gap", "data_confidence": "Low"}, "geometry": {"type": "Polygon", "coordinates": [[[101.20658155700005, 3.359008407000052], [101.22458155700005, 3.359008407000052], [101.22458155700005, 3.341008407000052], [101.21335792001688, 3.341008407000052], [101.20658155700005, 3.342432583984543], [101.20658155700005, 3.359008407000052]]]}}, {"id": "49", "type": "Feature", "properties": {"cell_id": "KS_049", "center_lon": 101.21558155700005, "center_lat": 3.3680084070000516, "population": 1373.904296875, "avg_download_mbps": 18.347666666666665, "avg_upload_mbps": 1.382, "avg_latency_ms": 71.33333333333333, "network_tests": 9.0, "school_count": 0, "healthcare_count": 0, "connectivity_quality": 0.2547758453931384, "connectivity_gap": 0.7452241546068616, "pop_norm": 0.11462564271697269, "edu_exposure": 0.04585025708678908, "score_education": 7.970601683077954, "health_exposure": 0.04585025708678908, "score_healthcare": 7.61535186637059, "score_general": 18.710940147656625, "priority_general": "Low", "priority_education": "Low", "priority_healthcare": "Low", "cluster": 0, "ai_profile": "High-Impact Connectivity Gap", "data_confidence": "Medium"}, "geometry": {"type": "Polygon", "coordinates": [[[101.20658155700005, 3.359008407000052], [101.20658155700005, 3.377008407000051], [101.22458155700005, 3.377008407000051], [101.22458155700005, 3.359008407000052], [101.20658155700005, 3.359008407000052]]]}}, {"id": "50", "type": "Feature", "properties": {"cell_id": "KS_050", "center_lon": 101.21558155700005, "center_lat": 3.3860084070000513, "population": 2094.10986328125, "avg_download_mbps": 43.488, "avg_upload_mbps": 16.25525, "avg_latency_ms": 22.0, "network_tests": 30.0, "school_count": 0, "healthcare_count": 0, "connectivity_quality": 0.37898749277572985, "connectivity_gap": 0.6210125072242701, "pop_norm": 0.17471281627442511, "edu_exposure": 0.06988512650977005, "score_education": 10.16805743856715, "health_exposure": 0.06988512650977005, "score_healthcare": 9.71486699135288, "score_general": 23.869454492360934, "priority_general": "Low", "priority_education": "Low", "priority_healthcare": "Low", "cluster": 0, "ai_profile": "High-Impact Connectivity Gap", "data_confidence": "High"}, "geometry": {"type": "Polygon", "coordinates": [[[101.20658155700005, 3.377008407000051], [101.20658155700005, 3.395008407000051], [101.22458155700005, 3.395008407000051], [101.22458155700005, 3.377008407000051], [101.20658155700005, 3.377008407000051]]]}}, {"id": "51", "type": "Feature", "properties": {"cell_id": "KS_051", "center_lon": 101.21558155700005, "center_lat": 3.404008407000051, "population": 1449.1636962890625, "avg_download_mbps": 111.37075, "avg_upload_mbps": 24.69125, "avg_latency_ms": 21.5, "network_tests": 61.0, "school_count": 0, "healthcare_count": 0, "connectivity_quality": 0.4815991618738762, "connectivity_gap": 0.5184008381261238, "pop_norm": 0.1209045786282672, "edu_exposure": 0.04836183145130688, "score_education": 5.80478682657675, "health_exposure": 0.04836183145130688, "score_healthcare": 5.54606740511265, "score_general": 13.626702625546441, "priority_general": "Low", "priority_education": "Low", "priority_healthcare": "Low", "cluster": 0, "ai_profile": "High-Impact Connectivity Gap", "data_confidence": "High"}, "geometry": {"type": "Polygon", "coordinates": [[[101.20658155700005, 3.395008407000051], [101.20658155700005, 3.413008407000051], [101.22458155700005, 3.413008407000051], [101.22458155700005, 3.395008407000051], [101.20658155700005, 3.395008407000051]]]}}, {"id": "52", "type": "Feature", "properties": {"cell_id": "KS_052", "center_lon": 101.21558155700005, "center_lat": 3.422008407000051, "population": 1968.09716796875, "avg_download_mbps": 286.94266666666664, "avg_upload_mbps": 30.689, "avg_latency_ms": 19.333333333333332, "network_tests": 9.0, "school_count": 0, "healthcare_count": 0, "connectivity_quality": 0.7051365768148405, "connectivity_gap": 0.29486342318515946, "pop_norm": 0.16419950306654923, "edu_exposure": 0.06567980122661969, "score_education": 4.446855090581184, "health_exposure": 0.06567980122661969, "score_healthcare": 4.248658703574785, "score_general": 10.438965934255048, "priority_general": "Low", "priority_education": "Low", "priority_healthcare": "Low", "cluster": 2, "ai_profile": "Well-Served Urban", "data_confidence": "Medium"}, "geometry": {"type": "Polygon", "coordinates": [[[101.20658155700005, 3.413008407000051], [101.20658155700005, 3.431008407000051], [101.22458155700005, 3.431008407000051], [101.22458155700005, 3.413008407000051], [101.20658155700005, 3.413008407000051]]]}}, {"id": "53", "type": "Feature", "properties": {"cell_id": "KS_053", "center_lon": 101.21558155700005, "center_lat": 3.4400084070000507, "population": 875.6927490234375, "avg_download_mbps": 162.2165, "avg_upload_mbps": 11.49625, "avg_latency_ms": 20.5, "network_tests": 7.0, "school_count": 0, "healthcare_count": 0, "connectivity_quality": 0.506330622573198, "connectivity_gap": 0.49366937742680195, "pop_norm": 0.07305956055870508, "edu_exposure": 0.029223824223482034, "score_education": 3.2709363103198323, "health_exposure": 0.029223824223482034, "score_healthcare": 3.125150638057527, "score_general": 7.678503576351979, "priority_general": "Low", "priority_education": "Low", "priority_healthcare": "Low", "cluster": 0, "ai_profile": "High-Impact Connectivity Gap", "data_confidence": "Medium"}, "geometry": {"type": "Polygon", "coordinates": [[[101.20658155700005, 3.431008407000051], [101.20658155700005, 3.449008407000051], [101.22458155700005, 3.449008407000051], [101.22458155700005, 3.431008407000051], [101.20658155700005, 3.431008407000051]]]}}, {"id": "54", "type": "Feature", "properties": {"cell_id": "KS_054", "center_lon": 101.21558155700005, "center_lat": 3.4580084070000505, "population": 1929.3287353515625, "avg_download_mbps": 104.29983333333332, "avg_upload_mbps": 16.551833333333335, "avg_latency_ms": 17.5, "network_tests": 24.0, "school_count": 0, "healthcare_count": 0, "connectivity_quality": 0.4557433487428272, "connectivity_gap": 0.5442566512571728, "pop_norm": 0.1609650299551524, "edu_exposure": 0.06438601198206097, "score_education": 8.178614489549878, "health_exposure": 0.06438601198206097, "score_healthcare": 7.814093539456334, "score_general": 19.19924897634963, "priority_general": "Low", "priority_education": "Low", "priority_healthcare": "Low", "cluster": 0, "ai_profile": "High-Impact Connectivity Gap", "data_confidence": "High"}, "geometry": {"type": "Polygon", "coordinates": [[[101.20658155700005, 3.449008407000051], [101.20658155700005, 3.46700840700005], [101.22458155700005, 3.46700840700005], [101.22458155700005, 3.449008407000051], [101.20658155700005, 3.449008407000051]]]}}, {"id": "55", "type": "Feature", "properties": {"cell_id": "KS_055", "center_lon": 101.21558155700005, "center_lat": 3.4760084070000503, "population": 1541.9437255859375, "avg_download_mbps": 17.503666666666668, "avg_upload_mbps": 3.6153333333333335, "avg_latency_ms": 24.666666666666668, "network_tests": 3.0, "school_count": 0, "healthcare_count": 0, "connectivity_quality": 0.31149650154780534, "connectivity_gap": 0.6885034984521947, "pop_norm": 0.1286452709848189, "edu_exposure": 0.05145810839392756, "score_education": 8.270640533022167, "health_exposure": 0.05145810839392756, "score_healthcare": 7.902017981020043, "score_general": 19.415279567251105, "priority_general": "Low", "priority_education": "Low", "priority_healthcare": "Low", "cluster": 0, "ai_profile": "High-Impact Connectivity Gap", "data_confidence": "Low"}, "geometry": {"type": "Polygon", "coordinates": [[[101.20658155700005, 3.46700840700005], [101.20658155700005, 3.48500840700005], [101.22458155700005, 3.48500840700005], [101.22458155700005, 3.46700840700005], [101.20658155700005, 3.46700840700005]]]}}, {"id": "56", "type": "Feature", "properties": {"cell_id": "KS_056", "center_lon": 101.21558155700005, "center_lat": 3.49400840700005, "population": 126.02861785888672, "avg_download_mbps": null, "avg_upload_mbps": null, "avg_latency_ms": null, "network_tests": null, "school_count": 0, "healthcare_count": 0, "connectivity_quality": null, "connectivity_gap": null, "pop_norm": 0.010514641635276116, "edu_exposure": 0.004205856654110446, "score_education": null, "health_exposure": 0.004205856654110446, "score_healthcare": null, "score_general": null, "priority_general": "No Data", "priority_education": "No Data", "priority_healthcare": "No Data", "cluster": 1, "ai_profile": "Moderate Coverage", "data_confidence": "No Data"}, "geometry": {"type": "Polygon", "coordinates": [[[101.20658155700005, 3.48500840700005], [101.20658155700005, 3.50300840700005], [101.22458155700005, 3.50300840700005], [101.22458155700005, 3.48500840700005], [101.20658155700005, 3.48500840700005]]]}}, {"id": "57", "type": "Feature", "properties": {"cell_id": "KS_057", "center_lon": 101.21558155700005, "center_lat": 3.51200840700005, "population": 0.0, "avg_download_mbps": null, "avg_upload_mbps": null, "avg_latency_ms": null, "network_tests": null, "school_count": 0, "healthcare_count": 0, "connectivity_quality": null, "connectivity_gap": null, "pop_norm": 0.0, "edu_exposure": 0.0, "score_education": null, "health_exposure": 0.0, "score_healthcare": null, "score_general": null, "priority_general": "No Data", "priority_education": "No Data", "priority_healthcare": "No Data", "cluster": 1, "ai_profile": "Moderate Coverage", "data_confidence": "No Data"}, "geometry": {"type": "Polygon", "coordinates": [[[101.20658155700005, 3.50300840700005], [101.20658155700005, 3.52100840700005], [101.22458155700005, 3.52100840700005], [101.22458155700005, 3.50300840700005], [101.20658155700005, 3.50300840700005]]]}}, {"id": "58", "type": "Feature", "properties": {"cell_id": "KS_058", "center_lon": 101.21558155700005, "center_lat": 3.5300084070000497, "population": 0.0, "avg_download_mbps": null, "avg_upload_mbps": null, "avg_latency_ms": null, "network_tests": null, "school_count": 0, "healthcare_count": 0, "connectivity_quality": null, "connectivity_gap": null, "pop_norm": 0.0, "edu_exposure": 0.0, "score_education": null, "health_exposure": 0.0, "score_healthcare": null, "score_general": null, "priority_general": "No Data", "priority_education": "No Data", "priority_healthcare": "No Data", "cluster": 1, "ai_profile": "Moderate Coverage", "data_confidence": "No Data"}, "geometry": {"type": "Polygon", "coordinates": [[[101.20658155700005, 3.52100840700005], [101.20658155700005, 3.53900840700005], [101.22458155700005, 3.53900840700005], [101.22458155700005, 3.52100840700005], [101.20658155700005, 3.52100840700005]]]}}, {"id": "59", "type": "Feature", "properties": {"cell_id": "KS_059", "center_lon": 101.21558155700005, "center_lat": 3.5480084070000495, "population": 0.0, "avg_download_mbps": null, "avg_upload_mbps": null, "avg_latency_ms": null, "network_tests": null, "school_count": 0, "healthcare_count": 0, "connectivity_quality": null, "connectivity_gap": null, "pop_norm": 0.0, "edu_exposure": 0.0, "score_education": null, "health_exposure": 0.0, "score_healthcare": null, "score_general": null, "priority_general": "No Data", "priority_education": "No Data", "priority_healthcare": "No Data", "cluster": 1, "ai_profile": "Moderate Coverage", "data_confidence": "No Data"}, "geometry": {"type": "Polygon", "coordinates": [[[101.22458155700005, 3.53900840700005], [101.20658155700005, 3.53900840700005], [101.20658155700005, 3.546267237536518], [101.22458155700005, 3.552936152599136], [101.22458155700005, 3.53900840700005]]]}}, {"id": "60", "type": "Feature", "properties": {"cell_id": "KS_060", "center_lon": 101.23358155700005, "center_lat": 3.314008407000052, "population": 0.0, "avg_download_mbps": null, "avg_upload_mbps": null, "avg_latency_ms": null, "network_tests": null, "school_count": 0, "healthcare_count": 0, "connectivity_quality": null, "connectivity_gap": null, "pop_norm": 0.0, "edu_exposure": 0.0, "score_education": null, "health_exposure": 0.0, "score_healthcare": null, "score_general": null, "priority_general": "No Data", "priority_education": "No Data", "priority_healthcare": "No Data", "cluster": 1, "ai_profile": "Moderate Coverage", "data_confidence": "No Data"}, "geometry": {"type": "Polygon", "coordinates": [[[101.24258155700005, 3.323008407000052], [101.24258155700005, 3.32093323473266], [101.2407474464031, 3.323008407000052], [101.24258155700005, 3.323008407000052]]]}}, {"id": "61", "type": "Feature", "properties": {"cell_id": "KS_061", "center_lon": 101.23358155700005, "center_lat": 3.332008407000052, "population": 94.77913665771484, "avg_download_mbps": 29.99, "avg_upload_mbps": 17.003, "avg_latency_ms": 19.0, "network_tests": 4.0, "school_count": 0, "healthcare_count": 0, "connectivity_quality": 0.36857944322688274, "connectivity_gap": 0.6314205567731173, "pop_norm": 0.007907479058229328, "edu_exposure": 0.003162991623291731, "score_education": 0.311959296697923, "health_exposure": 0.003162991623291731, "score_healthcare": 0.29805526694225476, "score_general": 0.7323225976041795, "priority_general": "Low", "priority_education": "Low", "priority_healthcare": "Low", "cluster": 0, "ai_profile": "High-Impact Connectivity Gap", "data_confidence": "Low"}, "geometry": {"type": "Polygon", "coordinates": [[[101.22458155700005, 3.341008407000052], [101.24258155700005, 3.341008407000052], [101.24258155700005, 3.323008407000052], [101.2407474464031, 3.323008407000052], [101.24001855800009, 3.323833095000055], [101.23420744600008, 3.329634413000065], [101.23013966900004, 3.336595951000049], [101.22490966800007, 3.338916452000035], [101.22458155700005, 3.338974255617976], [101.22458155700005, 3.341008407000052]]]}}, {"id": "62", "type": "Feature", "properties": {"cell_id": "KS_062", "center_lon": 101.23358155700005, "center_lat": 3.3500084070000518, "population": 1001.654052734375, "avg_download_mbps": 100.6225, "avg_upload_mbps": 16.174, "avg_latency_ms": 27.0, "network_tests": 17.0, "school_count": 0, "healthcare_count": 0, "connectivity_quality": 0.43991233486417725, "connectivity_gap": 0.5600876651358228, "pop_norm": 0.0835685861350678, "edu_exposure": 0.03342743445402712, "score_education": 4.293480731394837, "health_exposure": 0.03342743445402712, "score_healthcare": 4.102120241495708, "score_general": 10.07892053630051, "priority_general": "Low", "priority_education": "Low", "priority_healthcare": "Low", "cluster": 0, "ai_profile": "High-Impact Connectivity Gap", "data_confidence": "Medium"}, "geometry": {"type": "Polygon", "coordinates": [[[101.22458155700005, 3.341008407000052], [101.22458155700005, 3.359008407000052], [101.24258155700005, 3.359008407000052], [101.24258155700005, 3.341008407000052], [101.22458155700005, 3.341008407000052]]]}}, {"id": "63", "type": "Feature", "properties": {"cell_id": "KS_063", "center_lon": 101.23358155700005, "center_lat": 3.3680084070000516, "population": 1935.7066650390625, "avg_download_mbps": 46.14771428571429, "avg_upload_mbps": 10.797857142857142, "avg_latency_ms": 24.285714285714285, "network_tests": 40.0, "school_count": 0, "healthcare_count": 0, "connectivity_quality": 0.36478927992120846, "connectivity_gap": 0.6352107200787915, "pop_norm": 0.16149714437629237, "edu_exposure": 0.06459885775051695, "score_education": 9.604899070891348, "health_exposure": 0.06459885775051695, "score_healthcare": 9.176808599168108, "score_general": 22.547443566434836, "priority_general": "Low", "priority_education": "Low", "priority_healthcare": "Low", "cluster": 0, "ai_profile": "High-Impact Connectivity Gap", "data_confidence": "High"}, "geometry": {"type": "Polygon", "coordinates": [[[101.22458155700005, 3.359008407000052], [101.22458155700005, 3.377008407000051], [101.24258155700005, 3.377008407000051], [101.24258155700005, 3.359008407000052], [101.22458155700005, 3.359008407000052]]]}}, {"id": "64", "type": "Feature", "properties": {"cell_id": "KS_064", "center_lon": 101.23358155700005, "center_lat": 3.3860084070000513, "population": 1406.5712890625, "avg_download_mbps": 49.184, "avg_upload_mbps": 12.407666666666666, "avg_latency_ms": 21.333333333333332, "network_tests": 11.0, "school_count": 0, "healthcare_count": 0, "connectivity_quality": 0.37595855107558906, "connectivity_gap": 0.6240414489244109, "pop_norm": 0.11735106906845837, "edu_exposure": 0.046940427627383347, "score_education": 6.809851217774135, "health_exposure": 0.046940427627383347, "score_healthcare": 6.506336063823488, "score_general": 15.986085319096516, "priority_general": "Low", "priority_education": "Low", "priority_healthcare": "Low", "cluster": 0, "ai_profile": "High-Impact Connectivity Gap", "data_confidence": "Medium"}, "geometry": {"type": "Polygon", "coordinates": [[[101.22458155700005, 3.377008407000051], [101.22458155700005, 3.395008407000051], [101.24258155700005, 3.395008407000051], [101.24258155700005, 3.377008407000051], [101.22458155700005, 3.377008407000051]]]}}, {"id": "65", "type": "Feature", "properties": {"cell_id": "KS_065", "center_lon": 101.23358155700005, "center_lat": 3.404008407000051, "population": 412.5286560058594, "avg_download_mbps": null, "avg_upload_mbps": null, "avg_latency_ms": null, "network_tests": null, "school_count": 0, "healthcare_count": 0, "connectivity_quality": null, "connectivity_gap": null, "pop_norm": 0.034417508149144946, "edu_exposure": 0.013767003259657979, "score_education": null, "health_exposure": 0.013767003259657979, "score_healthcare": null, "score_general": null, "priority_general": "No Data", "priority_education": "No Data", "priority_healthcare": "No Data", "cluster": 1, "ai_profile": "Moderate Coverage", "data_confidence": "No Data"}, "geometry": {"type": "Polygon", "coordinates": [[[101.22458155700005, 3.395008407000051], [101.22458155700005, 3.413008407000051], [101.24258155700005, 3.413008407000051], [101.24258155700005, 3.395008407000051], [101.22458155700005, 3.395008407000051]]]}}, {"id": "66", "type": "Feature", "properties": {"cell_id": "KS_066", "center_lon": 101.23358155700005, "center_lat": 3.422008407000051, "population": 1945.04248046875, "avg_download_mbps": 183.07171428571428, "avg_upload_mbps": 16.437571428571427, "avg_latency_ms": 20.857142857142858, "network_tests": 27.0, "school_count": 0, "healthcare_count": 0, "connectivity_quality": 0.5436497819861161, "connectivity_gap": 0.45635021801388387, "pop_norm": 0.1622760369427899, "edu_exposure": 0.06491041477711595, "score_education": 6.888197843710646, "health_exposure": 0.06491041477711595, "score_healthcare": 6.581190779662087, "score_general": 16.170003558516402, "priority_general": "Low", "priority_education": "Low", "priority_healthcare": "Low", "cluster": 0, "ai_profile": "High-Impact Connectivity Gap", "data_confidence": "High"}, "geometry": {"type": "Polygon", "coordinates": [[[101.22458155700005, 3.413008407000051], [101.22458155700005, 3.431008407000051], [101.24258155700005, 3.431008407000051], [101.24258155700005, 3.413008407000051], [101.22458155700005, 3.413008407000051]]]}}, {"id": "67", "type": "Feature", "properties": {"cell_id": "KS_067", "center_lon": 101.23358155700005, "center_lat": 3.4400084070000507, "population": 1140.64990234375, "avg_download_mbps": 421.8448, "avg_upload_mbps": 55.4126, "avg_latency_ms": 16.8, "network_tests": 17.0, "school_count": 0, "healthcare_count": 0, "connectivity_quality": 0.9323022877106346, "connectivity_gap": 0.06769771228936539, "pop_norm": 0.09516509153410131, "edu_exposure": 0.038066036613640525, "score_education": 0.44998576565790993, "health_exposure": 0.038066036613640525, "score_healthcare": 0.4299298944543242, "score_general": 1.056338914337924, "priority_general": "Low", "priority_education": "Low", "priority_healthcare": "Low", "cluster": 2, "ai_profile": "Well-Served Urban", "data_confidence": "Medium"}, "geometry": {"type": "Polygon", "coordinates": [[[101.22458155700005, 3.431008407000051], [101.22458155700005, 3.449008407000051], [101.24258155700005, 3.449008407000051], [101.24258155700005, 3.431008407000051], [101.22458155700005, 3.431008407000051]]]}}, {"id": "68", "type": "Feature", "properties": {"cell_id": "KS_068", "center_lon": 101.23358155700005, "center_lat": 3.4580084070000505, "population": 1188.041748046875, "avg_download_mbps": 159.13442857142857, "avg_upload_mbps": 21.156285714285712, "avg_latency_ms": 17.285714285714285, "network_tests": 25.0, "school_count": 0, "healthcare_count": 0, "connectivity_quality": 0.5324394894668316, "connectivity_gap": 0.4675605105331684, "pop_norm": 0.09911902106588918, "edu_exposure": 0.039647608426355674, "score_education": 4.249526544140235, "health_exposure": 0.039647608426355674, "score_healthcare": 4.060125092916802, "score_general": 9.975738342576562, "priority_general": "Low", "priority_education": "Low", "priority_healthcare": "Low", "cluster": 0, "ai_profile": "High-Impact Connectivity Gap", "data_confidence": "High"}, "geometry": {"type": "Polygon", "coordinates": [[[101.22458155700005, 3.449008407000051], [101.22458155700005, 3.46700840700005], [101.24258155700005, 3.46700840700005], [101.24258155700005, 3.449008407000051], [101.22458155700005, 3.449008407000051]]]}}, {"id": "69", "type": "Feature", "properties": {"cell_id": "KS_069", "center_lon": 101.23358155700005, "center_lat": 3.4760084070000503, "population": 368.4684143066406, "avg_download_mbps": 121.2965, "avg_upload_mbps": 28.8605, "avg_latency_ms": 17.0, "network_tests": 8.0, "school_count": 0, "healthcare_count": 0, "connectivity_quality": 0.5094499802192103, "connectivity_gap": 0.4905500197807897, "pop_norm": 0.030741536296865626, "edu_exposure": 0.012296614518746252, "score_education": 1.272499529046103, "health_exposure": 0.012296614518746252, "score_healthcare": 1.2157842091206859, "score_general": 2.987185092494605, "priority_general": "Low", "priority_education": "Low", "priority_healthcare": "Low", "cluster": 0, "ai_profile": "High-Impact Connectivity Gap", "data_confidence": "Medium"}, "geometry": {"type": "Polygon", "coordinates": [[[101.22458155700005, 3.46700840700005], [101.22458155700005, 3.48500840700005], [101.24258155700005, 3.48500840700005], [101.24258155700005, 3.46700840700005], [101.22458155700005, 3.46700840700005]]]}}, {"id": "70", "type": "Feature", "properties": {"cell_id": "KS_070", "center_lon": 101.23358155700005, "center_lat": 3.49400840700005, "population": 0.0, "avg_download_mbps": null, "avg_upload_mbps": null, "avg_latency_ms": null, "network_tests": null, "school_count": 0, "healthcare_count": 0, "connectivity_quality": null, "connectivity_gap": null, "pop_norm": 0.0, "edu_exposure": 0.0, "score_education": null, "health_exposure": 0.0, "score_healthcare": null, "score_general": null, "priority_general": "No Data", "priority_education": "No Data", "priority_healthcare": "No Data", "cluster": 1, "ai_profile": "Moderate Coverage", "data_confidence": "No Data"}, "geometry": {"type": "Polygon", "coordinates": [[[101.22458155700005, 3.48500840700005], [101.22458155700005, 3.50300840700005], [101.24258155700005, 3.50300840700005], [101.24258155700005, 3.48500840700005], [101.22458155700005, 3.48500840700005]]]}}, {"id": "71", "type": "Feature", "properties": {"cell_id": "KS_071", "center_lon": 101.23358155700005, "center_lat": 3.51200840700005, "population": 0.0, "avg_download_mbps": null, "avg_upload_mbps": null, "avg_latency_ms": null, "network_tests": null, "school_count": 0, "healthcare_count": 0, "connectivity_quality": null, "connectivity_gap": null, "pop_norm": 0.0, "edu_exposure": 0.0, "score_education": null, "health_exposure": 0.0, "score_healthcare": null, "score_general": null, "priority_general": "No Data", "priority_education": "No Data", "priority_healthcare": "No Data", "cluster": 1, "ai_profile": "Moderate Coverage", "data_confidence": "No Data"}, "geometry": {"type": "Polygon", "coordinates": [[[101.22458155700005, 3.50300840700005], [101.22458155700005, 3.52100840700005], [101.24258155700005, 3.52100840700005], [101.24258155700005, 3.50300840700005], [101.22458155700005, 3.50300840700005]]]}}, {"id": "72", "type": "Feature", "properties": {"cell_id": "KS_072", "center_lon": 101.23358155700005, "center_lat": 3.5300084070000497, "population": 0.0, "avg_download_mbps": null, "avg_upload_mbps": null, "avg_latency_ms": null, "network_tests": null, "school_count": 0, "healthcare_count": 0, "connectivity_quality": null, "connectivity_gap": null, "pop_norm": 0.0, "edu_exposure": 0.0, "score_education": null, "health_exposure": 0.0, "score_healthcare": null, "score_general": null, "priority_general": "No Data", "priority_education": "No Data", "priority_healthcare": "No Data", "cluster": 1, "ai_profile": "Moderate Coverage", "data_confidence": "No Data"}, "geometry": {"type": "Polygon", "coordinates": [[[101.22458155700005, 3.52100840700005], [101.22458155700005, 3.53900840700005], [101.24258155700005, 3.53900840700005], [101.24258155700005, 3.52100840700005], [101.22458155700005, 3.52100840700005]]]}}, {"id": "73", "type": "Feature", "properties": {"cell_id": "KS_073", "center_lon": 101.23358155700005, "center_lat": 3.5480084070000495, "population": 0.0, "avg_download_mbps": null, "avg_upload_mbps": null, "avg_latency_ms": null, "network_tests": null, "school_count": 0, "healthcare_count": 0, "connectivity_quality": null, "connectivity_gap": null, "pop_norm": 0.0, "edu_exposure": 0.0, "score_education": null, "health_exposure": 0.0, "score_healthcare": null, "score_general": null, "priority_general": "No Data", "priority_education": "No Data", "priority_healthcare": "No Data", "cluster": 1, "ai_profile": "Moderate Coverage", "data_confidence": "No Data"}, "geometry": {"type": "Polygon", "coordinates": [[[101.24258155700005, 3.557008407000049], [101.24258155700005, 3.53900840700005], [101.22458155700005, 3.53900840700005], [101.22458155700005, 3.552936152599136], [101.23557293693639, 3.557008407000049], [101.24258155700005, 3.557008407000049]]]}}, {"id": "74", "type": "Feature", "properties": {"cell_id": "KS_074", "center_lon": 101.23358155700005, "center_lat": 3.5660084070000493, "population": 0.0, "avg_download_mbps": null, "avg_upload_mbps": null, "avg_latency_ms": null, "network_tests": null, "school_count": 0, "healthcare_count": 0, "connectivity_quality": null, "connectivity_gap": null, "pop_norm": 0.0, "edu_exposure": 0.0, "score_education": null, "health_exposure": 0.0, "score_healthcare": null, "score_general": null, "priority_general": "No Data", "priority_education": "No Data", "priority_healthcare": "No Data", "cluster": 1, "ai_profile": "Moderate Coverage", "data_confidence": "No Data"}, "geometry": {"type": "Polygon", "coordinates": [[[101.24258155700005, 3.557008407000049], [101.23557293693639, 3.557008407000049], [101.24258155700005, 3.559605067661754], [101.24258155700005, 3.557008407000049]]]}}, {"id": "75", "type": "Feature", "properties": {"cell_id": "KS_075", "center_lon": 101.25158155700005, "center_lat": 3.314008407000052, "population": 2402.513671875, "avg_download_mbps": 94.7365, "avg_upload_mbps": 8.2915, "avg_latency_ms": 26.0, "network_tests": 8.0, "school_count": 0, "healthcare_count": 0, "connectivity_quality": 0.41281378355913345, "connectivity_gap": 0.5871862164408665, "pop_norm": 0.20044312722608895, "edu_exposure": 0.08017725089043559, "score_education": 11.043971560226286, "health_exposure": 0.08017725089043559, "score_healthcare": 10.551741609654139, "score_general": 25.925657694641934, "priority_general": "Low", "priority_education": "Low", "priority_healthcare": "Low", "cluster": 0, "ai_profile": "High-Impact Connectivity Gap", "data_confidence": "Medium"}, "geometry": {"type": "Polygon", "coordinates": [[[101.24258155700005, 3.323008407000052], [101.26058155700005, 3.323008407000052], [101.26058155700005, 3.30548361729414], [101.25861411400007, 3.308169364000037], [101.25396522500006, 3.312810495000065], [101.24873522500008, 3.31397077500003], [101.24258155700005, 3.32093323473266], [101.24258155700005, 3.323008407000052]]]}}, {"id": "76", "type": "Feature", "properties": {"cell_id": "KS_076", "center_lon": 101.25158155700005, "center_lat": 3.332008407000052, "population": 9067.890625, "avg_download_mbps": 173.802, "avg_upload_mbps": 32.6285, "avg_latency_ms": 23.5, "network_tests": 245.0, "school_count": 2, "healthcare_count": 1, "connectivity_quality": 0.5737310272066833, "connectivity_gap": 0.42626897279331666, "pop_norm": 0.7565394426249499, "edu_exposure": 0.90261577674998, "score_education": 91.43042171933861, "health_exposure": 0.9026157764499799, "score_healthcare": 87.35536665065251, "score_general": 71.70368647840365, "priority_general": "High", "priority_education": "High", "priority_healthcare": "High", "cluster": 3, "ai_profile": "Moderate Coverage", "data_confidence": "High"}, "geometry": {"type": "Polygon", "coordinates": [[[101.24258155700005, 3.323008407000052], [101.24258155700005, 3.341008407000052], [101.26058155700005, 3.341008407000052], [101.26058155700005, 3.323008407000052], [101.24258155700005, 3.323008407000052]]]}}, {"id": "77", "type": "Feature", "properties": {"cell_id": "KS_077", "center_lon": 101.25158155700005, "center_lat": 3.3500084070000518, "population": 5661.5498046875, "avg_download_mbps": 106.74757142857142, "avg_upload_mbps": 17.518428571428572, "avg_latency_ms": 35.0, "network_tests": 300.0, "school_count": 0, "healthcare_count": 1, "connectivity_quality": 0.44184369260694084, "connectivity_gap": 0.5581563073930591, "pop_norm": 0.47234642661249293, "edu_exposure": 0.1889385706449972, "score_education": 24.941296366167354, "health_exposure": 0.7889385700449971, "score_healthcare": 99.99999999772554, "score_general": 58.54954519971825, "priority_general": "Medium", "priority_education": "Low", "priority_healthcare": "High", "cluster": 3, "ai_profile": "Moderate Coverage", "data_confidence": "High"}, "geometry": {"type": "Polygon", "coordinates": [[[101.24258155700005, 3.341008407000052], [101.24258155700005, 3.359008407000052], [101.26058155700005, 3.359008407000052], [101.26058155700005, 3.341008407000052], [101.24258155700005, 3.341008407000052]]]}}, {"id": "78", "type": "Feature", "properties": {"cell_id": "KS_078", "center_lon": 101.25158155700005, "center_lat": 3.3680084070000516, "population": 2652.89404296875, "avg_download_mbps": 213.7635, "avg_upload_mbps": 25.396666666666665, "avg_latency_ms": 21.0, "network_tests": 39.0, "school_count": 0, "healthcare_count": 0, "connectivity_quality": 0.6035613362669434, "connectivity_gap": 0.3964386637330566, "pop_norm": 0.22133250869582782, "edu_exposure": 0.08853300347833114, "score_education": 8.191800513094108, "health_exposure": 0.08853300347833114, "score_healthcare": 7.826691861766272, "score_general": 19.230203088364213, "priority_general": "Low", "priority_education": "Low", "priority_healthcare": "Low", "cluster": 2, "ai_profile": "Well-Served Urban", "data_confidence": "High"}, "geometry": {"type": "Polygon", "coordinates": [[[101.24258155700005, 3.359008407000052], [101.24258155700005, 3.377008407000051], [101.26058155700005, 3.377008407000051], [101.26058155700005, 3.359008407000052], [101.24258155700005, 3.359008407000052]]]}}, {"id": "79", "type": "Feature", "properties": {"cell_id": "KS_079", "center_lon": 101.25158155700005, "center_lat": 3.3860084070000513, "population": 858.5416259765625, "avg_download_mbps": 25.046, "avg_upload_mbps": 1.041, "avg_latency_ms": 24.0, "network_tests": 7.0, "school_count": 0, "healthcare_count": 0, "connectivity_quality": 0.3140687647637911, "connectivity_gap": 0.6859312352362089, "pop_norm": 0.07162863228587153, "edu_exposure": 0.028651452914348615, "score_education": 4.515023851672573, "health_exposure": 0.028651452914348615, "score_healthcare": 4.313789182131708, "score_general": 10.598991696353892, "priority_general": "Low", "priority_education": "Low", "priority_healthcare": "Low", "cluster": 0, "ai_profile": "High-Impact Connectivity Gap", "data_confidence": "Medium"}, "geometry": {"type": "Polygon", "coordinates": [[[101.24258155700005, 3.377008407000051], [101.24258155700005, 3.395008407000051], [101.26058155700005, 3.395008407000051], [101.26058155700005, 3.377008407000051], [101.24258155700005, 3.377008407000051]]]}}, {"id": "80", "type": "Feature", "properties": {"cell_id": "KS_080", "center_lon": 101.25158155700005, "center_lat": 3.404008407000051, "population": 240.25857543945312, "avg_download_mbps": null, "avg_upload_mbps": null, "avg_latency_ms": null, "network_tests": null, "school_count": 0, "healthcare_count": 0, "connectivity_quality": null, "connectivity_gap": null, "pop_norm": 0.020044914111304508, "edu_exposure": 0.008017965644521804, "score_education": null, "health_exposure": 0.008017965644521804, "score_healthcare": null, "score_general": null, "priority_general": "No Data", "priority_education": "No Data", "priority_healthcare": "No Data", "cluster": 1, "ai_profile": "Moderate Coverage", "data_confidence": "No Data"}, "geometry": {"type": "Polygon", "coordinates": [[[101.24258155700005, 3.395008407000051], [101.24258155700005, 3.413008407000051], [101.26058155700005, 3.413008407000051], [101.26058155700005, 3.395008407000051], [101.24258155700005, 3.395008407000051]]]}}, {"id": "81", "type": "Feature", "properties": {"cell_id": "KS_081", "center_lon": 101.25158155700005, "center_lat": 3.422008407000051, "population": 1424.93310546875, "avg_download_mbps": 138.391, "avg_upload_mbps": 18.213333333333335, "avg_latency_ms": 67.33333333333333, "network_tests": 11.0, "school_count": 0, "healthcare_count": 0, "connectivity_quality": 0.4448613098195521, "connectivity_gap": 0.5551386901804479, "pop_norm": 0.11888300619959971, "edu_exposure": 0.047553202479839886, "score_education": 6.120880203418651, "health_exposure": 0.047553202479839886, "score_healthcare": 5.848072496195159, "score_general": 14.36872995175396, "priority_general": "Low", "priority_education": "Low", "priority_healthcare": "Low", "cluster": 0, "ai_profile": "High-Impact Connectivity Gap", "data_confidence": "Medium"}, "geometry": {"type": "Polygon", "coordinates": [[[101.24258155700005, 3.413008407000051], [101.24258155700005, 3.431008407000051], [101.26058155700005, 3.431008407000051], [101.26058155700005, 3.413008407000051], [101.24258155700005, 3.413008407000051]]]}}, {"id": "82", "type": "Feature", "properties": {"cell_id": "KS_082", "center_lon": 101.25158155700005, "center_lat": 3.4400084070000507, "population": 1414.7603759765625, "avg_download_mbps": 75.01275, "avg_upload_mbps": 13.09375, "avg_latency_ms": 25.5, "network_tests": 14.0, "school_count": 0, "healthcare_count": 0, "connectivity_quality": 0.4033469794934312, "connectivity_gap": 0.5966530205065688, "pop_norm": 0.1180342894011443, "edu_exposure": 0.04721371576045772, "score_education": 6.54261707422714, "health_exposure": 0.04721371576045772, "score_healthcare": 6.251012549396824, "score_general": 15.358754753082426, "priority_general": "Low", "priority_education": "Low", "priority_healthcare": "Low", "cluster": 0, "ai_profile": "High-Impact Connectivity Gap", "data_confidence": "Medium"}, "geometry": {"type": "Polygon", "coordinates": [[[101.24258155700005, 3.431008407000051], [101.24258155700005, 3.449008407000051], [101.26058155700005, 3.449008407000051], [101.26058155700005, 3.431008407000051], [101.24258155700005, 3.431008407000051]]]}}, {"id": "83", "type": "Feature", "properties": {"cell_id": "KS_083", "center_lon": 101.25158155700005, "center_lat": 3.4580084070000505, "population": 653.3001098632812, "avg_download_mbps": 156.9365, "avg_upload_mbps": 21.40375, "avg_latency_ms": 20.75, "network_tests": 8.0, "school_count": 0, "healthcare_count": 0, "connectivity_quality": 0.5267091872902405, "connectivity_gap": 0.4732908127097595, "pop_norm": 0.05450521200819902, "edu_exposure": 0.02180208480327961, "score_education": 2.292957465338954, "health_exposure": 0.02180208480327961, "score_healthcare": 2.1907603224295507, "score_general": 5.382704041799751, "priority_general": "Low", "priority_education": "Low", "priority_healthcare": "Low", "cluster": 0, "ai_profile": "High-Impact Connectivity Gap", "data_confidence": "Medium"}, "geometry": {"type": "Polygon", "coordinates": [[[101.24258155700005, 3.449008407000051], [101.24258155700005, 3.46700840700005], [101.26058155700005, 3.46700840700005], [101.26058155700005, 3.449008407000051], [101.24258155700005, 3.449008407000051]]]}}, {"id": "84", "type": "Feature", "properties": {"cell_id": "KS_084", "center_lon": 101.25158155700005, "center_lat": 3.4760084070000503, "population": 0.0, "avg_download_mbps": null, "avg_upload_mbps": null, "avg_latency_ms": null, "network_tests": null, "school_count": 0, "healthcare_count": 0, "connectivity_quality": null, "connectivity_gap": null, "pop_norm": 0.0, "edu_exposure": 0.0, "score_education": null, "health_exposure": 0.0, "score_healthcare": null, "score_general": null, "priority_general": "No Data", "priority_education": "No Data", "priority_healthcare": "No Data", "cluster": 1, "ai_profile": "Moderate Coverage", "data_confidence": "No Data"}, "geometry": {"type": "Polygon", "coordinates": [[[101.24258155700005, 3.46700840700005], [101.24258155700005, 3.48500840700005], [101.26058155700005, 3.48500840700005], [101.26058155700005, 3.46700840700005], [101.24258155700005, 3.46700840700005]]]}}, {"id": "85", "type": "Feature", "properties": {"cell_id": "KS_085", "center_lon": 101.25158155700005, "center_lat": 3.49400840700005, "population": 0.0, "avg_download_mbps": null, "avg_upload_mbps": null, "avg_latency_ms": null, "network_tests": null, "school_count": 0, "healthcare_count": 0, "connectivity_quality": null, "connectivity_gap": null, "pop_norm": 0.0, "edu_exposure": 0.0, "score_education": null, "health_exposure": 0.0, "score_healthcare": null, "score_general": null, "priority_general": "No Data", "priority_education": "No Data", "priority_healthcare": "No Data", "cluster": 1, "ai_profile": "Moderate Coverage", "data_confidence": "No Data"}, "geometry": {"type": "Polygon", "coordinates": [[[101.24258155700005, 3.48500840700005], [101.24258155700005, 3.50300840700005], [101.26058155700005, 3.50300840700005], [101.26058155700005, 3.48500840700005], [101.24258155700005, 3.48500840700005]]]}}, {"id": "86", "type": "Feature", "properties": {"cell_id": "KS_086", "center_lon": 101.25158155700005, "center_lat": 3.51200840700005, "population": 0.0, "avg_download_mbps": null, "avg_upload_mbps": null, "avg_latency_ms": null, "network_tests": null, "school_count": 0, "healthcare_count": 0, "connectivity_quality": null, "connectivity_gap": null, "pop_norm": 0.0, "edu_exposure": 0.0, "score_education": null, "health_exposure": 0.0, "score_healthcare": null, "score_general": null, "priority_general": "No Data", "priority_education": "No Data", "priority_healthcare": "No Data", "cluster": 1, "ai_profile": "Moderate Coverage", "data_confidence": "No Data"}, "geometry": {"type": "Polygon", "coordinates": [[[101.24258155700005, 3.50300840700005], [101.24258155700005, 3.52100840700005], [101.26058155700005, 3.52100840700005], [101.26058155700005, 3.50300840700005], [101.24258155700005, 3.50300840700005]]]}}, {"id": "87", "type": "Feature", "properties": {"cell_id": "KS_087", "center_lon": 101.25158155700005, "center_lat": 3.5300084070000497, "population": 0.0, "avg_download_mbps": null, "avg_upload_mbps": null, "avg_latency_ms": null, "network_tests": null, "school_count": 0, "healthcare_count": 0, "connectivity_quality": null, "connectivity_gap": null, "pop_norm": 0.0, "edu_exposure": 0.0, "score_education": null, "health_exposure": 0.0, "score_healthcare": null, "score_general": null, "priority_general": "No Data", "priority_education": "No Data", "priority_healthcare": "No Data", "cluster": 1, "ai_profile": "Moderate Coverage", "data_confidence": "No Data"}, "geometry": {"type": "Polygon", "coordinates": [[[101.24258155700005, 3.52100840700005], [101.24258155700005, 3.53900840700005], [101.26058155700005, 3.53900840700005], [101.26058155700005, 3.52100840700005], [101.24258155700005, 3.52100840700005]]]}}, {"id": "88", "type": "Feature", "properties": {"cell_id": "KS_088", "center_lon": 101.25158155700005, "center_lat": 3.5480084070000495, "population": 0.0, "avg_download_mbps": null, "avg_upload_mbps": null, "avg_latency_ms": null, "network_tests": null, "school_count": 0, "healthcare_count": 0, "connectivity_quality": null, "connectivity_gap": null, "pop_norm": 0.0, "edu_exposure": 0.0, "score_education": null, "health_exposure": 0.0, "score_healthcare": null, "score_general": null, "priority_general": "No Data", "priority_education": "No Data", "priority_healthcare": "No Data", "cluster": 1, "ai_profile": "Moderate Coverage", "data_confidence": "No Data"}, "geometry": {"type": "Polygon", "coordinates": [[[101.24258155700005, 3.53900840700005], [101.24258155700005, 3.557008407000049], [101.26058155700005, 3.557008407000049], [101.26058155700005, 3.53900840700005], [101.24258155700005, 3.53900840700005]]]}}, {"id": "89", "type": "Feature", "properties": {"cell_id": "KS_089", "center_lon": 101.25158155700005, "center_lat": 3.5660084070000493, "population": 0.0, "avg_download_mbps": null, "avg_upload_mbps": null, "avg_latency_ms": null, "network_tests": null, "school_count": 0, "healthcare_count": 0, "connectivity_quality": null, "connectivity_gap": null, "pop_norm": 0.0, "edu_exposure": 0.0, "score_education": null, "health_exposure": 0.0, "score_healthcare": null, "score_general": null, "priority_general": "No Data", "priority_education": "No Data", "priority_healthcare": "No Data", "cluster": 1, "ai_profile": "Moderate Coverage", "data_confidence": "No Data"}, "geometry": {"type": "Polygon", "coordinates": [[[101.26058155700005, 3.557008407000049], [101.24258155700005, 3.557008407000049], [101.24258155700005, 3.559605067661754], [101.26058155700005, 3.566273982724372], [101.26058155700005, 3.557008407000049]]]}}, {"id": "90", "type": "Feature", "properties": {"cell_id": "KS_090", "center_lon": 101.26958155700005, "center_lat": 3.2780084070000526, "population": 5.902458190917969, "avg_download_mbps": null, "avg_upload_mbps": null, "avg_latency_ms": null, "network_tests": null, "school_count": 0, "healthcare_count": 0, "connectivity_quality": null, "connectivity_gap": null, "pop_norm": 0.000492445554819884, "edu_exposure": 0.00019697822192795363, "score_education": null, "health_exposure": 0.00019697822192795363, "score_healthcare": null, "score_general": null, "priority_general": "No Data", "priority_education": "No Data", "priority_healthcare": "No Data", "cluster": 1, "ai_profile": "Moderate Coverage", "data_confidence": "No Data"}, "geometry": {"type": "Polygon", "coordinates": [[[101.27858155700005, 3.287008407000052], [101.27858155700005, 3.280911906344163], [101.27411556714573, 3.287008407000052], [101.27858155700005, 3.287008407000052]]]}}, {"id": "91", "type": "Feature", "properties": {"cell_id": "KS_091", "center_lon": 101.26958155700005, "center_lat": 3.2960084070000524, "population": 395.1357116699219, "avg_download_mbps": null, "avg_upload_mbps": null, "avg_latency_ms": null, "network_tests": null, "school_count": 0, "healthcare_count": 0, "connectivity_quality": null, "connectivity_gap": null, "pop_norm": 0.03296640458408436, "edu_exposure": 0.013186561833633745, "score_education": null, "health_exposure": 0.013186561833633745, "score_healthcare": null, "score_general": null, "priority_general": "No Data", "priority_education": "No Data", "priority_healthcare": "No Data", "cluster": 1, "ai_profile": "Moderate Coverage", "data_confidence": "No Data"}, "geometry": {"type": "Polygon", "coordinates": [[[101.27858155700005, 3.305008407000052], [101.27858155700005, 3.287008407000052], [101.27411556714573, 3.287008407000052], [101.26092967216839, 3.305008407000052], [101.27858155700005, 3.305008407000052]]]}}, {"id": "92", "type": "Feature", "properties": {"cell_id": "KS_092", "center_lon": 101.26958155700005, "center_lat": 3.314008407000052, "population": 6283.3505859375, "avg_download_mbps": 148.40283333333335, "avg_upload_mbps": 18.961, "avg_latency_ms": 24.333333333333332, "network_tests": 142.0, "school_count": 0, "healthcare_count": 0, "connectivity_quality": 0.5061710421167256, "connectivity_gap": 0.4938289578832744, "pop_norm": 0.5242236311272567, "edu_exposure": 0.20968945245090267, "score_education": 24.48743436198018, "health_exposure": 0.20968945245090267, "score_healthcare": 23.396029106189282, "score_general": 57.48410683843731, "priority_general": "Medium", "priority_education": "Low", "priority_healthcare": "Low", "cluster": 2, "ai_profile": "Well-Served Urban", "data_confidence": "High"}, "geometry": {"type": "Polygon", "coordinates": [[[101.26058155700005, 3.323008407000052], [101.27858155700005, 3.323008407000052], [101.27858155700005, 3.305008407000052], [101.26092967216839, 3.305008407000052], [101.26058155700005, 3.30548361729414], [101.26058155700005, 3.323008407000052]]]}}, {"id": "93", "type": "Feature", "properties": {"cell_id": "KS_093", "center_lon": 101.26958155700005, "center_lat": 3.332008407000052, "population": 6552.4560546875, "avg_download_mbps": 233.0395, "avg_upload_mbps": 26.408625, "avg_latency_ms": 20.25, "network_tests": 212.0, "school_count": 0, "healthcare_count": 0, "connectivity_quality": 0.6296271392525616, "connectivity_gap": 0.37037286074743836, "pop_norm": 0.546675258496268, "edu_exposure": 0.2186701033985072, "score_education": 19.1165831400318, "health_exposure": 0.2186701033985072, "score_healthcare": 18.264556790379245, "score_general": 44.87606546946532, "priority_general": "Medium", "priority_education": "Low", "priority_healthcare": "Low", "cluster": 2, "ai_profile": "Well-Served Urban", "data_confidence": "High"}, "geometry": {"type": "Polygon", "coordinates": [[[101.26058155700005, 3.323008407000052], [101.26058155700005, 3.341008407000052], [101.27858155700005, 3.341008407000052], [101.27858155700005, 3.323008407000052], [101.26058155700005, 3.323008407000052]]]}}, {"id": "94", "type": "Feature", "properties": {"cell_id": "KS_094", "center_lon": 101.26958155700005, "center_lat": 3.3500084070000518, "population": 729.1144409179688, "avg_download_mbps": 12.512, "avg_upload_mbps": 2.1835, "avg_latency_ms": 23.75, "network_tests": 6.0, "school_count": 0, "healthcare_count": 0, "connectivity_quality": 0.3028099897963582, "connectivity_gap": 0.6971900102036418, "pop_norm": 0.060830446192317415, "edu_exposure": 0.024332178476926966, "score_education": 3.874943725921229, "health_exposure": 0.024332178476926966, "score_healthcare": 3.702237435590925, "score_general": 9.096407399855334, "priority_general": "Low", "priority_education": "Low", "priority_healthcare": "Low", "cluster": 0, "ai_profile": "High-Impact Connectivity Gap", "data_confidence": "Medium"}, "geometry": {"type": "Polygon", "coordinates": [[[101.26058155700005, 3.341008407000052], [101.26058155700005, 3.359008407000052], [101.27858155700005, 3.359008407000052], [101.27858155700005, 3.341008407000052], [101.26058155700005, 3.341008407000052]]]}}, {"id": "95", "type": "Feature", "properties": {"cell_id": "KS_095", "center_lon": 101.26958155700005, "center_lat": 3.3680084070000516, "population": 1188.870849609375, "avg_download_mbps": 292.0693333333333, "avg_upload_mbps": 47.78666666666667, "avg_latency_ms": 15.666666666666666, "network_tests": 6.0, "school_count": 0, "healthcare_count": 0, "connectivity_quality": 0.7614584260061477, "connectivity_gap": 0.23854157399385234, "pop_norm": 0.09918819349638189, "edu_exposure": 0.039675277398552755, "score_education": 2.089532691285454, "health_exposure": 0.039675277398552755, "score_healthcare": 1.9964021930999578, "score_general": 4.905165591980267, "priority_general": "Low", "priority_education": "Low", "priority_healthcare": "Low", "cluster": 2, "ai_profile": "Well-Served Urban", "data_confidence": "Medium"}, "geometry": {"type": "Polygon", "coordinates": [[[101.26058155700005, 3.359008407000052], [101.26058155700005, 3.377008407000051], [101.27858155700005, 3.377008407000051], [101.27858155700005, 3.359008407000052], [101.26058155700005, 3.359008407000052]]]}}, {"id": "96", "type": "Feature", "properties": {"cell_id": "KS_096", "center_lon": 101.26958155700005, "center_lat": 3.3860084070000513, "population": 1722.6246337890625, "avg_download_mbps": 235.6422, "avg_upload_mbps": 27.1466, "avg_latency_ms": 25.0, "network_tests": 13.0, "school_count": 0, "healthcare_count": 0, "connectivity_quality": 0.6294039003237109, "connectivity_gap": 0.37059609967628915, "pop_norm": 0.14371958531411883, "edu_exposure": 0.057487834125647536, "score_education": 4.908255139780213, "health_exposure": 0.057487834125647536, "score_healthcare": 4.689494146810036, "score_general": 11.52209981146506, "priority_general": "Low", "priority_education": "Low", "priority_healthcare": "Low", "cluster": 2, "ai_profile": "Well-Served Urban", "data_confidence": "Medium"}, "geometry": {"type": "Polygon", "coordinates": [[[101.26058155700005, 3.377008407000051], [101.26058155700005, 3.395008407000051], [101.27858155700005, 3.395008407000051], [101.27858155700005, 3.377008407000051], [101.26058155700005, 3.377008407000051]]]}}, {"id": "97", "type": "Feature", "properties": {"cell_id": "KS_097", "center_lon": 101.26958155700005, "center_lat": 3.404008407000051, "population": 308.4588623046875, "avg_download_mbps": 16.2945, "avg_upload_mbps": 1.0695, "avg_latency_ms": 25.5, "network_tests": 9.0, "school_count": 0, "healthcare_count": 0, "connectivity_quality": 0.30227179937916093, "connectivity_gap": 0.6977282006208391, "pop_norm": 0.025734904115113814, "edu_exposure": 0.010293961646045527, "score_education": 1.5463317612062628, "health_exposure": 0.010293961646045527, "score_healthcare": 1.477411735268501, "score_general": 3.6300046323702184, "priority_general": "Low", "priority_education": "Low", "priority_healthcare": "Low", "cluster": 0, "ai_profile": "High-Impact Connectivity Gap", "data_confidence": "Medium"}, "geometry": {"type": "Polygon", "coordinates": [[[101.26058155700005, 3.395008407000051], [101.26058155700005, 3.413008407000051], [101.27858155700005, 3.413008407000051], [101.27858155700005, 3.395008407000051], [101.26058155700005, 3.395008407000051]]]}}, {"id": "98", "type": "Feature", "properties": {"cell_id": "KS_098", "center_lon": 101.26958155700005, "center_lat": 3.422008407000051, "population": 61.37236785888672, "avg_download_mbps": null, "avg_upload_mbps": null, "avg_latency_ms": null, "network_tests": null, "school_count": 0, "healthcare_count": 1, "connectivity_quality": null, "connectivity_gap": null, "pop_norm": 0.005120332709409533, "edu_exposure": 0.0020481330837638133, "score_education": null, "health_exposure": 0.6020481324837638, "score_healthcare": null, "score_general": null, "priority_general": "No Data", "priority_education": "No Data", "priority_healthcare": "No Data", "cluster": 3, "ai_profile": "Moderate Coverage", "data_confidence": "No Data"}, "geometry": {"type": "Polygon", "coordinates": [[[101.26058155700005, 3.413008407000051], [101.26058155700005, 3.431008407000051], [101.27858155700005, 3.431008407000051], [101.27858155700005, 3.413008407000051], [101.26058155700005, 3.413008407000051]]]}}, {"id": "99", "type": "Feature", "properties": {"cell_id": "KS_099", "center_lon": 101.26958155700005, "center_lat": 3.4400084070000507, "population": 219.3606719970703, "avg_download_mbps": 33.3915, "avg_upload_mbps": 1.6005, "avg_latency_ms": 24.0, "network_tests": 2.0, "school_count": 0, "healthcare_count": 0, "connectivity_quality": 0.3253229714245101, "connectivity_gap": 0.67467702857549, "pop_norm": 0.018301389748676865, "edu_exposure": 0.0073205558994707464, "score_education": 1.0122815652576378, "health_exposure": 0.0073205558994707464, "score_healthcare": 0.9671641632329577, "score_general": 2.3763249668245376, "priority_general": "Low", "priority_education": "Low", "priority_healthcare": "Low", "cluster": 0, "ai_profile": "High-Impact Connectivity Gap", "data_confidence": "Low"}, "geometry": {"type": "Polygon", "coordinates": [[[101.26058155700005, 3.431008407000051], [101.26058155700005, 3.449008407000051], [101.27858155700005, 3.449008407000051], [101.27858155700005, 3.431008407000051], [101.26058155700005, 3.431008407000051]]]}}, {"id": "100", "type": "Feature", "properties": {"cell_id": "KS_100", "center_lon": 101.26958155700005, "center_lat": 3.4580084070000505, "population": 0.15317800641059875, "avg_download_mbps": null, "avg_upload_mbps": null, "avg_latency_ms": null, "network_tests": null, "school_count": 0, "healthcare_count": 0, "connectivity_quality": null, "connectivity_gap": null, "pop_norm": 1.2779731073595232e-05, "edu_exposure": 5.111892429438094e-06, "score_education": null, "health_exposure": 5.111892429438094e-06, "score_healthcare": null, "score_general": null, "priority_general": "No Data", "priority_education": "No Data", "priority_healthcare": "No Data", "cluster": 1, "ai_profile": "Moderate Coverage", "data_confidence": "No Data"}, "geometry": {"type": "Polygon", "coordinates": [[[101.26058155700005, 3.449008407000051], [101.26058155700005, 3.46700840700005], [101.27858155700005, 3.46700840700005], [101.27858155700005, 3.449008407000051], [101.26058155700005, 3.449008407000051]]]}}, {"id": "101", "type": "Feature", "properties": {"cell_id": "KS_101", "center_lon": 101.26958155700005, "center_lat": 3.4760084070000503, "population": 0.0, "avg_download_mbps": null, "avg_upload_mbps": null, "avg_latency_ms": null, "network_tests": null, "school_count": 0, "healthcare_count": 0, "connectivity_quality": null, "connectivity_gap": null, "pop_norm": 0.0, "edu_exposure": 0.0, "score_education": null, "health_exposure": 0.0, "score_healthcare": null, "score_general": null, "priority_general": "No Data", "priority_education": "No Data", "priority_healthcare": "No Data", "cluster": 1, "ai_profile": "Moderate Coverage", "data_confidence": "No Data"}, "geometry": {"type": "Polygon", "coordinates": [[[101.26058155700005, 3.46700840700005], [101.26058155700005, 3.48500840700005], [101.27858155700005, 3.48500840700005], [101.27858155700005, 3.46700840700005], [101.26058155700005, 3.46700840700005]]]}}, {"id": "102", "type": "Feature", "properties": {"cell_id": "KS_102", "center_lon": 101.26958155700005, "center_lat": 3.49400840700005, "population": 0.0, "avg_download_mbps": null, "avg_upload_mbps": null, "avg_latency_ms": null, "network_tests": null, "school_count": 0, "healthcare_count": 0, "connectivity_quality": null, "connectivity_gap": null, "pop_norm": 0.0, "edu_exposure": 0.0, "score_education": null, "health_exposure": 0.0, "score_healthcare": null, "score_general": null, "priority_general": "No Data", "priority_education": "No Data", "priority_healthcare": "No Data", "cluster": 1, "ai_profile": "Moderate Coverage", "data_confidence": "No Data"}, "geometry": {"type": "Polygon", "coordinates": [[[101.26058155700005, 3.48500840700005], [101.26058155700005, 3.50300840700005], [101.27858155700005, 3.50300840700005], [101.27858155700005, 3.48500840700005], [101.26058155700005, 3.48500840700005]]]}}, {"id": "103", "type": "Feature", "properties": {"cell_id": "KS_103", "center_lon": 101.26958155700005, "center_lat": 3.51200840700005, "population": 0.0, "avg_download_mbps": null, "avg_upload_mbps": null, "avg_latency_ms": null, "network_tests": null, "school_count": 0, "healthcare_count": 0, "connectivity_quality": null, "connectivity_gap": null, "pop_norm": 0.0, "edu_exposure": 0.0, "score_education": null, "health_exposure": 0.0, "score_healthcare": null, "score_general": null, "priority_general": "No Data", "priority_education": "No Data", "priority_healthcare": "No Data", "cluster": 1, "ai_profile": "Moderate Coverage", "data_confidence": "No Data"}, "geometry": {"type": "Polygon", "coordinates": [[[101.26058155700005, 3.50300840700005], [101.26058155700005, 3.52100840700005], [101.27858155700005, 3.52100840700005], [101.27858155700005, 3.50300840700005], [101.26058155700005, 3.50300840700005]]]}}, {"id": "104", "type": "Feature", "properties": {"cell_id": "KS_104", "center_lon": 101.26958155700005, "center_lat": 3.5300084070000497, "population": 0.0, "avg_download_mbps": null, "avg_upload_mbps": null, "avg_latency_ms": null, "network_tests": null, "school_count": 0, "healthcare_count": 0, "connectivity_quality": null, "connectivity_gap": null, "pop_norm": 0.0, "edu_exposure": 0.0, "score_education": null, "health_exposure": 0.0, "score_healthcare": null, "score_general": null, "priority_general": "No Data", "priority_education": "No Data", "priority_healthcare": "No Data", "cluster": 1, "ai_profile": "Moderate Coverage", "data_confidence": "No Data"}, "geometry": {"type": "Polygon", "coordinates": [[[101.26058155700005, 3.52100840700005], [101.26058155700005, 3.53900840700005], [101.27858155700005, 3.53900840700005], [101.27858155700005, 3.52100840700005], [101.26058155700005, 3.52100840700005]]]}}, {"id": "105", "type": "Feature", "properties": {"cell_id": "KS_105", "center_lon": 101.26958155700005, "center_lat": 3.5480084070000495, "population": 0.0, "avg_download_mbps": null, "avg_upload_mbps": null, "avg_latency_ms": null, "network_tests": null, "school_count": 0, "healthcare_count": 0, "connectivity_quality": null, "connectivity_gap": null, "pop_norm": 0.0, "edu_exposure": 0.0, "score_education": null, "health_exposure": 0.0, "score_healthcare": null, "score_general": null, "priority_general": "No Data", "priority_education": "No Data", "priority_healthcare": "No Data", "cluster": 1, "ai_profile": "Moderate Coverage", "data_confidence": "No Data"}, "geometry": {"type": "Polygon", "coordinates": [[[101.26058155700005, 3.53900840700005], [101.26058155700005, 3.557008407000049], [101.27858155700005, 3.557008407000049], [101.27858155700005, 3.53900840700005], [101.26058155700005, 3.53900840700005]]]}}, {"id": "106", "type": "Feature", "properties": {"cell_id": "KS_106", "center_lon": 101.26958155700005, "center_lat": 3.5660084070000493, "population": 0.0, "avg_download_mbps": null, "avg_upload_mbps": null, "avg_latency_ms": null, "network_tests": null, "school_count": 0, "healthcare_count": 0, "connectivity_quality": null, "connectivity_gap": null, "pop_norm": 0.0, "edu_exposure": 0.0, "score_education": null, "health_exposure": 0.0, "score_healthcare": null, "score_general": null, "priority_general": "No Data", "priority_education": "No Data", "priority_healthcare": "No Data", "cluster": 1, "ai_profile": "Moderate Coverage", "data_confidence": "No Data"}, "geometry": {"type": "Polygon", "coordinates": [[[101.27858155700005, 3.557008407000049], [101.26058155700005, 3.557008407000049], [101.26058155700005, 3.566273982724372], [101.27858155700005, 3.57294289778699], [101.27858155700005, 3.557008407000049]]]}}, {"id": "107", "type": "Feature", "properties": {"cell_id": "KS_107", "center_lon": 101.28758155700005, "center_lat": 3.260008407000053, "population": 48.884918212890625, "avg_download_mbps": null, "avg_upload_mbps": null, "avg_latency_ms": null, "network_tests": null, "school_count": 0, "healthcare_count": 0, "connectivity_quality": null, "connectivity_gap": null, "pop_norm": 0.004078497448522824, "edu_exposure": 0.0016313989794091298, "score_education": null, "health_exposure": 0.0016313989794091298, "score_healthcare": null, "score_general": null, "priority_general": "No Data", "priority_education": "No Data", "priority_healthcare": "No Data", "cluster": 1, "ai_profile": "Moderate Coverage", "data_confidence": "No Data"}, "geometry": {"type": "Polygon", "coordinates": [[[101.29658155700005, 3.269008407000053], [101.29658155700005, 3.253986847696873], [101.29231855900008, 3.260016351000047], [101.28725230579688, 3.269008407000053], [101.29658155700005, 3.269008407000053]]]}}, {"id": "108", "type": "Feature", "properties": {"cell_id": "KS_108", "center_lon": 101.28758155700005, "center_lat": 3.2780084070000526, "population": 892.4653930664062, "avg_download_mbps": 65.92566666666666, "avg_upload_mbps": 12.834, "avg_latency_ms": 17.666666666666668, "network_tests": 4.0, "school_count": 0, "healthcare_count": 0, "connectivity_quality": 0.4007102393262453, "connectivity_gap": 0.5992897606737547, "pop_norm": 0.0744589121058698, "edu_exposure": 0.029783564842347923, "score_education": 4.085584078536531, "health_exposure": 0.029783564842347923, "score_healthcare": 3.9034895450555718, "score_general": 9.590884377526136, "priority_general": "Low", "priority_education": "Low", "priority_healthcare": "Low", "cluster": 0, "ai_profile": "High-Impact Connectivity Gap", "data_confidence": "Low"}, "geometry": {"type": "Polygon", "coordinates": [[[101.27858155700005, 3.287008407000052], [101.29658155700005, 3.287008407000052], [101.29658155700005, 3.269008407000053], [101.28725230579688, 3.269008407000053], [101.28708855900004, 3.269299040000021], [101.27858155700005, 3.280911906344163], [101.27858155700005, 3.287008407000052]]]}}, {"id": "109", "type": "Feature", "properties": {"cell_id": "KS_109", "center_lon": 101.28758155700005, "center_lat": 3.2960084070000524, "population": 2946.755615234375, "avg_download_mbps": 185.901, "avg_upload_mbps": 32.271, "avg_latency_ms": 19.0, "network_tests": 26.0, "school_count": 0, "healthcare_count": 0, "connectivity_quality": 0.5918652535673705, "connectivity_gap": 0.4081347464326295, "pop_norm": 0.24584955232643815, "edu_exposure": 0.09833982093057526, "score_education": 9.39112699482784, "health_exposure": 0.09833982093057526, "score_healthcare": 8.972564347208513, "score_general": 22.045614886555313, "priority_general": "Low", "priority_education": "Low", "priority_healthcare": "Low", "cluster": 2, "ai_profile": "Well-Served Urban", "data_confidence": "High"}, "geometry": {"type": "Polygon", "coordinates": [[[101.27858155700005, 3.287008407000052], [101.27858155700005, 3.305008407000052], [101.29658155700005, 3.305008407000052], [101.29658155700005, 3.287008407000052], [101.27858155700005, 3.287008407000052]]]}}, {"id": "110", "type": "Feature", "properties": {"cell_id": "KS_110", "center_lon": 101.28758155700005, "center_lat": 3.314008407000052, "population": 1732.5667724609375, "avg_download_mbps": 164.6306, "avg_upload_mbps": 23.2212, "avg_latency_ms": 29.8, "network_tests": 36.0, "school_count": 0, "healthcare_count": 0, "connectivity_quality": 0.5305897113008203, "connectivity_gap": 0.46941028869917967, "pop_norm": 0.1445490637849534, "edu_exposure": 0.05781962551398137, "score_education": 6.297638193321345, "health_exposure": 0.05781962551398137, "score_healthcare": 6.016952380277083, "score_general": 14.783668284039589, "priority_general": "Low", "priority_education": "Low", "priority_healthcare": "Low", "cluster": 2, "ai_profile": "Well-Served Urban", "data_confidence": "High"}, "geometry": {"type": "Polygon", "coordinates": [[[101.27858155700005, 3.305008407000052], [101.27858155700005, 3.323008407000052], [101.29658155700005, 3.323008407000052], [101.29658155700005, 3.305008407000052], [101.27858155700005, 3.305008407000052]]]}}, {"id": "111", "type": "Feature", "properties": {"cell_id": "KS_111", "center_lon": 101.28758155700005, "center_lat": 3.332008407000052, "population": 83.451416015625, "avg_download_mbps": null, "avg_upload_mbps": null, "avg_latency_ms": null, "network_tests": null, "school_count": 0, "healthcare_count": 0, "connectivity_quality": null, "connectivity_gap": null, "pop_norm": 0.006962400669529884, "edu_exposure": 0.002784960267811954, "score_education": null, "health_exposure": 0.002784960267811954, "score_healthcare": null, "score_general": null, "priority_general": "No Data", "priority_education": "No Data", "priority_healthcare": "No Data", "cluster": 1, "ai_profile": "Moderate Coverage", "data_confidence": "No Data"}, "geometry": {"type": "Polygon", "coordinates": [[[101.27858155700005, 3.323008407000052], [101.27858155700005, 3.341008407000052], [101.29658155700005, 3.341008407000052], [101.29658155700005, 3.323008407000052], [101.27858155700005, 3.323008407000052]]]}}, {"id": "112", "type": "Feature", "properties": {"cell_id": "KS_112", "center_lon": 101.28758155700005, "center_lat": 3.3500084070000518, "population": 759.0714111328125, "avg_download_mbps": 20.2355, "avg_upload_mbps": 1.371, "avg_latency_ms": 22.0, "network_tests": 5.0, "school_count": 0, "healthcare_count": 0, "connectivity_quality": 0.3115618460304555, "connectivity_gap": 0.6884381539695446, "pop_norm": 0.06332977381836828, "edu_exposure": 0.025331909527347315, "score_education": 3.9880922519273185, "health_exposure": 0.025331909527347315, "score_healthcare": 3.8103429303777143, "score_general": 9.362022893148675, "priority_general": "Low", "priority_education": "Low", "priority_healthcare": "Low", "cluster": 0, "ai_profile": "High-Impact Connectivity Gap", "data_confidence": "Medium"}, "geometry": {"type": "Polygon", "coordinates": [[[101.27858155700005, 3.341008407000052], [101.27858155700005, 3.359008407000052], [101.29658155700005, 3.359008407000052], [101.29658155700005, 3.341008407000052], [101.27858155700005, 3.341008407000052]]]}}, {"id": "113", "type": "Feature", "properties": {"cell_id": "KS_113", "center_lon": 101.28758155700005, "center_lat": 3.3680084070000516, "population": 264.96685791015625, "avg_download_mbps": null, "avg_upload_mbps": null, "avg_latency_ms": null, "network_tests": null, "school_count": 0, "healthcare_count": 0, "connectivity_quality": null, "connectivity_gap": null, "pop_norm": 0.022106340635028768, "edu_exposure": 0.008842536254011508, "score_education": null, "health_exposure": 0.008842536254011508, "score_healthcare": null, "score_general": null, "priority_general": "No Data", "priority_education": "No Data", "priority_healthcare": "No Data", "cluster": 1, "ai_profile": "Moderate Coverage", "data_confidence": "No Data"}, "geometry": {"type": "Polygon", "coordinates": [[[101.27858155700005, 3.359008407000052], [101.27858155700005, 3.377008407000051], [101.29658155700005, 3.377008407000051], [101.29658155700005, 3.359008407000052], [101.27858155700005, 3.359008407000052]]]}}, {"id": "114", "type": "Feature", "properties": {"cell_id": "KS_114", "center_lon": 101.28758155700005, "center_lat": 3.3860084070000513, "population": 283.2818603515625, "avg_download_mbps": 17.021, "avg_upload_mbps": 3.227, "avg_latency_ms": 25.0, "network_tests": 2.0, "school_count": 0, "healthcare_count": 0, "connectivity_quality": 0.30951305988092903, "connectivity_gap": 0.690486940119071, "pop_norm": 0.023634372049577957, "edu_exposure": 0.009453748819831184, "score_education": 1.3904768700785588, "health_exposure": 0.009453748819831184, "score_healthcare": 1.3285032985877194, "score_general": 3.2641362004046317, "priority_general": "Low", "priority_education": "Low", "priority_healthcare": "Low", "cluster": 0, "ai_profile": "High-Impact Connectivity Gap", "data_confidence": "Low"}, "geometry": {"type": "Polygon", "coordinates": [[[101.27858155700005, 3.377008407000051], [101.27858155700005, 3.395008407000051], [101.29658155700005, 3.395008407000051], [101.29658155700005, 3.377008407000051], [101.27858155700005, 3.377008407000051]]]}}, {"id": "115", "type": "Feature", "properties": {"cell_id": "KS_115", "center_lon": 101.28758155700005, "center_lat": 3.404008407000051, "population": 328.05511474609375, "avg_download_mbps": 71.1735, "avg_upload_mbps": 7.2455, "avg_latency_ms": 19.0, "network_tests": 2.0, "school_count": 0, "healthcare_count": 0, "connectivity_quality": 0.3902319542523243, "connectivity_gap": 0.6097680457476757, "pop_norm": 0.027369830969953254, "edu_exposure": 0.010947932387981302, "score_education": 1.425711422529723, "health_exposure": 0.010947932387981302, "score_healthcare": 1.3621674465954379, "score_general": 3.346849103176184, "priority_general": "Low", "priority_education": "Low", "priority_healthcare": "Low", "cluster": 0, "ai_profile": "High-Impact Connectivity Gap", "data_confidence": "Low"}, "geometry": {"type": "Polygon", "coordinates": [[[101.27858155700005, 3.395008407000051], [101.27858155700005, 3.413008407000051], [101.29658155700005, 3.413008407000051], [101.29658155700005, 3.395008407000051], [101.27858155700005, 3.395008407000051]]]}}, {"id": "116", "type": "Feature", "properties": {"cell_id": "KS_116", "center_lon": 101.28758155700005, "center_lat": 3.422008407000051, "population": 18.435943603515625, "avg_download_mbps": null, "avg_upload_mbps": null, "avg_latency_ms": null, "network_tests": null, "school_count": 0, "healthcare_count": 0, "connectivity_quality": null, "connectivity_gap": null, "pop_norm": 0.0015381216067621814, "edu_exposure": 0.0006152486427048726, "score_education": null, "health_exposure": 0.0006152486427048726, "score_healthcare": null, "score_general": null, "priority_general": "No Data", "priority_education": "No Data", "priority_healthcare": "No Data", "cluster": 1, "ai_profile": "Moderate Coverage", "data_confidence": "No Data"}, "geometry": {"type": "Polygon", "coordinates": [[[101.27858155700005, 3.413008407000051], [101.27858155700005, 3.431008407000051], [101.29658155700005, 3.431008407000051], [101.29658155700005, 3.413008407000051], [101.27858155700005, 3.413008407000051]]]}}, {"id": "117", "type": "Feature", "properties": {"cell_id": "KS_117", "center_lon": 101.28758155700005, "center_lat": 3.4400084070000507, "population": 1.1792099475860596, "avg_download_mbps": null, "avg_upload_mbps": null, "avg_latency_ms": null, "network_tests": null, "school_count": 0, "healthcare_count": 0, "connectivity_quality": null, "connectivity_gap": null, "pop_norm": 9.838217876437542e-05, "edu_exposure": 3.9352871505750174e-05, "score_education": null, "health_exposure": 3.9352871505750174e-05, "score_healthcare": null, "score_general": null, "priority_general": "No Data", "priority_education": "No Data", "priority_healthcare": "No Data", "cluster": 1, "ai_profile": "Moderate Coverage", "data_confidence": "No Data"}, "geometry": {"type": "Polygon", "coordinates": [[[101.27858155700005, 3.431008407000051], [101.27858155700005, 3.449008407000051], [101.29658155700005, 3.449008407000051], [101.29658155700005, 3.431008407000051], [101.27858155700005, 3.431008407000051]]]}}, {"id": "118", "type": "Feature", "properties": {"cell_id": "KS_118", "center_lon": 101.28758155700005, "center_lat": 3.4580084070000505, "population": 0.0, "avg_download_mbps": null, "avg_upload_mbps": null, "avg_latency_ms": null, "network_tests": null, "school_count": 0, "healthcare_count": 1, "connectivity_quality": null, "connectivity_gap": null, "pop_norm": 0.0, "edu_exposure": 0.0, "score_education": null, "health_exposure": 0.5999999993999999, "score_healthcare": null, "score_general": null, "priority_general": "No Data", "priority_education": "No Data", "priority_healthcare": "No Data", "cluster": 3, "ai_profile": "Moderate Coverage", "data_confidence": "No Data"}, "geometry": {"type": "Polygon", "coordinates": [[[101.27858155700005, 3.449008407000051], [101.27858155700005, 3.46700840700005], [101.29658155700005, 3.46700840700005], [101.29658155700005, 3.449008407000051], [101.27858155700005, 3.449008407000051]]]}}, {"id": "119", "type": "Feature", "properties": {"cell_id": "KS_119", "center_lon": 101.28758155700005, "center_lat": 3.4760084070000503, "population": 0.0, "avg_download_mbps": null, "avg_upload_mbps": null, "avg_latency_ms": null, "network_tests": null, "school_count": 0, "healthcare_count": 0, "connectivity_quality": null, "connectivity_gap": null, "pop_norm": 0.0, "edu_exposure": 0.0, "score_education": null, "health_exposure": 0.0, "score_healthcare": null, "score_general": null, "priority_general": "No Data", "priority_education": "No Data", "priority_healthcare": "No Data", "cluster": 1, "ai_profile": "Moderate Coverage", "data_confidence": "No Data"}, "geometry": {"type": "Polygon", "coordinates": [[[101.27858155700005, 3.46700840700005], [101.27858155700005, 3.48500840700005], [101.29658155700005, 3.48500840700005], [101.29658155700005, 3.46700840700005], [101.27858155700005, 3.46700840700005]]]}}, {"id": "120", "type": "Feature", "properties": {"cell_id": "KS_120", "center_lon": 101.28758155700005, "center_lat": 3.49400840700005, "population": 0.0, "avg_download_mbps": null, "avg_upload_mbps": null, "avg_latency_ms": null, "network_tests": null, "school_count": 0, "healthcare_count": 0, "connectivity_quality": null, "connectivity_gap": null, "pop_norm": 0.0, "edu_exposure": 0.0, "score_education": null, "health_exposure": 0.0, "score_healthcare": null, "score_general": null, "priority_general": "No Data", "priority_education": "No Data", "priority_healthcare": "No Data", "cluster": 1, "ai_profile": "Moderate Coverage", "data_confidence": "No Data"}, "geometry": {"type": "Polygon", "coordinates": [[[101.27858155700005, 3.48500840700005], [101.27858155700005, 3.50300840700005], [101.29658155700005, 3.50300840700005], [101.29658155700005, 3.48500840700005], [101.27858155700005, 3.48500840700005]]]}}, {"id": "121", "type": "Feature", "properties": {"cell_id": "KS_121", "center_lon": 101.28758155700005, "center_lat": 3.51200840700005, "population": 0.0, "avg_download_mbps": null, "avg_upload_mbps": null, "avg_latency_ms": null, "network_tests": null, "school_count": 0, "healthcare_count": 0, "connectivity_quality": null, "connectivity_gap": null, "pop_norm": 0.0, "edu_exposure": 0.0, "score_education": null, "health_exposure": 0.0, "score_healthcare": null, "score_general": null, "priority_general": "No Data", "priority_education": "No Data", "priority_healthcare": "No Data", "cluster": 1, "ai_profile": "Moderate Coverage", "data_confidence": "No Data"}, "geometry": {"type": "Polygon", "coordinates": [[[101.27858155700005, 3.50300840700005], [101.27858155700005, 3.52100840700005], [101.29658155700005, 3.52100840700005], [101.29658155700005, 3.50300840700005], [101.27858155700005, 3.50300840700005]]]}}, {"id": "122", "type": "Feature", "properties": {"cell_id": "KS_122", "center_lon": 101.28758155700005, "center_lat": 3.5300084070000497, "population": 0.0, "avg_download_mbps": null, "avg_upload_mbps": null, "avg_latency_ms": null, "network_tests": null, "school_count": 0, "healthcare_count": 0, "connectivity_quality": null, "connectivity_gap": null, "pop_norm": 0.0, "edu_exposure": 0.0, "score_education": null, "health_exposure": 0.0, "score_healthcare": null, "score_general": null, "priority_general": "No Data", "priority_education": "No Data", "priority_healthcare": "No Data", "cluster": 1, "ai_profile": "Moderate Coverage", "data_confidence": "No Data"}, "geometry": {"type": "Polygon", "coordinates": [[[101.27858155700005, 3.52100840700005], [101.27858155700005, 3.53900840700005], [101.29658155700005, 3.53900840700005], [101.29658155700005, 3.52100840700005], [101.27858155700005, 3.52100840700005]]]}}, {"id": "123", "type": "Feature", "properties": {"cell_id": "KS_123", "center_lon": 101.28758155700005, "center_lat": 3.5480084070000495, "population": 0.0, "avg_download_mbps": null, "avg_upload_mbps": null, "avg_latency_ms": null, "network_tests": null, "school_count": 0, "healthcare_count": 0, "connectivity_quality": null, "connectivity_gap": null, "pop_norm": 0.0, "edu_exposure": 0.0, "score_education": null, "health_exposure": 0.0, "score_healthcare": null, "score_general": null, "priority_general": "No Data", "priority_education": "No Data", "priority_healthcare": "No Data", "cluster": 1, "ai_profile": "Moderate Coverage", "data_confidence": "No Data"}, "geometry": {"type": "Polygon", "coordinates": [[[101.27858155700005, 3.53900840700005], [101.27858155700005, 3.557008407000049], [101.29658155700005, 3.557008407000049], [101.29658155700005, 3.53900840700005], [101.27858155700005, 3.53900840700005]]]}}, {"id": "124", "type": "Feature", "properties": {"cell_id": "KS_124", "center_lon": 101.28758155700005, "center_lat": 3.5660084070000493, "population": 0.0, "avg_download_mbps": null, "avg_upload_mbps": null, "avg_latency_ms": null, "network_tests": null, "school_count": 0, "healthcare_count": 0, "connectivity_quality": null, "connectivity_gap": null, "pop_norm": 0.0, "edu_exposure": 0.0, "score_education": null, "health_exposure": 0.0, "score_healthcare": null, "score_general": null, "priority_general": "No Data", "priority_education": "No Data", "priority_healthcare": "No Data", "cluster": 1, "ai_profile": "Moderate Coverage", "data_confidence": "No Data"}, "geometry": {"type": "Polygon", "coordinates": [[[101.29658155700005, 3.575008407000049], [101.29658155700005, 3.557008407000049], [101.27858155700005, 3.557008407000049], [101.27858155700005, 3.57294289778699], [101.284156551656, 3.575008407000049], [101.29658155700005, 3.575008407000049]]]}}, {"id": "125", "type": "Feature", "properties": {"cell_id": "KS_125", "center_lon": 101.28758155700005, "center_lat": 3.584008407000049, "population": 0.0, "avg_download_mbps": null, "avg_upload_mbps": null, "avg_latency_ms": null, "network_tests": null, "school_count": 0, "healthcare_count": 0, "connectivity_quality": null, "connectivity_gap": null, "pop_norm": 0.0, "edu_exposure": 0.0, "score_education": null, "health_exposure": 0.0, "score_healthcare": null, "score_general": null, "priority_general": "No Data", "priority_education": "No Data", "priority_healthcare": "No Data", "cluster": 1, "ai_profile": "Moderate Coverage", "data_confidence": "No Data"}, "geometry": {"type": "Polygon", "coordinates": [[[101.29658155700005, 3.575008407000049], [101.284156551656, 3.575008407000049], [101.29658155700005, 3.579611812849608], [101.29658155700005, 3.575008407000049]]]}}, {"id": "126", "type": "Feature", "properties": {"cell_id": "KS_126", "center_lon": 101.30558155700005, "center_lat": 3.170008407000054, "population": 870.2892456054688, "avg_download_mbps": 234.157, "avg_upload_mbps": 12.45525, "avg_latency_ms": 18.25, "network_tests": 54.0, "school_count": 0, "healthcare_count": 0, "connectivity_quality": 0.5953766268113917, "connectivity_gap": 0.4046233731886083, "pop_norm": 0.07260874309375004, "edu_exposure": 0.029043497237500018, "score_education": 2.6340807635416557, "health_exposure": 0.029043497237500018, "score_healthcare": 2.5166797509647467, "score_general": 6.183488959855924, "priority_general": "Low", "priority_education": "Low", "priority_healthcare": "Low", "cluster": 2, "ai_profile": "Well-Served Urban", "data_confidence": "High"}, "geometry": {"type": "Polygon", "coordinates": [[[101.31458155700005, 3.179008407000054], [101.31458155700005, 3.168647675057485], [101.30644746300004, 3.165523956000072], [101.30680589543061, 3.179008407000054], [101.31458155700005, 3.179008407000054]]]}}, {"id": "127", "type": "Feature", "properties": {"cell_id": "KS_127", "center_lon": 101.30558155700005, "center_lat": 3.1880084070000536, "population": 1388.72509765625, "avg_download_mbps": 264.48466666666667, "avg_upload_mbps": 44.41166666666667, "avg_latency_ms": 48.0, "network_tests": 20.0, "school_count": 0, "healthcare_count": 0, "connectivity_quality": 0.6843365111077567, "connectivity_gap": 0.31566348889224327, "pop_norm": 0.11586215083401918, "edu_exposure": 0.04634486033360768, "score_education": 3.319136357188525, "health_exposure": 0.04634486033360768, "score_healthcare": 3.171202408234418, "score_general": 7.791652900321972, "priority_general": "Low", "priority_education": "Low", "priority_healthcare": "Low", "cluster": 2, "ai_profile": "Well-Served Urban", "data_confidence": "High"}, "geometry": {"type": "Polygon", "coordinates": [[[101.31458155700005, 3.197008407000054], [101.31458155700005, 3.179008407000054], [101.30680589543061, 3.179008407000054], [101.30684633700008, 3.180529844000034], [101.3063462117204, 3.197008407000054], [101.31458155700005, 3.197008407000054]]]}}, {"id": "128", "type": "Feature", "properties": {"cell_id": "KS_128", "center_lon": 101.30558155700005, "center_lat": 3.2060084070000534, "population": 1479.9248046875, "avg_download_mbps": 209.01971428571431, "avg_upload_mbps": 27.357285714285716, "avg_latency_ms": 24.142857142857142, "network_tests": 403.0, "school_count": 0, "healthcare_count": 0, "connectivity_quality": 0.5998528067482503, "connectivity_gap": 0.40014719325174974, "pop_norm": 0.12347099597544155, "edu_exposure": 0.04938839839017662, "score_education": 4.541139239180304, "health_exposure": 0.04938839839017662, "score_healthcare": 4.33874060649158, "score_general": 10.660297413540517, "priority_general": "Low", "priority_education": "Low", "priority_healthcare": "Low", "cluster": 2, "ai_profile": "Well-Served Urban", "data_confidence": "High"}, "geometry": {"type": "Polygon", "coordinates": [[[101.31458155700005, 3.215008407000053], [101.31458155700005, 3.197008407000054], [101.3063462117204, 3.197008407000054], [101.30626522600005, 3.199676795000073], [101.30711832136089, 3.215008407000053], [101.31458155700005, 3.215008407000053]]]}}, {"id": "129", "type": "Feature", "properties": {"cell_id": "KS_129", "center_lon": 101.30558155700005, "center_lat": 3.224008407000053, "population": 1815.90234375, "avg_download_mbps": 165.076, "avg_upload_mbps": 18.392833333333332, "avg_latency_ms": 30.833333333333332, "network_tests": 34.0, "school_count": 0, "healthcare_count": 0, "connectivity_quality": 0.5168962798240836, "connectivity_gap": 0.4831037201759164, "pop_norm": 0.15150179946088235, "edu_exposure": 0.06060071978435294, "score_education": 6.805961543087043, "health_exposure": 0.06060071978435294, "score_healthcare": 6.5026197519858515, "score_general": 15.976954330852736, "priority_general": "Low", "priority_education": "Low", "priority_healthcare": "Low", "cluster": 0, "ai_profile": "High-Impact Connectivity Gap", "data_confidence": "High"}, "geometry": {"type": "Polygon", "coordinates": [[[101.31458155700005, 3.233008407000053], [101.31458155700005, 3.215008407000053], [101.30711832136089, 3.215008407000053], [101.30742744900004, 3.220563970000057], [101.30394078200004, 3.226946077000036], [101.30181558459773, 3.233008407000053], [101.31458155700005, 3.233008407000053]]]}}, {"id": "130", "type": "Feature", "properties": {"cell_id": "KS_130", "center_lon": 101.30558155700005, "center_lat": 3.242008407000053, "population": 1850.380126953125, "avg_download_mbps": 173.4595, "avg_upload_mbps": 24.40625, "avg_latency_ms": 17.5, "network_tests": 19.0, "school_count": 0, "healthcare_count": 0, "connectivity_quality": 0.5577175415552551, "connectivity_gap": 0.4422824584447449, "pop_norm": 0.15437830117072032, "edu_exposure": 0.06175132046828813, "score_education": 6.338202706031723, "health_exposure": 0.06175132046828813, "score_healthcare": 6.0557089321485975, "score_general": 14.878893236887771, "priority_general": "Low", "priority_education": "Low", "priority_healthcare": "Low", "cluster": 2, "ai_profile": "Well-Served Urban", "data_confidence": "Medium"}, "geometry": {"type": "Polygon", "coordinates": [[[101.31458155700005, 3.251008407000053], [101.31458155700005, 3.233008407000053], [101.30181558459773, 3.233008407000053], [101.29987300400006, 3.238549805000048], [101.29929189300003, 3.250153400000045], [101.29868738331695, 3.251008407000053], [101.31458155700005, 3.251008407000053]]]}}, {"id": "131", "type": "Feature", "properties": {"cell_id": "KS_131", "center_lon": 101.30558155700005, "center_lat": 3.260008407000053, "population": 5671.80224609375, "avg_download_mbps": 243.854, "avg_upload_mbps": 35.187428571428576, "avg_latency_ms": 18.714285714285715, "network_tests": 100.0, "school_count": 0, "healthcare_count": 0, "connectivity_quality": 0.667710744599918, "connectivity_gap": 0.33228925540008203, "pop_norm": 0.47320179382277283, "edu_exposure": 0.18928071752910913, "score_education": 14.809303546132915, "health_exposure": 0.18928071752910913, "score_healthcare": 14.149252701853888, "score_general": 34.76475218532909, "priority_general": "Low", "priority_education": "Low", "priority_healthcare": "Low", "cluster": 2, "ai_profile": "Well-Served Urban", "data_confidence": "High"}, "geometry": {"type": "Polygon", "coordinates": [[[101.29658155700005, 3.269008407000053], [101.31458155700005, 3.269008407000053], [101.31458155700005, 3.251008407000053], [101.29868738331695, 3.251008407000053], [101.29658155700005, 3.253986847696873], [101.29658155700005, 3.269008407000053]]]}}, {"id": "132", "type": "Feature", "properties": {"cell_id": "KS_132", "center_lon": 101.30558155700005, "center_lat": 3.2780084070000526, "population": 2158.23876953125, "avg_download_mbps": 140.84033333333335, "avg_upload_mbps": 21.084166666666665, "avg_latency_ms": 18.0, "network_tests": 28.0, "school_count": 0, "healthcare_count": 0, "connectivity_quality": 0.5101031110934344, "connectivity_gap": 0.4898968889065656, "pop_norm": 0.18006312860139176, "edu_exposure": 0.0720252514405567, "score_education": 8.236326828669487, "health_exposure": 0.0720252514405567, "score_healthcare": 7.869233638899541, "score_general": 19.334728349925754, "priority_general": "Low", "priority_education": "Low", "priority_healthcare": "Low", "cluster": 0, "ai_profile": "High-Impact Connectivity Gap", "data_confidence": "High"}, "geometry": {"type": "Polygon", "coordinates": [[[101.29658155700005, 3.269008407000053], [101.29658155700005, 3.287008407000052], [101.31458155700005, 3.287008407000052], [101.31458155700005, 3.269008407000053], [101.29658155700005, 3.269008407000053]]]}}, {"id": "133", "type": "Feature", "properties": {"cell_id": "KS_133", "center_lon": 101.30558155700005, "center_lat": 3.2960084070000524, "population": 2035.1162109375, "avg_download_mbps": 96.63325, "avg_upload_mbps": 12.14375, "avg_latency_ms": 25.0, "network_tests": 19.0, "school_count": 0, "healthcare_count": 0, "connectivity_quality": 0.42656162782379226, "connectivity_gap": 0.5734383721762077, "pop_norm": 0.16979094119804256, "edu_exposure": 0.06791637647921703, "score_education": 9.107829956332065, "health_exposure": 0.06791637647921703, "score_healthcare": 8.701893861261844, "score_general": 21.38057676997791, "priority_general": "Low", "priority_education": "Low", "priority_healthcare": "Low", "cluster": 0, "ai_profile": "High-Impact Connectivity Gap", "data_confidence": "Medium"}, "geometry": {"type": "Polygon", "coordinates": [[[101.29658155700005, 3.287008407000052], [101.29658155700005, 3.305008407000052], [101.31458155700005, 3.305008407000052], [101.31458155700005, 3.287008407000052], [101.29658155700005, 3.287008407000052]]]}}, {"id": "134", "type": "Feature", "properties": {"cell_id": "KS_134", "center_lon": 101.30558155700005, "center_lat": 3.314008407000052, "population": 669.6246948242188, "avg_download_mbps": 50.7488, "avg_upload_mbps": 15.479, "avg_latency_ms": 29.4, "network_tests": 18.0, "school_count": 0, "healthcare_count": 0, "connectivity_quality": 0.37716831636011483, "connectivity_gap": 0.6228316836398852, "pop_norm": 0.055867181722895634, "edu_exposure": 0.022346872689158255, "score_education": 3.149868718354396, "health_exposure": 0.022346872689158255, "score_healthcare": 3.0094790301802474, "score_general": 7.394298122716587, "priority_general": "Low", "priority_education": "Low", "priority_healthcare": "Low", "cluster": 0, "ai_profile": "High-Impact Connectivity Gap", "data_confidence": "Medium"}, "geometry": {"type": "Polygon", "coordinates": [[[101.29658155700005, 3.305008407000052], [101.29658155700005, 3.323008407000052], [101.31458155700005, 3.323008407000052], [101.31458155700005, 3.305008407000052], [101.29658155700005, 3.305008407000052]]]}}, {"id": "135", "type": "Feature", "properties": {"cell_id": "KS_135", "center_lon": 101.30558155700005, "center_lat": 3.332008407000052, "population": 13.335461616516113, "avg_download_mbps": null, "avg_upload_mbps": null, "avg_latency_ms": null, "network_tests": null, "school_count": 0, "healthcare_count": 0, "connectivity_quality": null, "connectivity_gap": null, "pop_norm": 0.0011125853978312089, "edu_exposure": 0.0004450341591324836, "score_education": null, "health_exposure": 0.0004450341591324836, "score_healthcare": null, "score_general": null, "priority_general": "No Data", "priority_education": "No Data", "priority_healthcare": "No Data", "cluster": 1, "ai_profile": "Moderate Coverage", "data_confidence": "No Data"}, "geometry": {"type": "Polygon", "coordinates": [[[101.29658155700005, 3.323008407000052], [101.29658155700005, 3.341008407000052], [101.31458155700005, 3.341008407000052], [101.31458155700005, 3.323008407000052], [101.29658155700005, 3.323008407000052]]]}}, {"id": "136", "type": "Feature", "properties": {"cell_id": "KS_136", "center_lon": 101.30558155700005, "center_lat": 3.3500084070000518, "population": 332.3486022949219, "avg_download_mbps": 33.5155, "avg_upload_mbps": 7.347, "avg_latency_ms": 26.0, "network_tests": 9.0, "school_count": 0, "healthcare_count": 0, "connectivity_quality": 0.3388081836217632, "connectivity_gap": 0.6611918163782369, "pop_norm": 0.027728039158763162, "edu_exposure": 0.011091215663505266, "score_education": 1.5822863038946366, "health_exposure": 0.011091215663505266, "score_healthcare": 1.5117637835395514, "score_general": 3.7144077079506754, "priority_general": "Low", "priority_education": "Low", "priority_healthcare": "Low", "cluster": 0, "ai_profile": "High-Impact Connectivity Gap", "data_confidence": "Medium"}, "geometry": {"type": "Polygon", "coordinates": [[[101.29658155700005, 3.341008407000052], [101.29658155700005, 3.359008407000052], [101.31458155700005, 3.359008407000052], [101.31458155700005, 3.341008407000052], [101.29658155700005, 3.341008407000052]]]}}, {"id": "137", "type": "Feature", "properties": {"cell_id": "KS_137", "center_lon": 101.30558155700005, "center_lat": 3.3680084070000516, "population": 2189.864501953125, "avg_download_mbps": 18.212333333333333, "avg_upload_mbps": 7.015333333333333, "avg_latency_ms": 38.0, "network_tests": 52.0, "school_count": 0, "healthcare_count": 0, "connectivity_quality": 0.3067664718033004, "connectivity_gap": 0.6932335281966996, "pop_norm": 0.1827016820388458, "edu_exposure": 0.07308067281553832, "score_education": 11.896926829058488, "health_exposure": 0.07308067281553832, "score_healthcare": 11.366680651486122, "score_general": 27.92796512616632, "priority_general": "Low", "priority_education": "Low", "priority_healthcare": "Low", "cluster": 0, "ai_profile": "High-Impact Connectivity Gap", "data_confidence": "High"}, "geometry": {"type": "Polygon", "coordinates": [[[101.29658155700005, 3.359008407000052], [101.29658155700005, 3.377008407000051], [101.31458155700005, 3.377008407000051], [101.31458155700005, 3.359008407000052], [101.29658155700005, 3.359008407000052]]]}}, {"id": "138", "type": "Feature", "properties": {"cell_id": "KS_138", "center_lon": 101.30558155700005, "center_lat": 3.3860084070000513, "population": 293.4073486328125, "avg_download_mbps": null, "avg_upload_mbps": null, "avg_latency_ms": null, "network_tests": null, "school_count": 1, "healthcare_count": 0, "connectivity_quality": null, "connectivity_gap": null, "pop_norm": 0.02447914748604859, "edu_exposure": 0.3097916588444194, "score_education": null, "health_exposure": 0.009791658994419437, "score_healthcare": null, "score_general": null, "priority_general": "No Data", "priority_education": "No Data", "priority_healthcare": "No Data", "cluster": 1, "ai_profile": "Moderate Coverage", "data_confidence": "No Data"}, "geometry": {"type": "Polygon", "coordinates": [[[101.29658155700005, 3.377008407000051], [101.29658155700005, 3.395008407000051], [101.31458155700005, 3.395008407000051], [101.31458155700005, 3.377008407000051], [101.29658155700005, 3.377008407000051]]]}}, {"id": "139", "type": "Feature", "properties": {"cell_id": "KS_139", "center_lon": 101.30558155700005, "center_lat": 3.404008407000051, "population": 603.1285400390625, "avg_download_mbps": 22.121, "avg_upload_mbps": 10.633666666666667, "avg_latency_ms": 31.333333333333332, "network_tests": 10.0, "school_count": 1, "healthcare_count": 1, "connectivity_quality": 0.3285022603134632, "connectivity_gap": 0.6714977396865368, "pop_norm": 0.05031936845977916, "edu_exposure": 0.32012774723391163, "score_education": 51.01033371137606, "health_exposure": 0.6201277467839116, "score_healthcare": 94.55569657530246, "score_general": 7.169308783865833, "priority_general": "Low", "priority_education": "Medium", "priority_healthcare": "High", "cluster": 3, "ai_profile": "Moderate Coverage", "data_confidence": "Medium"}, "geometry": {"type": "Polygon", "coordinates": [[[101.29658155700005, 3.395008407000051], [101.29658155700005, 3.413008407000051], [101.31458155700005, 3.413008407000051], [101.31458155700005, 3.395008407000051], [101.29658155700005, 3.395008407000051]]]}}, {"id": "140", "type": "Feature", "properties": {"cell_id": "KS_140", "center_lon": 101.30558155700005, "center_lat": 3.422008407000051, "population": 108.53826141357422, "avg_download_mbps": null, "avg_upload_mbps": null, "avg_latency_ms": null, "network_tests": null, "school_count": 0, "healthcare_count": 0, "connectivity_quality": null, "connectivity_gap": null, "pop_norm": 0.009055410920696515, "edu_exposure": 0.003622164368278606, "score_education": null, "health_exposure": 0.003622164368278606, "score_healthcare": null, "score_general": null, "priority_general": "No Data", "priority_education": "No Data", "priority_healthcare": "No Data", "cluster": 1, "ai_profile": "Moderate Coverage", "data_confidence": "No Data"}, "geometry": {"type": "Polygon", "coordinates": [[[101.29658155700005, 3.413008407000051], [101.29658155700005, 3.431008407000051], [101.31458155700005, 3.431008407000051], [101.31458155700005, 3.413008407000051], [101.29658155700005, 3.413008407000051]]]}}, {"id": "141", "type": "Feature", "properties": {"cell_id": "KS_141", "center_lon": 101.30558155700005, "center_lat": 3.4400084070000507, "population": 0.0, "avg_download_mbps": null, "avg_upload_mbps": null, "avg_latency_ms": null, "network_tests": null, "school_count": 0, "healthcare_count": 0, "connectivity_quality": null, "connectivity_gap": null, "pop_norm": 0.0, "edu_exposure": 0.0, "score_education": null, "health_exposure": 0.0, "score_healthcare": null, "score_general": null, "priority_general": "No Data", "priority_education": "No Data", "priority_healthcare": "No Data", "cluster": 1, "ai_profile": "Moderate Coverage", "data_confidence": "No Data"}, "geometry": {"type": "Polygon", "coordinates": [[[101.29658155700005, 3.431008407000051], [101.29658155700005, 3.449008407000051], [101.31458155700005, 3.449008407000051], [101.31458155700005, 3.431008407000051], [101.29658155700005, 3.431008407000051]]]}}, {"id": "142", "type": "Feature", "properties": {"cell_id": "KS_142", "center_lon": 101.30558155700005, "center_lat": 3.4580084070000505, "population": 0.0, "avg_download_mbps": null, "avg_upload_mbps": null, "avg_latency_ms": null, "network_tests": null, "school_count": 0, "healthcare_count": 0, "connectivity_quality": null, "connectivity_gap": null, "pop_norm": 0.0, "edu_exposure": 0.0, "score_education": null, "health_exposure": 0.0, "score_healthcare": null, "score_general": null, "priority_general": "No Data", "priority_education": "No Data", "priority_healthcare": "No Data", "cluster": 1, "ai_profile": "Moderate Coverage", "data_confidence": "No Data"}, "geometry": {"type": "Polygon", "coordinates": [[[101.29658155700005, 3.449008407000051], [101.29658155700005, 3.46700840700005], [101.31458155700005, 3.46700840700005], [101.31458155700005, 3.449008407000051], [101.29658155700005, 3.449008407000051]]]}}, {"id": "143", "type": "Feature", "properties": {"cell_id": "KS_143", "center_lon": 101.30558155700005, "center_lat": 3.4760084070000503, "population": 0.5659540295600891, "avg_download_mbps": null, "avg_upload_mbps": null, "avg_latency_ms": null, "network_tests": null, "school_count": 0, "healthcare_count": 0, "connectivity_quality": null, "connectivity_gap": null, "pop_norm": 4.72178772088723e-05, "edu_exposure": 1.888715088354892e-05, "score_education": null, "health_exposure": 1.888715088354892e-05, "score_healthcare": null, "score_general": null, "priority_general": "No Data", "priority_education": "No Data", "priority_healthcare": "No Data", "cluster": 1, "ai_profile": "Moderate Coverage", "data_confidence": "No Data"}, "geometry": {"type": "Polygon", "coordinates": [[[101.29658155700005, 3.46700840700005], [101.29658155700005, 3.48500840700005], [101.31458155700005, 3.48500840700005], [101.31458155700005, 3.46700840700005], [101.29658155700005, 3.46700840700005]]]}}, {"id": "144", "type": "Feature", "properties": {"cell_id": "KS_144", "center_lon": 101.30558155700005, "center_lat": 3.49400840700005, "population": 0.0, "avg_download_mbps": null, "avg_upload_mbps": null, "avg_latency_ms": null, "network_tests": null, "school_count": 0, "healthcare_count": 0, "connectivity_quality": null, "connectivity_gap": null, "pop_norm": 0.0, "edu_exposure": 0.0, "score_education": null, "health_exposure": 0.0, "score_healthcare": null, "score_general": null, "priority_general": "No Data", "priority_education": "No Data", "priority_healthcare": "No Data", "cluster": 1, "ai_profile": "Moderate Coverage", "data_confidence": "No Data"}, "geometry": {"type": "Polygon", "coordinates": [[[101.29658155700005, 3.48500840700005], [101.29658155700005, 3.50300840700005], [101.31458155700005, 3.50300840700005], [101.31458155700005, 3.48500840700005], [101.29658155700005, 3.48500840700005]]]}}, {"id": "145", "type": "Feature", "properties": {"cell_id": "KS_145", "center_lon": 101.30558155700005, "center_lat": 3.51200840700005, "population": 0.0, "avg_download_mbps": null, "avg_upload_mbps": null, "avg_latency_ms": null, "network_tests": null, "school_count": 0, "healthcare_count": 0, "connectivity_quality": null, "connectivity_gap": null, "pop_norm": 0.0, "edu_exposure": 0.0, "score_education": null, "health_exposure": 0.0, "score_healthcare": null, "score_general": null, "priority_general": "No Data", "priority_education": "No Data", "priority_healthcare": "No Data", "cluster": 1, "ai_profile": "Moderate Coverage", "data_confidence": "No Data"}, "geometry": {"type": "Polygon", "coordinates": [[[101.29658155700005, 3.50300840700005], [101.29658155700005, 3.52100840700005], [101.31458155700005, 3.52100840700005], [101.31458155700005, 3.50300840700005], [101.29658155700005, 3.50300840700005]]]}}, {"id": "146", "type": "Feature", "properties": {"cell_id": "KS_146", "center_lon": 101.30558155700005, "center_lat": 3.5300084070000497, "population": 0.0, "avg_download_mbps": null, "avg_upload_mbps": null, "avg_latency_ms": null, "network_tests": null, "school_count": 0, "healthcare_count": 0, "connectivity_quality": null, "connectivity_gap": null, "pop_norm": 0.0, "edu_exposure": 0.0, "score_education": null, "health_exposure": 0.0, "score_healthcare": null, "score_general": null, "priority_general": "No Data", "priority_education": "No Data", "priority_healthcare": "No Data", "cluster": 1, "ai_profile": "Moderate Coverage", "data_confidence": "No Data"}, "geometry": {"type": "Polygon", "coordinates": [[[101.29658155700005, 3.52100840700005], [101.29658155700005, 3.53900840700005], [101.31458155700005, 3.53900840700005], [101.31458155700005, 3.52100840700005], [101.29658155700005, 3.52100840700005]]]}}, {"id": "147", "type": "Feature", "properties": {"cell_id": "KS_147", "center_lon": 101.30558155700005, "center_lat": 3.5480084070000495, "population": 0.0, "avg_download_mbps": null, "avg_upload_mbps": null, "avg_latency_ms": null, "network_tests": null, "school_count": 0, "healthcare_count": 0, "connectivity_quality": null, "connectivity_gap": null, "pop_norm": 0.0, "edu_exposure": 0.0, "score_education": null, "health_exposure": 0.0, "score_healthcare": null, "score_general": null, "priority_general": "No Data", "priority_education": "No Data", "priority_healthcare": "No Data", "cluster": 1, "ai_profile": "Moderate Coverage", "data_confidence": "No Data"}, "geometry": {"type": "Polygon", "coordinates": [[[101.29658155700005, 3.53900840700005], [101.29658155700005, 3.557008407000049], [101.31458155700005, 3.557008407000049], [101.31458155700005, 3.53900840700005], [101.29658155700005, 3.53900840700005]]]}}, {"id": "148", "type": "Feature", "properties": {"cell_id": "KS_148", "center_lon": 101.30558155700005, "center_lat": 3.5660084070000493, "population": 0.0, "avg_download_mbps": null, "avg_upload_mbps": null, "avg_latency_ms": null, "network_tests": null, "school_count": 0, "healthcare_count": 0, "connectivity_quality": null, "connectivity_gap": null, "pop_norm": 0.0, "edu_exposure": 0.0, "score_education": null, "health_exposure": 0.0, "score_healthcare": null, "score_general": null, "priority_general": "No Data", "priority_education": "No Data", "priority_healthcare": "No Data", "cluster": 1, "ai_profile": "Moderate Coverage", "data_confidence": "No Data"}, "geometry": {"type": "Polygon", "coordinates": [[[101.29658155700005, 3.557008407000049], [101.29658155700005, 3.575008407000049], [101.31458155700005, 3.575008407000049], [101.31458155700005, 3.557008407000049], [101.29658155700005, 3.557008407000049]]]}}, {"id": "149", "type": "Feature", "properties": {"cell_id": "KS_149", "center_lon": 101.30558155700005, "center_lat": 3.584008407000049, "population": 0.0, "avg_download_mbps": null, "avg_upload_mbps": null, "avg_latency_ms": null, "network_tests": null, "school_count": 0, "healthcare_count": 0, "connectivity_quality": null, "connectivity_gap": null, "pop_norm": 0.0, "edu_exposure": 0.0, "score_education": null, "health_exposure": 0.0, "score_healthcare": null, "score_general": null, "priority_general": "No Data", "priority_education": "No Data", "priority_healthcare": "No Data", "cluster": 1, "ai_profile": "Moderate Coverage", "data_confidence": "No Data"}, "geometry": {"type": "Polygon", "coordinates": [[[101.31458155700005, 3.575008407000049], [101.29658155700005, 3.575008407000049], [101.29658155700005, 3.579611812849608], [101.31458155700005, 3.586280727912226], [101.31458155700005, 3.575008407000049]]]}}, {"id": "150", "type": "Feature", "properties": {"cell_id": "KS_150", "center_lon": 101.32358155700005, "center_lat": 3.170008407000054, "population": 3351.134765625, "avg_download_mbps": 111.84533333333333, "avg_upload_mbps": 19.664, "avg_latency_ms": 19.666666666666668, "network_tests": 75.0, "school_count": 0, "healthcare_count": 0, "connectivity_quality": 0.470574887393647, "connectivity_gap": 0.5294251126063529, "pop_norm": 0.27958714243391414, "edu_exposure": 0.11183485697356566, "score_education": 13.931406895405935, "health_exposure": 0.11183485697356566, "score_healthcare": 13.310483915830131, "score_general": 32.70389500782708, "priority_general": "Low", "priority_education": "Low", "priority_healthcare": "Low", "cluster": 0, "ai_profile": "High-Impact Connectivity Gap", "data_confidence": "High"}, "geometry": {"type": "Polygon", "coordinates": [[[101.31458155700005, 3.179008407000054], [101.33258155700005, 3.179008407000054], [101.33258155700005, 3.16314164112917], [101.32739349700006, 3.162909694000064], [101.32620338200007, 3.161008407000054], [101.31573036400005, 3.169088849000048], [101.31458155700005, 3.168647675057485], [101.31458155700005, 3.179008407000054]]]}}, {"id": "151", "type": "Feature", "properties": {"cell_id": "KS_151", "center_lon": 101.32358155700005, "center_lat": 3.1880084070000536, "population": 2099.205078125, "avg_download_mbps": 65.727, "avg_upload_mbps": 8.049, "avg_latency_ms": 29.666666666666668, "network_tests": 29.0, "school_count": 0, "healthcare_count": 0, "connectivity_quality": 0.37424230118921387, "connectivity_gap": 0.6257576988107861, "pop_norm": 0.17513791304250012, "edu_exposure": 0.07005516521700005, "score_education": 10.272331238195056, "health_exposure": 0.07005516521700005, "score_healthcare": 9.81449330642716, "score_general": 24.1142366181506, "priority_general": "Low", "priority_education": "Low", "priority_healthcare": "Low", "cluster": 0, "ai_profile": "High-Impact Connectivity Gap", "data_confidence": "High"}, "geometry": {"type": "Polygon", "coordinates": [[[101.31458155700005, 3.179008407000054], [101.31458155700005, 3.197008407000054], [101.33258155700005, 3.197008407000054], [101.33258155700005, 3.179008407000054], [101.31458155700005, 3.179008407000054]]]}}, {"id": "152", "type": "Feature", "properties": {"cell_id": "KS_152", "center_lon": 101.32358155700005, "center_lat": 3.2060084070000534, "population": 1424.724609375, "avg_download_mbps": 192.1345, "avg_upload_mbps": 22.4505, "avg_latency_ms": 33.0, "network_tests": 20.0, "school_count": 0, "healthcare_count": 0, "connectivity_quality": 0.5570600700127276, "connectivity_gap": 0.4429399299872724, "pop_norm": 0.1188656112479976, "edu_exposure": 0.047546244499199045, "score_education": 4.850017752460765, "health_exposure": 0.047546244499199045, "score_healthcare": 4.633852400571822, "score_general": 11.385387890355824, "priority_general": "Low", "priority_education": "Low", "priority_healthcare": "Low", "cluster": 2, "ai_profile": "Well-Served Urban", "data_confidence": "High"}, "geometry": {"type": "Polygon", "coordinates": [[[101.31458155700005, 3.197008407000054], [101.31458155700005, 3.215008407000053], [101.33258155700005, 3.215008407000053], [101.33258155700005, 3.197008407000054], [101.31458155700005, 3.197008407000054]]]}}, {"id": "153", "type": "Feature", "properties": {"cell_id": "KS_153", "center_lon": 101.32358155700005, "center_lat": 3.224008407000053, "population": 2451.2021484375, "avg_download_mbps": 122.21425, "avg_upload_mbps": 7.76075, "avg_latency_ms": 55.5, "network_tests": 10.0, "school_count": 0, "healthcare_count": 0, "connectivity_quality": 0.4107887244498477, "connectivity_gap": 0.5892112755501523, "pop_norm": 0.20450523543230165, "edu_exposure": 0.08180209417292067, "score_education": 11.310532790460181, "health_exposure": 0.08180209417292067, "score_healthcare": 10.806422202522487, "score_general": 26.55140860064708, "priority_general": "Low", "priority_education": "Low", "priority_healthcare": "Low", "cluster": 0, "ai_profile": "High-Impact Connectivity Gap", "data_confidence": "Medium"}, "geometry": {"type": "Polygon", "coordinates": [[[101.31458155700005, 3.215008407000053], [101.31458155700005, 3.233008407000053], [101.33258155700005, 3.233008407000053], [101.33258155700005, 3.215008407000053], [101.31458155700005, 3.215008407000053]]]}}, {"id": "154", "type": "Feature", "properties": {"cell_id": "KS_154", "center_lon": 101.32358155700005, "center_lat": 3.242008407000053, "population": 1914.4287109375, "avg_download_mbps": 204.313, "avg_upload_mbps": 39.77833333333333, "avg_latency_ms": 18.666666666666668, "network_tests": 30.0, "school_count": 0, "healthcare_count": 0, "connectivity_quality": 0.6340430142395415, "connectivity_gap": 0.36595698576045854, "pop_norm": 0.15972191216387302, "edu_exposure": 0.06388876486554922, "score_education": 5.402406190158635, "health_exposure": 0.06388876486554922, "score_healthcare": 5.16162087869248, "score_general": 12.682116469575345, "priority_general": "Low", "priority_education": "Low", "priority_healthcare": "Low", "cluster": 2, "ai_profile": "Well-Served Urban", "data_confidence": "High"}, "geometry": {"type": "Polygon", "coordinates": [[[101.31458155700005, 3.233008407000053], [101.31458155700005, 3.251008407000053], [101.33258155700005, 3.251008407000053], [101.33258155700005, 3.233008407000053], [101.31458155700005, 3.233008407000053]]]}}, {"id": "155", "type": "Feature", "properties": {"cell_id": "KS_155", "center_lon": 101.32358155700005, "center_lat": 3.260008407000053, "population": 185.29220581054688, "avg_download_mbps": null, "avg_upload_mbps": null, "avg_latency_ms": null, "network_tests": null, "school_count": 0, "healthcare_count": 0, "connectivity_quality": null, "connectivity_gap": null, "pop_norm": 0.015459037598025577, "edu_exposure": 0.006183615039210231, "score_education": null, "health_exposure": 0.006183615039210231, "score_healthcare": null, "score_general": null, "priority_general": "No Data", "priority_education": "No Data", "priority_healthcare": "No Data", "cluster": 1, "ai_profile": "Moderate Coverage", "data_confidence": "No Data"}, "geometry": {"type": "Polygon", "coordinates": [[[101.31458155700005, 3.251008407000053], [101.31458155700005, 3.269008407000053], [101.33258155700005, 3.269008407000053], [101.33258155700005, 3.251008407000053], [101.31458155700005, 3.251008407000053]]]}}, {"id": "156", "type": "Feature", "properties": {"cell_id": "KS_156", "center_lon": 101.32358155700005, "center_lat": 3.2780084070000526, "population": 865.7664794921875, "avg_download_mbps": 337.622, "avg_upload_mbps": 47.80533333333333, "avg_latency_ms": 17.0, "network_tests": 17.0, "school_count": 0, "healthcare_count": 0, "connectivity_quality": 0.8131959788820811, "connectivity_gap": 0.18680402111791894, "pop_norm": 0.07223140605959666, "edu_exposure": 0.028892562423838666, "score_education": 1.1213675792819273, "health_exposure": 0.028892562423838666, "score_healthcare": 1.0713882122477874, "score_general": 2.6324037373505176, "priority_general": "Low", "priority_education": "Low", "priority_healthcare": "Low", "cluster": 2, "ai_profile": "Well-Served Urban", "data_confidence": "Medium"}, "geometry": {"type": "Polygon", "coordinates": [[[101.31458155700005, 3.269008407000053], [101.31458155700005, 3.287008407000052], [101.33258155700005, 3.287008407000052], [101.33258155700005, 3.269008407000053], [101.31458155700005, 3.269008407000053]]]}}, {"id": "157", "type": "Feature", "properties": {"cell_id": "KS_157", "center_lon": 101.32358155700005, "center_lat": 3.2960084070000524, "population": 94.57988739013672, "avg_download_mbps": null, "avg_upload_mbps": null, "avg_latency_ms": null, "network_tests": null, "school_count": 0, "healthcare_count": 0, "connectivity_quality": null, "connectivity_gap": null, "pop_norm": 0.00789085557476765, "edu_exposure": 0.0031563422299070603, "score_education": null, "health_exposure": 0.0031563422299070603, "score_healthcare": null, "score_general": null, "priority_general": "No Data", "priority_education": "No Data", "priority_healthcare": "No Data", "cluster": 1, "ai_profile": "Moderate Coverage", "data_confidence": "No Data"}, "geometry": {"type": "Polygon", "coordinates": [[[101.31458155700005, 3.287008407000052], [101.31458155700005, 3.305008407000052], [101.33258155700005, 3.305008407000052], [101.33258155700005, 3.287008407000052], [101.31458155700005, 3.287008407000052]]]}}, {"id": "158", "type": "Feature", "properties": {"cell_id": "KS_158", "center_lon": 101.32358155700005, "center_lat": 3.314008407000052, "population": 827.5584716796875, "avg_download_mbps": 123.1595, "avg_upload_mbps": 18.47175, "avg_latency_ms": 23.0, "network_tests": 13.0, "school_count": 0, "healthcare_count": 0, "connectivity_quality": 0.47686208791282686, "connectivity_gap": 0.5231379120871731, "pop_norm": 0.0690436895189289, "edu_exposure": 0.027617475807571564, "score_education": 3.275897768422341, "health_exposure": 0.027617475807571564, "score_healthcare": 3.129890963910351, "score_general": 7.690150569802704, "priority_general": "Low", "priority_education": "Low", "priority_healthcare": "Low", "cluster": 0, "ai_profile": "High-Impact Connectivity Gap", "data_confidence": "Medium"}, "geometry": {"type": "Polygon", "coordinates": [[[101.31458155700005, 3.305008407000052], [101.31458155700005, 3.323008407000052], [101.33258155700005, 3.323008407000052], [101.33258155700005, 3.305008407000052], [101.31458155700005, 3.305008407000052]]]}}, {"id": "159", "type": "Feature", "properties": {"cell_id": "KS_159", "center_lon": 101.32358155700005, "center_lat": 3.332008407000052, "population": 10.065662384033203, "avg_download_mbps": null, "avg_upload_mbps": null, "avg_latency_ms": null, "network_tests": null, "school_count": 0, "healthcare_count": 0, "connectivity_quality": null, "connectivity_gap": null, "pop_norm": 0.0008397841267155121, "edu_exposure": 0.00033591365068620486, "score_education": null, "health_exposure": 0.00033591365068620486, "score_healthcare": null, "score_general": null, "priority_general": "No Data", "priority_education": "No Data", "priority_healthcare": "No Data", "cluster": 1, "ai_profile": "Moderate Coverage", "data_confidence": "No Data"}, "geometry": {"type": "Polygon", "coordinates": [[[101.31458155700005, 3.323008407000052], [101.31458155700005, 3.341008407000052], [101.33258155700005, 3.341008407000052], [101.33258155700005, 3.323008407000052], [101.31458155700005, 3.323008407000052]]]}}, {"id": "160", "type": "Feature", "properties": {"cell_id": "KS_160", "center_lon": 101.32358155700005, "center_lat": 3.3500084070000518, "population": 544.3201904296875, "avg_download_mbps": 74.137, "avg_upload_mbps": 3.7605, "avg_latency_ms": 23.5, "network_tests": 3.0, "school_count": 0, "healthcare_count": 0, "connectivity_quality": 0.3792758768948388, "connectivity_gap": 0.6207241231051612, "pop_norm": 0.04541295329939893, "edu_exposure": 0.018165181319759572, "score_education": 2.5207393392751407, "health_exposure": 0.018165181319759572, "score_healthcare": 2.4083899553954122, "score_general": 5.9174206390410315, "priority_general": "Low", "priority_education": "Low", "priority_healthcare": "Low", "cluster": 0, "ai_profile": "High-Impact Connectivity Gap", "data_confidence": "Low"}, "geometry": {"type": "Polygon", "coordinates": [[[101.31458155700005, 3.341008407000052], [101.31458155700005, 3.359008407000052], [101.33258155700005, 3.359008407000052], [101.33258155700005, 3.341008407000052], [101.31458155700005, 3.341008407000052]]]}}, {"id": "161", "type": "Feature", "properties": {"cell_id": "KS_161", "center_lon": 101.32358155700005, "center_lat": 3.3680084070000516, "population": 879.8706665039062, "avg_download_mbps": 68.3395, "avg_upload_mbps": 16.584, "avg_latency_ms": 28.5, "network_tests": 2.0, "school_count": 0, "healthcare_count": 0, "connectivity_quality": 0.40168515542203814, "connectivity_gap": 0.5983148445779618, "pop_norm": 0.07340812666880932, "edu_exposure": 0.029363250667523728, "score_education": 4.0188052761456525, "health_exposure": 0.029363250667523728, "score_healthcare": 3.8396870747224927, "score_general": 9.43412153522771, "priority_general": "Low", "priority_education": "Low", "priority_healthcare": "Low", "cluster": 0, "ai_profile": "High-Impact Connectivity Gap", "data_confidence": "Low"}, "geometry": {"type": "Polygon", "coordinates": [[[101.31458155700005, 3.359008407000052], [101.31458155700005, 3.377008407000051], [101.33258155700005, 3.377008407000051], [101.33258155700005, 3.359008407000052], [101.31458155700005, 3.359008407000052]]]}}, {"id": "162", "type": "Feature", "properties": {"cell_id": "KS_162", "center_lon": 101.32358155700005, "center_lat": 3.3860084070000513, "population": 125.1943588256836, "avg_download_mbps": null, "avg_upload_mbps": null, "avg_latency_ms": null, "network_tests": null, "school_count": 1, "healthcare_count": 1, "connectivity_quality": null, "connectivity_gap": null, "pop_norm": 0.010445038913972415, "edu_exposure": 0.3041780154155889, "score_education": null, "health_exposure": 0.6041780149655889, "score_healthcare": null, "score_general": null, "priority_general": "No Data", "priority_education": "No Data", "priority_healthcare": "No Data", "cluster": 3, "ai_profile": "Moderate Coverage", "data_confidence": "No Data"}, "geometry": {"type": "Polygon", "coordinates": [[[101.31458155700005, 3.377008407000051], [101.31458155700005, 3.395008407000051], [101.33258155700005, 3.395008407000051], [101.33258155700005, 3.377008407000051], [101.31458155700005, 3.377008407000051]]]}}, {"id": "163", "type": "Feature", "properties": {"cell_id": "KS_163", "center_lon": 101.32358155700005, "center_lat": 3.404008407000051, "population": 848.17041015625, "avg_download_mbps": 44.442, "avg_upload_mbps": 7.913666666666667, "avg_latency_ms": 27.0, "network_tests": 5.0, "school_count": 0, "healthcare_count": 0, "connectivity_quality": 0.3519869792689811, "connectivity_gap": 0.6480130207310189, "pop_norm": 0.07076335565644128, "edu_exposure": 0.028305342262576513, "score_education": 4.203004199958859, "health_exposure": 0.028305342262576513, "score_healthcare": 4.015676250197471, "score_general": 9.866527415708335, "priority_general": "Low", "priority_education": "Low", "priority_healthcare": "Low", "cluster": 0, "ai_profile": "High-Impact Connectivity Gap", "data_confidence": "Medium"}, "geometry": {"type": "Polygon", "coordinates": [[[101.31458155700005, 3.395008407000051], [101.31458155700005, 3.413008407000051], [101.33258155700005, 3.413008407000051], [101.33258155700005, 3.395008407000051], [101.31458155700005, 3.395008407000051]]]}}, {"id": "164", "type": "Feature", "properties": {"cell_id": "KS_164", "center_lon": 101.32358155700005, "center_lat": 3.422008407000051, "population": 205.34112548828125, "avg_download_mbps": null, "avg_upload_mbps": null, "avg_latency_ms": null, "network_tests": null, "school_count": 0, "healthcare_count": 0, "connectivity_quality": null, "connectivity_gap": null, "pop_norm": 0.017131730746353616, "edu_exposure": 0.006852692298541446, "score_education": null, "health_exposure": 0.006852692298541446, "score_healthcare": null, "score_general": null, "priority_general": "No Data", "priority_education": "No Data", "priority_healthcare": "No Data", "cluster": 1, "ai_profile": "Moderate Coverage", "data_confidence": "No Data"}, "geometry": {"type": "Polygon", "coordinates": [[[101.31458155700005, 3.413008407000051], [101.31458155700005, 3.431008407000051], [101.33258155700005, 3.431008407000051], [101.33258155700005, 3.413008407000051], [101.31458155700005, 3.413008407000051]]]}}, {"id": "165", "type": "Feature", "properties": {"cell_id": "KS_165", "center_lon": 101.32358155700005, "center_lat": 3.4400084070000507, "population": 0.0, "avg_download_mbps": null, "avg_upload_mbps": null, "avg_latency_ms": null, "network_tests": null, "school_count": 0, "healthcare_count": 0, "connectivity_quality": null, "connectivity_gap": null, "pop_norm": 0.0, "edu_exposure": 0.0, "score_education": null, "health_exposure": 0.0, "score_healthcare": null, "score_general": null, "priority_general": "No Data", "priority_education": "No Data", "priority_healthcare": "No Data", "cluster": 1, "ai_profile": "Moderate Coverage", "data_confidence": "No Data"}, "geometry": {"type": "Polygon", "coordinates": [[[101.31458155700005, 3.431008407000051], [101.31458155700005, 3.449008407000051], [101.33258155700005, 3.449008407000051], [101.33258155700005, 3.431008407000051], [101.31458155700005, 3.431008407000051]]]}}, {"id": "166", "type": "Feature", "properties": {"cell_id": "KS_166", "center_lon": 101.32358155700005, "center_lat": 3.4580084070000505, "population": 0.0, "avg_download_mbps": null, "avg_upload_mbps": null, "avg_latency_ms": null, "network_tests": null, "school_count": 0, "healthcare_count": 0, "connectivity_quality": null, "connectivity_gap": null, "pop_norm": 0.0, "edu_exposure": 0.0, "score_education": null, "health_exposure": 0.0, "score_healthcare": null, "score_general": null, "priority_general": "No Data", "priority_education": "No Data", "priority_healthcare": "No Data", "cluster": 1, "ai_profile": "Moderate Coverage", "data_confidence": "No Data"}, "geometry": {"type": "Polygon", "coordinates": [[[101.31458155700005, 3.449008407000051], [101.31458155700005, 3.46700840700005], [101.33258155700005, 3.46700840700005], [101.33258155700005, 3.449008407000051], [101.31458155700005, 3.449008407000051]]]}}, {"id": "167", "type": "Feature", "properties": {"cell_id": "KS_167", "center_lon": 101.32358155700005, "center_lat": 3.4760084070000503, "population": 0.0, "avg_download_mbps": null, "avg_upload_mbps": null, "avg_latency_ms": null, "network_tests": null, "school_count": 0, "healthcare_count": 0, "connectivity_quality": null, "connectivity_gap": null, "pop_norm": 0.0, "edu_exposure": 0.0, "score_education": null, "health_exposure": 0.0, "score_healthcare": null, "score_general": null, "priority_general": "No Data", "priority_education": "No Data", "priority_healthcare": "No Data", "cluster": 1, "ai_profile": "Moderate Coverage", "data_confidence": "No Data"}, "geometry": {"type": "Polygon", "coordinates": [[[101.31458155700005, 3.46700840700005], [101.31458155700005, 3.48500840700005], [101.33258155700005, 3.48500840700005], [101.33258155700005, 3.46700840700005], [101.31458155700005, 3.46700840700005]]]}}, {"id": "168", "type": "Feature", "properties": {"cell_id": "KS_168", "center_lon": 101.32358155700005, "center_lat": 3.49400840700005, "population": 0.0, "avg_download_mbps": null, "avg_upload_mbps": null, "avg_latency_ms": null, "network_tests": null, "school_count": 0, "healthcare_count": 0, "connectivity_quality": null, "connectivity_gap": null, "pop_norm": 0.0, "edu_exposure": 0.0, "score_education": null, "health_exposure": 0.0, "score_healthcare": null, "score_general": null, "priority_general": "No Data", "priority_education": "No Data", "priority_healthcare": "No Data", "cluster": 1, "ai_profile": "Moderate Coverage", "data_confidence": "No Data"}, "geometry": {"type": "Polygon", "coordinates": [[[101.31458155700005, 3.48500840700005], [101.31458155700005, 3.50300840700005], [101.33258155700005, 3.50300840700005], [101.33258155700005, 3.48500840700005], [101.31458155700005, 3.48500840700005]]]}}, {"id": "169", "type": "Feature", "properties": {"cell_id": "KS_169", "center_lon": 101.32358155700005, "center_lat": 3.51200840700005, "population": 0.0, "avg_download_mbps": null, "avg_upload_mbps": null, "avg_latency_ms": null, "network_tests": null, "school_count": 0, "healthcare_count": 0, "connectivity_quality": null, "connectivity_gap": null, "pop_norm": 0.0, "edu_exposure": 0.0, "score_education": null, "health_exposure": 0.0, "score_healthcare": null, "score_general": null, "priority_general": "No Data", "priority_education": "No Data", "priority_healthcare": "No Data", "cluster": 1, "ai_profile": "Moderate Coverage", "data_confidence": "No Data"}, "geometry": {"type": "Polygon", "coordinates": [[[101.31458155700005, 3.50300840700005], [101.31458155700005, 3.52100840700005], [101.33258155700005, 3.52100840700005], [101.33258155700005, 3.50300840700005], [101.31458155700005, 3.50300840700005]]]}}, {"id": "170", "type": "Feature", "properties": {"cell_id": "KS_170", "center_lon": 101.32358155700005, "center_lat": 3.5300084070000497, "population": 0.0, "avg_download_mbps": null, "avg_upload_mbps": null, "avg_latency_ms": null, "network_tests": null, "school_count": 0, "healthcare_count": 0, "connectivity_quality": null, "connectivity_gap": null, "pop_norm": 0.0, "edu_exposure": 0.0, "score_education": null, "health_exposure": 0.0, "score_healthcare": null, "score_general": null, "priority_general": "No Data", "priority_education": "No Data", "priority_healthcare": "No Data", "cluster": 1, "ai_profile": "Moderate Coverage", "data_confidence": "No Data"}, "geometry": {"type": "Polygon", "coordinates": [[[101.31458155700005, 3.52100840700005], [101.31458155700005, 3.53900840700005], [101.33258155700005, 3.53900840700005], [101.33258155700005, 3.52100840700005], [101.31458155700005, 3.52100840700005]]]}}, {"id": "171", "type": "Feature", "properties": {"cell_id": "KS_171", "center_lon": 101.32358155700005, "center_lat": 3.5480084070000495, "population": 0.0, "avg_download_mbps": null, "avg_upload_mbps": null, "avg_latency_ms": null, "network_tests": null, "school_count": 0, "healthcare_count": 0, "connectivity_quality": null, "connectivity_gap": null, "pop_norm": 0.0, "edu_exposure": 0.0, "score_education": null, "health_exposure": 0.0, "score_healthcare": null, "score_general": null, "priority_general": "No Data", "priority_education": "No Data", "priority_healthcare": "No Data", "cluster": 1, "ai_profile": "Moderate Coverage", "data_confidence": "No Data"}, "geometry": {"type": "Polygon", "coordinates": [[[101.31458155700005, 3.53900840700005], [101.31458155700005, 3.557008407000049], [101.33258155700005, 3.557008407000049], [101.33258155700005, 3.53900840700005], [101.31458155700005, 3.53900840700005]]]}}, {"id": "172", "type": "Feature", "properties": {"cell_id": "KS_172", "center_lon": 101.32358155700005, "center_lat": 3.5660084070000493, "population": 0.0, "avg_download_mbps": null, "avg_upload_mbps": null, "avg_latency_ms": null, "network_tests": null, "school_count": 0, "healthcare_count": 0, "connectivity_quality": null, "connectivity_gap": null, "pop_norm": 0.0, "edu_exposure": 0.0, "score_education": null, "health_exposure": 0.0, "score_healthcare": null, "score_general": null, "priority_general": "No Data", "priority_education": "No Data", "priority_healthcare": "No Data", "cluster": 1, "ai_profile": "Moderate Coverage", "data_confidence": "No Data"}, "geometry": {"type": "Polygon", "coordinates": [[[101.31458155700005, 3.557008407000049], [101.31458155700005, 3.575008407000049], [101.33258155700005, 3.575008407000049], [101.33258155700005, 3.557008407000049], [101.31458155700005, 3.557008407000049]]]}}, {"id": "173", "type": "Feature", "properties": {"cell_id": "KS_173", "center_lon": 101.32358155700005, "center_lat": 3.584008407000049, "population": 0.0, "avg_download_mbps": null, "avg_upload_mbps": null, "avg_latency_ms": null, "network_tests": null, "school_count": 0, "healthcare_count": 0, "connectivity_quality": null, "connectivity_gap": null, "pop_norm": 0.0, "edu_exposure": 0.0, "score_education": null, "health_exposure": 0.0, "score_healthcare": null, "score_general": null, "priority_general": "No Data", "priority_education": "No Data", "priority_healthcare": "No Data", "cluster": 1, "ai_profile": "Moderate Coverage", "data_confidence": "No Data"}, "geometry": {"type": "Polygon", "coordinates": [[[101.33258155700005, 3.575008407000049], [101.31458155700005, 3.575008407000049], [101.31458155700005, 3.586280727912226], [101.33258155700005, 3.592949642974844], [101.33258155700005, 3.575008407000049]]]}}, {"id": "174", "type": "Feature", "properties": {"cell_id": "KS_174", "center_lon": 101.34158155700005, "center_lat": 3.170008407000054, "population": 673.3316650390625, "avg_download_mbps": null, "avg_upload_mbps": null, "avg_latency_ms": null, "network_tests": null, "school_count": 0, "healthcare_count": 0, "connectivity_quality": null, "connectivity_gap": null, "pop_norm": 0.05617645642592671, "edu_exposure": 0.022470582570370684, "score_education": null, "health_exposure": 0.022470582570370684, "score_healthcare": null, "score_general": null, "priority_general": "No Data", "priority_education": "No Data", "priority_healthcare": "No Data", "cluster": 1, "ai_profile": "Moderate Coverage", "data_confidence": "No Data"}, "geometry": {"type": "Polygon", "coordinates": [[[101.33258155700005, 3.179008407000054], [101.35058155700005, 3.179008407000054], [101.35058155700005, 3.176086386208319], [101.34334104600003, 3.175980940000045], [101.34334104600003, 3.163622675000056], [101.33258155700005, 3.16314164112917], [101.33258155700005, 3.179008407000054]]]}}, {"id": "175", "type": "Feature", "properties": {"cell_id": "KS_175", "center_lon": 101.34158155700005, "center_lat": 3.1880084070000536, "population": 42.6109733581543, "avg_download_mbps": null, "avg_upload_mbps": null, "avg_latency_ms": null, "network_tests": null, "school_count": 0, "healthcare_count": 0, "connectivity_quality": null, "connectivity_gap": null, "pop_norm": 0.0035550585430759586, "edu_exposure": 0.0014220234172303836, "score_education": null, "health_exposure": 0.0014220234172303836, "score_healthcare": null, "score_general": null, "priority_general": "No Data", "priority_education": "No Data", "priority_healthcare": "No Data", "cluster": 1, "ai_profile": "Moderate Coverage", "data_confidence": "No Data"}, "geometry": {"type": "Polygon", "coordinates": [[[101.33258155700005, 3.179008407000054], [101.33258155700005, 3.197008407000054], [101.35058155700005, 3.197008407000054], [101.35058155700005, 3.179008407000054], [101.33258155700005, 3.179008407000054]]]}}, {"id": "176", "type": "Feature", "properties": {"cell_id": "KS_176", "center_lon": 101.34158155700005, "center_lat": 3.2060084070000534, "population": 32.42387771606445, "avg_download_mbps": null, "avg_upload_mbps": null, "avg_latency_ms": null, "network_tests": null, "school_count": 0, "healthcare_count": 0, "connectivity_quality": null, "connectivity_gap": null, "pop_norm": 0.002705143168293446, "edu_exposure": 0.0010820572673173785, "score_education": null, "health_exposure": 0.0010820572673173785, "score_healthcare": null, "score_general": null, "priority_general": "No Data", "priority_education": "No Data", "priority_healthcare": "No Data", "cluster": 1, "ai_profile": "Moderate Coverage", "data_confidence": "No Data"}, "geometry": {"type": "Polygon", "coordinates": [[[101.33258155700005, 3.197008407000054], [101.33258155700005, 3.215008407000053], [101.35058155700005, 3.215008407000053], [101.35058155700005, 3.197008407000054], [101.33258155700005, 3.197008407000054]]]}}, {"id": "177", "type": "Feature", "properties": {"cell_id": "KS_177", "center_lon": 101.34158155700005, "center_lat": 3.224008407000053, "population": 1131.775146484375, "avg_download_mbps": 143.208, "avg_upload_mbps": 6.721, "avg_latency_ms": 13.0, "network_tests": 2.0, "school_count": 0, "healthcare_count": 0, "connectivity_quality": 0.47952344450117385, "connectivity_gap": 0.5204765554988262, "pop_norm": 0.09442466543844756, "edu_exposure": 0.03776986617537903, "score_education": 4.516310156233309, "health_exposure": 0.03776986617537903, "score_healthcare": 4.315018156082083, "score_general": 10.60201128867635, "priority_general": "Low", "priority_education": "Low", "priority_healthcare": "Low", "cluster": 0, "ai_profile": "High-Impact Connectivity Gap", "data_confidence": "Low"}, "geometry": {"type": "Polygon", "coordinates": [[[101.33258155700005, 3.215008407000053], [101.33258155700005, 3.233008407000053], [101.35058155700005, 3.233008407000053], [101.35058155700005, 3.215008407000053], [101.33258155700005, 3.215008407000053]]]}}, {"id": "178", "type": "Feature", "properties": {"cell_id": "KS_178", "center_lon": 101.34158155700005, "center_lat": 3.242008407000053, "population": 676.4407958984375, "avg_download_mbps": 27.419, "avg_upload_mbps": 1.023, "avg_latency_ms": 21.0, "network_tests": 2.0, "school_count": 0, "healthcare_count": 0, "connectivity_quality": 0.3201105273120326, "connectivity_gap": 0.6798894726879674, "pop_norm": 0.05643585304027434, "edu_exposure": 0.02257434121610974, "score_education": 3.4902219560069683, "health_exposure": 0.02257434121610974, "score_healthcare": 3.3346627197736645, "score_general": 8.193275328201432, "priority_general": "Low", "priority_education": "Low", "priority_healthcare": "Low", "cluster": 0, "ai_profile": "High-Impact Connectivity Gap", "data_confidence": "Low"}, "geometry": {"type": "Polygon", "coordinates": [[[101.33258155700005, 3.233008407000053], [101.33258155700005, 3.251008407000053], [101.35058155700005, 3.251008407000053], [101.35058155700005, 3.233008407000053], [101.33258155700005, 3.233008407000053]]]}}, {"id": "179", "type": "Feature", "properties": {"cell_id": "KS_179", "center_lon": 101.34158155700005, "center_lat": 3.260008407000053, "population": 2028.540771484375, "avg_download_mbps": 243.94325, "avg_upload_mbps": 34.1925, "avg_latency_ms": 17.5, "network_tests": 20.0, "school_count": 0, "healthcare_count": 0, "connectivity_quality": 0.6664660791944609, "connectivity_gap": 0.3335339208055391, "pop_norm": 0.16924234842111088, "edu_exposure": 0.06769693936844436, "score_education": 5.2116481885475086, "health_exposure": 0.06769693936844436, "score_healthcare": 4.979364963599074, "score_general": 12.234313192890458, "priority_general": "Low", "priority_education": "Low", "priority_healthcare": "Low", "cluster": 2, "ai_profile": "Well-Served Urban", "data_confidence": "High"}, "geometry": {"type": "Polygon", "coordinates": [[[101.33258155700005, 3.251008407000053], [101.33258155700005, 3.269008407000053], [101.35058155700005, 3.269008407000053], [101.35058155700005, 3.251008407000053], [101.33258155700005, 3.251008407000053]]]}}, {"id": "180", "type": "Feature", "properties": {"cell_id": "KS_180", "center_lon": 101.34158155700005, "center_lat": 3.2780084070000526, "population": 3628.44482421875, "avg_download_mbps": 152.618125, "avg_upload_mbps": 19.926125, "avg_latency_ms": 23.25, "network_tests": 66.0, "school_count": 0, "healthcare_count": 0, "connectivity_quality": 0.5149022165801469, "connectivity_gap": 0.4850977834198531, "pop_norm": 0.30272328355414385, "edu_exposure": 0.12108931342165755, "score_education": 13.819990720610928, "health_exposure": 0.12108931342165755, "score_healthcare": 13.204033561339282, "score_general": 32.44234619872071, "priority_general": "Low", "priority_education": "Low", "priority_healthcare": "Low", "cluster": 2, "ai_profile": "Well-Served Urban", "data_confidence": "High"}, "geometry": {"type": "Polygon", "coordinates": [[[101.33258155700005, 3.269008407000053], [101.33258155700005, 3.287008407000052], [101.35058155700005, 3.287008407000052], [101.35058155700005, 3.269008407000053], [101.33258155700005, 3.269008407000053]]]}}, {"id": "181", "type": "Feature", "properties": {"cell_id": "KS_181", "center_lon": 101.34158155700005, "center_lat": 3.2960084070000524, "population": 18.96124267578125, "avg_download_mbps": null, "avg_upload_mbps": null, "avg_latency_ms": null, "network_tests": null, "school_count": 0, "healthcare_count": 0, "connectivity_quality": null, "connectivity_gap": null, "pop_norm": 0.0015819476169974163, "edu_exposure": 0.0006327790467989666, "score_education": null, "health_exposure": 0.0006327790467989666, "score_healthcare": null, "score_general": null, "priority_general": "No Data", "priority_education": "No Data", "priority_healthcare": "No Data", "cluster": 1, "ai_profile": "Moderate Coverage", "data_confidence": "No Data"}, "geometry": {"type": "Polygon", "coordinates": [[[101.33258155700005, 3.287008407000052], [101.33258155700005, 3.305008407000052], [101.35058155700005, 3.305008407000052], [101.35058155700005, 3.287008407000052], [101.33258155700005, 3.287008407000052]]]}}, {"id": "182", "type": "Feature", "properties": {"cell_id": "KS_182", "center_lon": 101.34158155700005, "center_lat": 3.314008407000052, "population": 28.67813491821289, "avg_download_mbps": null, "avg_upload_mbps": null, "avg_latency_ms": null, "network_tests": null, "school_count": 0, "healthcare_count": 0, "connectivity_quality": null, "connectivity_gap": null, "pop_norm": 0.0023926336458814416, "edu_exposure": 0.0009570534583525766, "score_education": null, "health_exposure": 0.0009570534583525766, "score_healthcare": null, "score_general": null, "priority_general": "No Data", "priority_education": "No Data", "priority_healthcare": "No Data", "cluster": 1, "ai_profile": "Moderate Coverage", "data_confidence": "No Data"}, "geometry": {"type": "Polygon", "coordinates": [[[101.33258155700005, 3.305008407000052], [101.33258155700005, 3.323008407000052], [101.35058155700005, 3.323008407000052], [101.35058155700005, 3.305008407000052], [101.33258155700005, 3.305008407000052]]]}}, {"id": "183", "type": "Feature", "properties": {"cell_id": "KS_183", "center_lon": 101.34158155700005, "center_lat": 3.332008407000052, "population": 5.183526039123535, "avg_download_mbps": null, "avg_upload_mbps": null, "avg_latency_ms": null, "network_tests": null, "school_count": 0, "healthcare_count": 0, "connectivity_quality": null, "connectivity_gap": null, "pop_norm": 0.00043246462299168214, "edu_exposure": 0.00017298584919667287, "score_education": null, "health_exposure": 0.00017298584919667287, "score_healthcare": null, "score_general": null, "priority_general": "No Data", "priority_education": "No Data", "priority_healthcare": "No Data", "cluster": 1, "ai_profile": "Moderate Coverage", "data_confidence": "No Data"}, "geometry": {"type": "Polygon", "coordinates": [[[101.33258155700005, 3.323008407000052], [101.33258155700005, 3.341008407000052], [101.35058155700005, 3.341008407000052], [101.35058155700005, 3.323008407000052], [101.33258155700005, 3.323008407000052]]]}}, {"id": "184", "type": "Feature", "properties": {"cell_id": "KS_184", "center_lon": 101.34158155700005, "center_lat": 3.3500084070000518, "population": 43.850101470947266, "avg_download_mbps": null, "avg_upload_mbps": null, "avg_latency_ms": null, "network_tests": null, "school_count": 0, "healthcare_count": 0, "connectivity_quality": null, "connectivity_gap": null, "pop_norm": 0.0036584397295680816, "edu_exposure": 0.0014633758918272328, "score_education": null, "health_exposure": 0.0014633758918272328, "score_healthcare": null, "score_general": null, "priority_general": "No Data", "priority_education": "No Data", "priority_healthcare": "No Data", "cluster": 1, "ai_profile": "Moderate Coverage", "data_confidence": "No Data"}, "geometry": {"type": "Polygon", "coordinates": [[[101.33258155700005, 3.341008407000052], [101.33258155700005, 3.359008407000052], [101.35058155700005, 3.359008407000052], [101.35058155700005, 3.341008407000052], [101.33258155700005, 3.341008407000052]]]}}, {"id": "185", "type": "Feature", "properties": {"cell_id": "KS_185", "center_lon": 101.34158155700005, "center_lat": 3.3680084070000516, "population": 731.34619140625, "avg_download_mbps": 101.45566666666667, "avg_upload_mbps": 12.918, "avg_latency_ms": 20.666666666666668, "network_tests": 6.0, "school_count": 1, "healthcare_count": 0, "connectivity_quality": 0.4390824873230551, "connectivity_gap": 0.5609175126769449, "pop_norm": 0.061016642446805464, "edu_exposure": 0.32440665682872216, "score_education": 43.15454667629715, "health_exposure": 0.024406656978722185, "score_healthcare": 2.9575714693695643, "score_general": 7.266761105309875, "priority_general": "Low", "priority_education": "Medium", "priority_healthcare": "Low", "cluster": 0, "ai_profile": "High-Impact Connectivity Gap", "data_confidence": "Medium"}, "geometry": {"type": "Polygon", "coordinates": [[[101.33258155700005, 3.359008407000052], [101.33258155700005, 3.377008407000051], [101.35058155700005, 3.377008407000051], [101.35058155700005, 3.359008407000052], [101.33258155700005, 3.359008407000052]]]}}, {"id": "186", "type": "Feature", "properties": {"cell_id": "KS_186", "center_lon": 101.34158155700005, "center_lat": 3.3860084070000513, "population": 138.08639526367188, "avg_download_mbps": null, "avg_upload_mbps": null, "avg_latency_ms": null, "network_tests": null, "school_count": 0, "healthcare_count": 0, "connectivity_quality": null, "connectivity_gap": null, "pop_norm": 0.011520629088627417, "edu_exposure": 0.004608251635450967, "score_education": null, "health_exposure": 0.004608251635450967, "score_healthcare": null, "score_general": null, "priority_general": "No Data", "priority_education": "No Data", "priority_healthcare": "No Data", "cluster": 1, "ai_profile": "Moderate Coverage", "data_confidence": "No Data"}, "geometry": {"type": "Polygon", "coordinates": [[[101.33258155700005, 3.377008407000051], [101.33258155700005, 3.395008407000051], [101.35058155700005, 3.395008407000051], [101.35058155700005, 3.377008407000051], [101.33258155700005, 3.377008407000051]]]}}, {"id": "187", "type": "Feature", "properties": {"cell_id": "KS_187", "center_lon": 101.34158155700005, "center_lat": 3.404008407000051, "population": 30.617263793945312, "avg_download_mbps": 4.197, "avg_upload_mbps": 4.969, "avg_latency_ms": 33.666666666666664, "network_tests": 3.0, "school_count": 0, "healthcare_count": 0, "connectivity_quality": 0.28966770191049507, "connectivity_gap": 0.7103322980895049, "pop_norm": 0.002554416307306579, "edu_exposure": 0.0010217665229226315, "score_education": 0.00929811406007382, "health_exposure": 0.0010217665229226315, "score_healthcare": 0.008883697000119845, "score_general": 0.02182726757422698, "priority_general": "Low", "priority_education": "Low", "priority_healthcare": "Low", "cluster": 0, "ai_profile": "High-Impact Connectivity Gap", "data_confidence": "Low"}, "geometry": {"type": "Polygon", "coordinates": [[[101.33258155700005, 3.395008407000051], [101.33258155700005, 3.413008407000051], [101.35058155700005, 3.413008407000051], [101.35058155700005, 3.395008407000051], [101.33258155700005, 3.395008407000051]]]}}, {"id": "188", "type": "Feature", "properties": {"cell_id": "KS_188", "center_lon": 101.34158155700005, "center_lat": 3.422008407000051, "population": 111.84107971191406, "avg_download_mbps": null, "avg_upload_mbps": null, "avg_latency_ms": null, "network_tests": null, "school_count": 0, "healthcare_count": 0, "connectivity_quality": null, "connectivity_gap": null, "pop_norm": 0.009330966991876797, "edu_exposure": 0.003732386796750719, "score_education": null, "health_exposure": 0.003732386796750719, "score_healthcare": null, "score_general": null, "priority_general": "No Data", "priority_education": "No Data", "priority_healthcare": "No Data", "cluster": 1, "ai_profile": "Moderate Coverage", "data_confidence": "No Data"}, "geometry": {"type": "Polygon", "coordinates": [[[101.33258155700005, 3.413008407000051], [101.33258155700005, 3.431008407000051], [101.35058155700005, 3.431008407000051], [101.35058155700005, 3.413008407000051], [101.33258155700005, 3.413008407000051]]]}}, {"id": "189", "type": "Feature", "properties": {"cell_id": "KS_189", "center_lon": 101.34158155700005, "center_lat": 3.4400084070000507, "population": 0.0, "avg_download_mbps": null, "avg_upload_mbps": null, "avg_latency_ms": null, "network_tests": null, "school_count": 0, "healthcare_count": 0, "connectivity_quality": null, "connectivity_gap": null, "pop_norm": 0.0, "edu_exposure": 0.0, "score_education": null, "health_exposure": 0.0, "score_healthcare": null, "score_general": null, "priority_general": "No Data", "priority_education": "No Data", "priority_healthcare": "No Data", "cluster": 1, "ai_profile": "Moderate Coverage", "data_confidence": "No Data"}, "geometry": {"type": "Polygon", "coordinates": [[[101.33258155700005, 3.431008407000051], [101.33258155700005, 3.449008407000051], [101.35058155700005, 3.449008407000051], [101.35058155700005, 3.431008407000051], [101.33258155700005, 3.431008407000051]]]}}, {"id": "190", "type": "Feature", "properties": {"cell_id": "KS_190", "center_lon": 101.34158155700005, "center_lat": 3.4580084070000505, "population": 0.0, "avg_download_mbps": null, "avg_upload_mbps": null, "avg_latency_ms": null, "network_tests": null, "school_count": 0, "healthcare_count": 0, "connectivity_quality": null, "connectivity_gap": null, "pop_norm": 0.0, "edu_exposure": 0.0, "score_education": null, "health_exposure": 0.0, "score_healthcare": null, "score_general": null, "priority_general": "No Data", "priority_education": "No Data", "priority_healthcare": "No Data", "cluster": 1, "ai_profile": "Moderate Coverage", "data_confidence": "No Data"}, "geometry": {"type": "Polygon", "coordinates": [[[101.33258155700005, 3.449008407000051], [101.33258155700005, 3.46700840700005], [101.35058155700005, 3.46700840700005], [101.35058155700005, 3.449008407000051], [101.33258155700005, 3.449008407000051]]]}}, {"id": "191", "type": "Feature", "properties": {"cell_id": "KS_191", "center_lon": 101.34158155700005, "center_lat": 3.4760084070000503, "population": 0.0, "avg_download_mbps": null, "avg_upload_mbps": null, "avg_latency_ms": null, "network_tests": null, "school_count": 0, "healthcare_count": 0, "connectivity_quality": null, "connectivity_gap": null, "pop_norm": 0.0, "edu_exposure": 0.0, "score_education": null, "health_exposure": 0.0, "score_healthcare": null, "score_general": null, "priority_general": "No Data", "priority_education": "No Data", "priority_healthcare": "No Data", "cluster": 1, "ai_profile": "Moderate Coverage", "data_confidence": "No Data"}, "geometry": {"type": "Polygon", "coordinates": [[[101.33258155700005, 3.46700840700005], [101.33258155700005, 3.48500840700005], [101.35058155700005, 3.48500840700005], [101.35058155700005, 3.46700840700005], [101.33258155700005, 3.46700840700005]]]}}, {"id": "192", "type": "Feature", "properties": {"cell_id": "KS_192", "center_lon": 101.34158155700005, "center_lat": 3.49400840700005, "population": 0.0, "avg_download_mbps": null, "avg_upload_mbps": null, "avg_latency_ms": null, "network_tests": null, "school_count": 0, "healthcare_count": 0, "connectivity_quality": null, "connectivity_gap": null, "pop_norm": 0.0, "edu_exposure": 0.0, "score_education": null, "health_exposure": 0.0, "score_healthcare": null, "score_general": null, "priority_general": "No Data", "priority_education": "No Data", "priority_healthcare": "No Data", "cluster": 1, "ai_profile": "Moderate Coverage", "data_confidence": "No Data"}, "geometry": {"type": "Polygon", "coordinates": [[[101.33258155700005, 3.48500840700005], [101.33258155700005, 3.50300840700005], [101.35058155700005, 3.50300840700005], [101.35058155700005, 3.48500840700005], [101.33258155700005, 3.48500840700005]]]}}, {"id": "193", "type": "Feature", "properties": {"cell_id": "KS_193", "center_lon": 101.34158155700005, "center_lat": 3.51200840700005, "population": 0.0, "avg_download_mbps": null, "avg_upload_mbps": null, "avg_latency_ms": null, "network_tests": null, "school_count": 0, "healthcare_count": 0, "connectivity_quality": null, "connectivity_gap": null, "pop_norm": 0.0, "edu_exposure": 0.0, "score_education": null, "health_exposure": 0.0, "score_healthcare": null, "score_general": null, "priority_general": "No Data", "priority_education": "No Data", "priority_healthcare": "No Data", "cluster": 1, "ai_profile": "Moderate Coverage", "data_confidence": "No Data"}, "geometry": {"type": "Polygon", "coordinates": [[[101.33258155700005, 3.50300840700005], [101.33258155700005, 3.52100840700005], [101.35058155700005, 3.52100840700005], [101.35058155700005, 3.50300840700005], [101.33258155700005, 3.50300840700005]]]}}, {"id": "194", "type": "Feature", "properties": {"cell_id": "KS_194", "center_lon": 101.34158155700005, "center_lat": 3.5300084070000497, "population": 0.0, "avg_download_mbps": null, "avg_upload_mbps": null, "avg_latency_ms": null, "network_tests": null, "school_count": 0, "healthcare_count": 0, "connectivity_quality": null, "connectivity_gap": null, "pop_norm": 0.0, "edu_exposure": 0.0, "score_education": null, "health_exposure": 0.0, "score_healthcare": null, "score_general": null, "priority_general": "No Data", "priority_education": "No Data", "priority_healthcare": "No Data", "cluster": 1, "ai_profile": "Moderate Coverage", "data_confidence": "No Data"}, "geometry": {"type": "Polygon", "coordinates": [[[101.33258155700005, 3.52100840700005], [101.33258155700005, 3.53900840700005], [101.35058155700005, 3.53900840700005], [101.35058155700005, 3.52100840700005], [101.33258155700005, 3.52100840700005]]]}}, {"id": "195", "type": "Feature", "properties": {"cell_id": "KS_195", "center_lon": 101.34158155700005, "center_lat": 3.5480084070000495, "population": 0.0, "avg_download_mbps": null, "avg_upload_mbps": null, "avg_latency_ms": null, "network_tests": null, "school_count": 0, "healthcare_count": 0, "connectivity_quality": null, "connectivity_gap": null, "pop_norm": 0.0, "edu_exposure": 0.0, "score_education": null, "health_exposure": 0.0, "score_healthcare": null, "score_general": null, "priority_general": "No Data", "priority_education": "No Data", "priority_healthcare": "No Data", "cluster": 1, "ai_profile": "Moderate Coverage", "data_confidence": "No Data"}, "geometry": {"type": "Polygon", "coordinates": [[[101.33258155700005, 3.53900840700005], [101.33258155700005, 3.557008407000049], [101.35058155700005, 3.557008407000049], [101.35058155700005, 3.53900840700005], [101.33258155700005, 3.53900840700005]]]}}, {"id": "196", "type": "Feature", "properties": {"cell_id": "KS_196", "center_lon": 101.34158155700005, "center_lat": 3.5660084070000493, "population": 0.0, "avg_download_mbps": null, "avg_upload_mbps": null, "avg_latency_ms": null, "network_tests": null, "school_count": 0, "healthcare_count": 0, "connectivity_quality": null, "connectivity_gap": null, "pop_norm": 0.0, "edu_exposure": 0.0, "score_education": null, "health_exposure": 0.0, "score_healthcare": null, "score_general": null, "priority_general": "No Data", "priority_education": "No Data", "priority_healthcare": "No Data", "cluster": 1, "ai_profile": "Moderate Coverage", "data_confidence": "No Data"}, "geometry": {"type": "Polygon", "coordinates": [[[101.33258155700005, 3.557008407000049], [101.33258155700005, 3.575008407000049], [101.35058155700005, 3.575008407000049], [101.35058155700005, 3.557008407000049], [101.33258155700005, 3.557008407000049]]]}}, {"id": "197", "type": "Feature", "properties": {"cell_id": "KS_197", "center_lon": 101.34158155700005, "center_lat": 3.584008407000049, "population": 0.0, "avg_download_mbps": null, "avg_upload_mbps": null, "avg_latency_ms": null, "network_tests": null, "school_count": 0, "healthcare_count": 0, "connectivity_quality": null, "connectivity_gap": null, "pop_norm": 0.0, "edu_exposure": 0.0, "score_education": null, "health_exposure": 0.0, "score_healthcare": null, "score_general": null, "priority_general": "No Data", "priority_education": "No Data", "priority_healthcare": "No Data", "cluster": 1, "ai_profile": "Moderate Coverage", "data_confidence": "No Data"}, "geometry": {"type": "Polygon", "coordinates": [[[101.35058155700005, 3.593008407000049], [101.35058155700005, 3.575008407000049], [101.33258155700005, 3.575008407000049], [101.33258155700005, 3.592949642974844], [101.3327401663756, 3.593008407000049], [101.35058155700005, 3.593008407000049]]]}}, {"id": "198", "type": "Feature", "properties": {"cell_id": "KS_198", "center_lon": 101.34158155700005, "center_lat": 3.602008407000049, "population": 0.0, "avg_download_mbps": null, "avg_upload_mbps": null, "avg_latency_ms": null, "network_tests": null, "school_count": 0, "healthcare_count": 0, "connectivity_quality": null, "connectivity_gap": null, "pop_norm": 0.0, "edu_exposure": 0.0, "score_education": null, "health_exposure": 0.0, "score_healthcare": null, "score_general": null, "priority_general": "No Data", "priority_education": "No Data", "priority_healthcare": "No Data", "cluster": 1, "ai_profile": "Moderate Coverage", "data_confidence": "No Data"}, "geometry": {"type": "Polygon", "coordinates": [[[101.35058155700005, 3.593008407000049], [101.3327401663756, 3.593008407000049], [101.34949989400008, 3.599217807000059], [101.34941411200003, 3.599783597000055], [101.35058155700005, 3.598642783965706], [101.35058155700005, 3.593008407000049]]]}}, {"id": "199", "type": "Feature", "properties": {"cell_id": "KS_199", "center_lon": 101.35958155700006, "center_lat": 3.170008407000054, "population": 72.29086303710938, "avg_download_mbps": null, "avg_upload_mbps": null, "avg_latency_ms": null, "network_tests": null, "school_count": 0, "healthcare_count": 0, "connectivity_quality": null, "connectivity_gap": null, "pop_norm": 0.00603126917722073, "edu_exposure": 0.0024125076708882923, "score_education": null, "health_exposure": 0.0024125076708882923, "score_healthcare": null, "score_general": null, "priority_general": "No Data", "priority_education": "No Data", "priority_healthcare": "No Data", "cluster": 1, "ai_profile": "Moderate Coverage", "data_confidence": "No Data"}, "geometry": {"type": "Polygon", "coordinates": [[[101.35058155700005, 3.179008407000054], [101.36858155700006, 3.179008407000054], [101.36858155700006, 3.176348526787751], [101.35058155700005, 3.176086386208319], [101.35058155700005, 3.179008407000054]]]}}, {"id": "200", "type": "Feature", "properties": {"cell_id": "KS_200", "center_lon": 101.35958155700006, "center_lat": 3.1880084070000536, "population": 367.60089111328125, "avg_download_mbps": 8.12825, "avg_upload_mbps": 1.41675, "avg_latency_ms": 50.5, "network_tests": 20.0, "school_count": 0, "healthcare_count": 0, "connectivity_quality": 0.26600588665185215, "connectivity_gap": 0.7339941133481478, "pop_norm": 0.030669158327135945, "edu_exposure": 0.012267663330854378, "score_education": 1.9800718549022407, "health_exposure": 0.012267663330854378, "score_healthcare": 1.8918200275634296, "score_general": 4.6482069281911835, "priority_general": "Low", "priority_education": "Low", "priority_healthcare": "Low", "cluster": 0, "ai_profile": "High-Impact Connectivity Gap", "data_confidence": "High"}, "geometry": {"type": "Polygon", "coordinates": [[[101.35058155700005, 3.179008407000054], [101.35058155700005, 3.197008407000054], [101.36858155700006, 3.197008407000054], [101.36858155700006, 3.179008407000054], [101.35058155700005, 3.179008407000054]]]}}, {"id": "201", "type": "Feature", "properties": {"cell_id": "KS_201", "center_lon": 101.35958155700006, "center_lat": 3.2060084070000534, "population": 25.476287841796875, "avg_download_mbps": null, "avg_upload_mbps": null, "avg_latency_ms": null, "network_tests": null, "school_count": 0, "healthcare_count": 0, "connectivity_quality": null, "connectivity_gap": null, "pop_norm": 0.0021255016630712612, "edu_exposure": 0.0008502006652285045, "score_education": null, "health_exposure": 0.0008502006652285045, "score_healthcare": null, "score_general": null, "priority_general": "No Data", "priority_education": "No Data", "priority_healthcare": "No Data", "cluster": 1, "ai_profile": "Moderate Coverage", "data_confidence": "No Data"}, "geometry": {"type": "Polygon", "coordinates": [[[101.35058155700005, 3.197008407000054], [101.35058155700005, 3.215008407000053], [101.36858155700006, 3.215008407000053], [101.36858155700006, 3.197008407000054], [101.35058155700005, 3.197008407000054]]]}}, {"id": "202", "type": "Feature", "properties": {"cell_id": "KS_202", "center_lon": 101.35958155700006, "center_lat": 3.224008407000053, "population": 665.4556274414062, "avg_download_mbps": 21.0195, "avg_upload_mbps": 30.85, "avg_latency_ms": 18.0, "network_tests": 6.0, "school_count": 0, "healthcare_count": 0, "connectivity_quality": 0.396698073222045, "connectivity_gap": 0.603301926777955, "pop_norm": 0.05551935398163868, "edu_exposure": 0.022207741592655473, "score_education": 3.0259919939272804, "health_exposure": 0.022207741592655473, "score_healthcare": 2.8911234929102405, "score_general": 7.103498247298845, "priority_general": "Low", "priority_education": "Low", "priority_healthcare": "Low", "cluster": 0, "ai_profile": "High-Impact Connectivity Gap", "data_confidence": "Medium"}, "geometry": {"type": "Polygon", "coordinates": [[[101.35058155700005, 3.215008407000053], [101.35058155700005, 3.233008407000053], [101.36858155700006, 3.233008407000053], [101.36858155700006, 3.215008407000053], [101.35058155700005, 3.215008407000053]]]}}, {"id": "203", "type": "Feature", "properties": {"cell_id": "KS_203", "center_lon": 101.35958155700006, "center_lat": 3.242008407000053, "population": 333.54669189453125, "avg_download_mbps": 294.6725, "avg_upload_mbps": 58.6495, "avg_latency_ms": 25.5, "network_tests": 2.0, "school_count": 0, "healthcare_count": 0, "connectivity_quality": 0.7830142012553004, "connectivity_gap": 0.2169857987446996, "pop_norm": 0.02782799647798846, "edu_exposure": 0.011131198591195384, "score_education": 0.41149880634276315, "health_exposure": 0.011131198591195384, "score_healthcare": 0.3931582993972305, "score_general": 0.965991005755328, "priority_general": "Low", "priority_education": "Low", "priority_healthcare": "Low", "cluster": 2, "ai_profile": "Well-Served Urban", "data_confidence": "Low"}, "geometry": {"type": "Polygon", "coordinates": [[[101.35058155700005, 3.233008407000053], [101.35058155700005, 3.251008407000053], [101.36858155700006, 3.251008407000053], [101.36858155700006, 3.233008407000053], [101.35058155700005, 3.233008407000053]]]}}, {"id": "204", "type": "Feature", "properties": {"cell_id": "KS_204", "center_lon": 101.35958155700006, "center_lat": 3.260008407000053, "population": 2939.36181640625, "avg_download_mbps": 152.05275, "avg_upload_mbps": 18.985625, "avg_latency_ms": 22.25, "network_tests": 36.0, "school_count": 0, "healthcare_count": 0, "connectivity_quality": 0.5128036691254538, "connectivity_gap": 0.48719633087454617, "pop_norm": 0.24523268334602843, "edu_exposure": 0.09809307333841139, "score_education": 11.21337461880624, "health_exposure": 0.09809307333841139, "score_healthcare": 10.713594371794372, "score_general": 26.323330369296972, "priority_general": "Low", "priority_education": "Low", "priority_healthcare": "Low", "cluster": 0, "ai_profile": "High-Impact Connectivity Gap", "data_confidence": "High"}, "geometry": {"type": "Polygon", "coordinates": [[[101.35058155700005, 3.251008407000053], [101.35058155700005, 3.269008407000053], [101.36858155700006, 3.269008407000053], [101.36858155700006, 3.251008407000053], [101.35058155700005, 3.251008407000053]]]}}, {"id": "205", "type": "Feature", "properties": {"cell_id": "KS_205", "center_lon": 101.35958155700006, "center_lat": 3.2780084070000526, "population": 4338.251953125, "avg_download_mbps": 84.005125, "avg_upload_mbps": 18.770375, "avg_latency_ms": 22.125, "network_tests": 97.0, "school_count": 0, "healthcare_count": 0, "connectivity_quality": 0.432943232926304, "connectivity_gap": 0.567056767073696, "pop_norm": 0.36194290936143575, "edu_exposure": 0.1447771637445743, "score_education": 19.380206517741502, "health_exposure": 0.1447771637445743, "score_healthcare": 18.51643047084715, "score_general": 45.49491978410528, "priority_general": "Medium", "priority_education": "Low", "priority_healthcare": "Low", "cluster": 0, "ai_profile": "High-Impact Connectivity Gap", "data_confidence": "High"}, "geometry": {"type": "Polygon", "coordinates": [[[101.35058155700005, 3.269008407000053], [101.35058155700005, 3.287008407000052], [101.36858155700006, 3.287008407000052], [101.36858155700006, 3.269008407000053], [101.35058155700005, 3.269008407000053]]]}}, {"id": "206", "type": "Feature", "properties": {"cell_id": "KS_206", "center_lon": 101.35958155700006, "center_lat": 3.2960084070000524, "population": 282.73919677734375, "avg_download_mbps": 17.47, "avg_upload_mbps": 3.474, "avg_latency_ms": 26.0, "network_tests": 2.0, "school_count": 2, "healthcare_count": 1, "connectivity_quality": 0.309598637107585, "connectivity_gap": 0.690401362892415, "pop_norm": 0.023589097308742372, "edu_exposure": 0.6094356386234969, "score_education": 99.99999999761945, "health_exposure": 0.6094356383234969, "score_healthcare": 95.54299869986329, "score_general": 3.2566969060908524, "priority_general": "Low", "priority_education": "High", "priority_healthcare": "High", "cluster": 3, "ai_profile": "Moderate Coverage", "data_confidence": "Low"}, "geometry": {"type": "Polygon", "coordinates": [[[101.35058155700005, 3.287008407000052], [101.35058155700005, 3.305008407000052], [101.36858155700006, 3.305008407000052], [101.36858155700006, 3.287008407000052], [101.35058155700005, 3.287008407000052]]]}}, {"id": "207", "type": "Feature", "properties": {"cell_id": "KS_207", "center_lon": 101.35958155700006, "center_lat": 3.314008407000052, "population": 196.3694610595703, "avg_download_mbps": 64.8405, "avg_upload_mbps": 5.945, "avg_latency_ms": 25.0, "network_tests": 2.0, "school_count": 0, "healthcare_count": 0, "connectivity_quality": 0.372678679860317, "connectivity_gap": 0.627321320139683, "pop_norm": 0.016383219511822148, "edu_exposure": 0.00655328780472886, "score_education": 0.8151723263308923, "health_exposure": 0.00655328780472886, "score_healthcare": 0.7788400855505281, "score_general": 1.9136121982341152, "priority_general": "Low", "priority_education": "Low", "priority_healthcare": "Low", "cluster": 0, "ai_profile": "High-Impact Connectivity Gap", "data_confidence": "Low"}, "geometry": {"type": "Polygon", "coordinates": [[[101.35058155700005, 3.305008407000052], [101.35058155700005, 3.323008407000052], [101.36858155700006, 3.323008407000052], [101.36858155700006, 3.305008407000052], [101.35058155700005, 3.305008407000052]]]}}, {"id": "208", "type": "Feature", "properties": {"cell_id": "KS_208", "center_lon": 101.35958155700006, "center_lat": 3.332008407000052, "population": 14.993779182434082, "avg_download_mbps": null, "avg_upload_mbps": null, "avg_latency_ms": null, "network_tests": null, "school_count": 0, "healthcare_count": 0, "connectivity_quality": null, "connectivity_gap": null, "pop_norm": 0.0012509398066896354, "edu_exposure": 0.0005003759226758542, "score_education": null, "health_exposure": 0.0005003759226758542, "score_healthcare": null, "score_general": null, "priority_general": "No Data", "priority_education": "No Data", "priority_healthcare": "No Data", "cluster": 1, "ai_profile": "Moderate Coverage", "data_confidence": "No Data"}, "geometry": {"type": "Polygon", "coordinates": [[[101.35058155700005, 3.323008407000052], [101.35058155700005, 3.341008407000052], [101.36858155700006, 3.341008407000052], [101.36858155700006, 3.323008407000052], [101.35058155700005, 3.323008407000052]]]}}, {"id": "209", "type": "Feature", "properties": {"cell_id": "KS_209", "center_lon": 101.35958155700006, "center_lat": 3.3500084070000518, "population": 160.16482543945312, "avg_download_mbps": null, "avg_upload_mbps": null, "avg_latency_ms": null, "network_tests": null, "school_count": 0, "healthcare_count": 0, "connectivity_quality": null, "connectivity_gap": null, "pop_norm": 0.013362645490233431, "edu_exposure": 0.005345058196093373, "score_education": null, "health_exposure": 0.005345058196093373, "score_healthcare": null, "score_general": null, "priority_general": "No Data", "priority_education": "No Data", "priority_healthcare": "No Data", "cluster": 1, "ai_profile": "Moderate Coverage", "data_confidence": "No Data"}, "geometry": {"type": "Polygon", "coordinates": [[[101.35058155700005, 3.341008407000052], [101.35058155700005, 3.359008407000052], [101.36858155700006, 3.359008407000052], [101.36858155700006, 3.341008407000052], [101.35058155700005, 3.341008407000052]]]}}, {"id": "210", "type": "Feature", "properties": {"cell_id": "KS_210", "center_lon": 101.35958155700006, "center_lat": 3.3680084070000516, "population": 287.8436279296875, "avg_download_mbps": 16.138, "avg_upload_mbps": 3.243, "avg_latency_ms": 24.0, "network_tests": 1.0, "school_count": 0, "healthcare_count": 0, "connectivity_quality": 0.30963285876478097, "connectivity_gap": 0.690367141235219, "pop_norm": 0.02401496299885832, "edu_exposure": 0.009605985199543329, "score_education": 1.415226751478665, "health_exposure": 0.009605985199543329, "score_healthcare": 1.3521500774642627, "score_general": 3.322236400107517, "priority_general": "Low", "priority_education": "Low", "priority_healthcare": "Low", "cluster": 0, "ai_profile": "High-Impact Connectivity Gap", "data_confidence": "Low"}, "geometry": {"type": "Polygon", "coordinates": [[[101.35058155700005, 3.359008407000052], [101.35058155700005, 3.377008407000051], [101.36858155700006, 3.377008407000051], [101.36858155700006, 3.359008407000052], [101.35058155700005, 3.359008407000052]]]}}, {"id": "211", "type": "Feature", "properties": {"cell_id": "KS_211", "center_lon": 101.35958155700006, "center_lat": 3.3860084070000513, "population": 153.30812072753906, "avg_download_mbps": null, "avg_upload_mbps": null, "avg_latency_ms": null, "network_tests": null, "school_count": 0, "healthcare_count": 0, "connectivity_quality": null, "connectivity_gap": null, "pop_norm": 0.012790586587505398, "edu_exposure": 0.005116234635002159, "score_education": null, "health_exposure": 0.005116234635002159, "score_healthcare": null, "score_general": null, "priority_general": "No Data", "priority_education": "No Data", "priority_healthcare": "No Data", "cluster": 1, "ai_profile": "Moderate Coverage", "data_confidence": "No Data"}, "geometry": {"type": "Polygon", "coordinates": [[[101.35058155700005, 3.377008407000051], [101.35058155700005, 3.395008407000051], [101.36858155700006, 3.395008407000051], [101.36858155700006, 3.377008407000051], [101.35058155700005, 3.377008407000051]]]}}, {"id": "212", "type": "Feature", "properties": {"cell_id": "KS_212", "center_lon": 101.35958155700006, "center_lat": 3.404008407000051, "population": 643.4803466796875, "avg_download_mbps": 37.814, "avg_upload_mbps": 9.791, "avg_latency_ms": 28.666666666666668, "network_tests": 27.0, "school_count": 0, "healthcare_count": 0, "connectivity_quality": 0.34748816731474086, "connectivity_gap": 0.6525118326852591, "pop_norm": 0.053685943396252676, "edu_exposure": 0.021474377358501072, "score_education": 3.172232926524793, "health_exposure": 0.021474377358501072, "score_healthcare": 3.0308464653127687, "score_general": 7.446797968671056, "priority_general": "Low", "priority_education": "Low", "priority_healthcare": "Low", "cluster": 0, "ai_profile": "High-Impact Connectivity Gap", "data_confidence": "High"}, "geometry": {"type": "Polygon", "coordinates": [[[101.35058155700005, 3.395008407000051], [101.35058155700005, 3.413008407000051], [101.36858155700006, 3.413008407000051], [101.36858155700006, 3.395008407000051], [101.35058155700005, 3.395008407000051]]]}}, {"id": "213", "type": "Feature", "properties": {"cell_id": "KS_213", "center_lon": 101.35958155700006, "center_lat": 3.422008407000051, "population": 190.67239379882812, "avg_download_mbps": 27.09, "avg_upload_mbps": 1.171, "avg_latency_ms": 28.0, "network_tests": 1.0, "school_count": 0, "healthcare_count": 0, "connectivity_quality": 0.31237808819528967, "connectivity_gap": 0.6876219118047103, "pop_norm": 0.01590790984298296, "edu_exposure": 0.006363163937193184, "score_education": 0.878122492734773, "health_exposure": 0.006363163937193184, "score_healthcare": 0.8389845622504364, "score_general": 2.0613873402749845, "priority_general": "Low", "priority_education": "Low", "priority_healthcare": "Low", "cluster": 0, "ai_profile": "High-Impact Connectivity Gap", "data_confidence": "Low"}, "geometry": {"type": "Polygon", "coordinates": [[[101.35058155700005, 3.413008407000051], [101.35058155700005, 3.431008407000051], [101.36858155700006, 3.431008407000051], [101.36858155700006, 3.413008407000051], [101.35058155700005, 3.413008407000051]]]}}, {"id": "214", "type": "Feature", "properties": {"cell_id": "KS_214", "center_lon": 101.35958155700006, "center_lat": 3.4400084070000507, "population": 0.0, "avg_download_mbps": null, "avg_upload_mbps": null, "avg_latency_ms": null, "network_tests": null, "school_count": 0, "healthcare_count": 0, "connectivity_quality": null, "connectivity_gap": null, "pop_norm": 0.0, "edu_exposure": 0.0, "score_education": null, "health_exposure": 0.0, "score_healthcare": null, "score_general": null, "priority_general": "No Data", "priority_education": "No Data", "priority_healthcare": "No Data", "cluster": 1, "ai_profile": "Moderate Coverage", "data_confidence": "No Data"}, "geometry": {"type": "Polygon", "coordinates": [[[101.35058155700005, 3.431008407000051], [101.35058155700005, 3.449008407000051], [101.36858155700006, 3.449008407000051], [101.36858155700006, 3.431008407000051], [101.35058155700005, 3.431008407000051]]]}}, {"id": "215", "type": "Feature", "properties": {"cell_id": "KS_215", "center_lon": 101.35958155700006, "center_lat": 3.4580084070000505, "population": 0.0, "avg_download_mbps": null, "avg_upload_mbps": null, "avg_latency_ms": null, "network_tests": null, "school_count": 0, "healthcare_count": 0, "connectivity_quality": null, "connectivity_gap": null, "pop_norm": 0.0, "edu_exposure": 0.0, "score_education": null, "health_exposure": 0.0, "score_healthcare": null, "score_general": null, "priority_general": "No Data", "priority_education": "No Data", "priority_healthcare": "No Data", "cluster": 1, "ai_profile": "Moderate Coverage", "data_confidence": "No Data"}, "geometry": {"type": "Polygon", "coordinates": [[[101.35058155700005, 3.449008407000051], [101.35058155700005, 3.46700840700005], [101.36858155700006, 3.46700840700005], [101.36858155700006, 3.449008407000051], [101.35058155700005, 3.449008407000051]]]}}, {"id": "216", "type": "Feature", "properties": {"cell_id": "KS_216", "center_lon": 101.35958155700006, "center_lat": 3.4760084070000503, "population": 0.0, "avg_download_mbps": null, "avg_upload_mbps": null, "avg_latency_ms": null, "network_tests": null, "school_count": 0, "healthcare_count": 0, "connectivity_quality": null, "connectivity_gap": null, "pop_norm": 0.0, "edu_exposure": 0.0, "score_education": null, "health_exposure": 0.0, "score_healthcare": null, "score_general": null, "priority_general": "No Data", "priority_education": "No Data", "priority_healthcare": "No Data", "cluster": 1, "ai_profile": "Moderate Coverage", "data_confidence": "No Data"}, "geometry": {"type": "Polygon", "coordinates": [[[101.35058155700005, 3.46700840700005], [101.35058155700005, 3.48500840700005], [101.36858155700006, 3.48500840700005], [101.36858155700006, 3.46700840700005], [101.35058155700005, 3.46700840700005]]]}}, {"id": "217", "type": "Feature", "properties": {"cell_id": "KS_217", "center_lon": 101.35958155700006, "center_lat": 3.49400840700005, "population": 0.0, "avg_download_mbps": null, "avg_upload_mbps": null, "avg_latency_ms": null, "network_tests": null, "school_count": 0, "healthcare_count": 0, "connectivity_quality": null, "connectivity_gap": null, "pop_norm": 0.0, "edu_exposure": 0.0, "score_education": null, "health_exposure": 0.0, "score_healthcare": null, "score_general": null, "priority_general": "No Data", "priority_education": "No Data", "priority_healthcare": "No Data", "cluster": 1, "ai_profile": "Moderate Coverage", "data_confidence": "No Data"}, "geometry": {"type": "Polygon", "coordinates": [[[101.35058155700005, 3.48500840700005], [101.35058155700005, 3.50300840700005], [101.36858155700006, 3.50300840700005], [101.36858155700006, 3.48500840700005], [101.35058155700005, 3.48500840700005]]]}}, {"id": "218", "type": "Feature", "properties": {"cell_id": "KS_218", "center_lon": 101.35958155700006, "center_lat": 3.51200840700005, "population": 0.0, "avg_download_mbps": null, "avg_upload_mbps": null, "avg_latency_ms": null, "network_tests": null, "school_count": 0, "healthcare_count": 0, "connectivity_quality": null, "connectivity_gap": null, "pop_norm": 0.0, "edu_exposure": 0.0, "score_education": null, "health_exposure": 0.0, "score_healthcare": null, "score_general": null, "priority_general": "No Data", "priority_education": "No Data", "priority_healthcare": "No Data", "cluster": 1, "ai_profile": "Moderate Coverage", "data_confidence": "No Data"}, "geometry": {"type": "Polygon", "coordinates": [[[101.35058155700005, 3.50300840700005], [101.35058155700005, 3.52100840700005], [101.36858155700006, 3.52100840700005], [101.36858155700006, 3.50300840700005], [101.35058155700005, 3.50300840700005]]]}}, {"id": "219", "type": "Feature", "properties": {"cell_id": "KS_219", "center_lon": 101.35958155700006, "center_lat": 3.5300084070000497, "population": 0.0, "avg_download_mbps": null, "avg_upload_mbps": null, "avg_latency_ms": null, "network_tests": null, "school_count": 0, "healthcare_count": 0, "connectivity_quality": null, "connectivity_gap": null, "pop_norm": 0.0, "edu_exposure": 0.0, "score_education": null, "health_exposure": 0.0, "score_healthcare": null, "score_general": null, "priority_general": "No Data", "priority_education": "No Data", "priority_healthcare": "No Data", "cluster": 1, "ai_profile": "Moderate Coverage", "data_confidence": "No Data"}, "geometry": {"type": "Polygon", "coordinates": [[[101.35058155700005, 3.52100840700005], [101.35058155700005, 3.53900840700005], [101.36858155700006, 3.53900840700005], [101.36858155700006, 3.52100840700005], [101.35058155700005, 3.52100840700005]]]}}, {"id": "220", "type": "Feature", "properties": {"cell_id": "KS_220", "center_lon": 101.35958155700006, "center_lat": 3.5480084070000495, "population": 0.0, "avg_download_mbps": null, "avg_upload_mbps": null, "avg_latency_ms": null, "network_tests": null, "school_count": 0, "healthcare_count": 0, "connectivity_quality": null, "connectivity_gap": null, "pop_norm": 0.0, "edu_exposure": 0.0, "score_education": null, "health_exposure": 0.0, "score_healthcare": null, "score_general": null, "priority_general": "No Data", "priority_education": "No Data", "priority_healthcare": "No Data", "cluster": 1, "ai_profile": "Moderate Coverage", "data_confidence": "No Data"}, "geometry": {"type": "Polygon", "coordinates": [[[101.35058155700005, 3.53900840700005], [101.35058155700005, 3.557008407000049], [101.36858155700006, 3.557008407000049], [101.36858155700006, 3.53900840700005], [101.35058155700005, 3.53900840700005]]]}}, {"id": "221", "type": "Feature", "properties": {"cell_id": "KS_221", "center_lon": 101.35958155700006, "center_lat": 3.5660084070000493, "population": 0.0, "avg_download_mbps": null, "avg_upload_mbps": null, "avg_latency_ms": null, "network_tests": null, "school_count": 0, "healthcare_count": 0, "connectivity_quality": null, "connectivity_gap": null, "pop_norm": 0.0, "edu_exposure": 0.0, "score_education": null, "health_exposure": 0.0, "score_healthcare": null, "score_general": null, "priority_general": "No Data", "priority_education": "No Data", "priority_healthcare": "No Data", "cluster": 1, "ai_profile": "Moderate Coverage", "data_confidence": "No Data"}, "geometry": {"type": "Polygon", "coordinates": [[[101.35058155700005, 3.557008407000049], [101.35058155700005, 3.575008407000049], [101.36858155700006, 3.575008407000049], [101.36858155700006, 3.557008407000049], [101.35058155700005, 3.557008407000049]]]}}, {"id": "222", "type": "Feature", "properties": {"cell_id": "KS_222", "center_lon": 101.35958155700006, "center_lat": 3.584008407000049, "population": 0.0, "avg_download_mbps": null, "avg_upload_mbps": null, "avg_latency_ms": null, "network_tests": null, "school_count": 0, "healthcare_count": 0, "connectivity_quality": null, "connectivity_gap": null, "pop_norm": 0.0, "edu_exposure": 0.0, "score_education": null, "health_exposure": 0.0, "score_healthcare": null, "score_general": null, "priority_general": "No Data", "priority_education": "No Data", "priority_healthcare": "No Data", "cluster": 1, "ai_profile": "Moderate Coverage", "data_confidence": "No Data"}, "geometry": {"type": "Polygon", "coordinates": [[[101.36858155700006, 3.575008407000049], [101.35058155700005, 3.575008407000049], [101.35058155700005, 3.593008407000049], [101.35634746694213, 3.593008407000049], [101.36858155700006, 3.58105340320867], [101.36858155700006, 3.575008407000049]]]}}, {"id": "223", "type": "Feature", "properties": {"cell_id": "KS_223", "center_lon": 101.35958155700006, "center_lat": 3.602008407000049, "population": 0.0, "avg_download_mbps": null, "avg_upload_mbps": null, "avg_latency_ms": null, "network_tests": null, "school_count": 0, "healthcare_count": 0, "connectivity_quality": null, "connectivity_gap": null, "pop_norm": 0.0, "edu_exposure": 0.0, "score_education": null, "health_exposure": 0.0, "score_healthcare": null, "score_general": null, "priority_general": "No Data", "priority_education": "No Data", "priority_healthcare": "No Data", "cluster": 1, "ai_profile": "Moderate Coverage", "data_confidence": "No Data"}, "geometry": {"type": "Polygon", "coordinates": [[[101.35058155700005, 3.593008407000049], [101.35058155700005, 3.598642783965706], [101.35634746694213, 3.593008407000049], [101.35058155700005, 3.593008407000049]]]}}, {"id": "224", "type": "Feature", "properties": {"cell_id": "KS_224", "center_lon": 101.37758155700006, "center_lat": 3.170008407000054, "population": 2.995461940765381, "avg_download_mbps": null, "avg_upload_mbps": null, "avg_latency_ms": null, "network_tests": null, "school_count": 0, "healthcare_count": 0, "connectivity_quality": null, "connectivity_gap": null, "pop_norm": 0.00024991314968258034, "edu_exposure": 9.996525987303215e-05, "score_education": null, "health_exposure": 9.996525987303215e-05, "score_healthcare": null, "score_general": null, "priority_general": "No Data", "priority_education": "No Data", "priority_healthcare": "No Data", "cluster": 1, "ai_profile": "Moderate Coverage", "data_confidence": "No Data"}, "geometry": {"type": "Polygon", "coordinates": [[[101.36858155700006, 3.179008407000054], [101.36894158935814, 3.179008407000054], [101.36883927300005, 3.17635228000006], [101.36858155700006, 3.176348526787751], [101.36858155700006, 3.179008407000054]]]}}, {"id": "225", "type": "Feature", "properties": {"cell_id": "KS_225", "center_lon": 101.37758155700006, "center_lat": 3.1880084070000536, "population": 308.41522216796875, "avg_download_mbps": 17.606, "avg_upload_mbps": 3.125, "avg_latency_ms": 20.0, "network_tests": 2.0, "school_count": 0, "healthcare_count": 0, "connectivity_quality": 0.31545475809485923, "connectivity_gap": 0.6845452419051408, "pop_norm": 0.025731263192866883, "edu_exposure": 0.010292505277146754, "score_education": 1.5137890128794602, "health_exposure": 0.010292505277146754, "score_healthcare": 1.4463194176416534, "score_general": 3.553610723805474, "priority_general": "Low", "priority_education": "Low", "priority_healthcare": "Low", "cluster": 0, "ai_profile": "High-Impact Connectivity Gap", "data_confidence": "Low"}, "geometry": {"type": "Polygon", "coordinates": [[[101.36858155700006, 3.179008407000054], [101.36858155700006, 3.197008407000054], [101.38658155700006, 3.197008407000054], [101.38658155700006, 3.186626480130612], [101.36921118400005, 3.186007069000027], [101.36894158935814, 3.179008407000054], [101.36858155700006, 3.179008407000054]]]}}, {"id": "226", "type": "Feature", "properties": {"cell_id": "KS_226", "center_lon": 101.37758155700006, "center_lat": 3.2060084070000534, "population": 81.11492156982422, "avg_download_mbps": 44.5125, "avg_upload_mbps": 5.3645, "avg_latency_ms": 26.0, "network_tests": 14.0, "school_count": 0, "healthcare_count": 0, "connectivity_quality": 0.346276232288527, "connectivity_gap": 0.653723767711473, "pop_norm": 0.006767465565124342, "edu_exposure": 0.002706986226049737, "score_education": 0.25778796069553056, "health_exposure": 0.002706986226049737, "score_healthcare": 0.2462983480630388, "score_general": 0.6051557078308157, "priority_general": "Low", "priority_education": "Low", "priority_healthcare": "Low", "cluster": 0, "ai_profile": "High-Impact Connectivity Gap", "data_confidence": "Medium"}, "geometry": {"type": "Polygon", "coordinates": [[[101.36858155700006, 3.197008407000054], [101.36858155700006, 3.215008407000053], [101.38658155700006, 3.215008407000053], [101.38658155700006, 3.197008407000054], [101.36858155700006, 3.197008407000054]]]}}, {"id": "227", "type": "Feature", "properties": {"cell_id": "KS_227", "center_lon": 101.37758155700006, "center_lat": 3.224008407000053, "population": 719.2109375, "avg_download_mbps": 134.267, "avg_upload_mbps": 40.345, "avg_latency_ms": 25.0, "network_tests": 6.0, "school_count": 0, "healthcare_count": 0, "connectivity_quality": 0.5468173701489625, "connectivity_gap": 0.4531826298510375, "pop_norm": 0.06000419108341613, "edu_exposure": 0.024001676433366453, "score_education": 2.4258920854098562, "health_exposure": 0.024001676433366453, "score_healthcare": 2.317770044821209, "score_general": 5.694767273485117, "priority_general": "Low", "priority_education": "Low", "priority_healthcare": "Low", "cluster": 2, "ai_profile": "Well-Served Urban", "data_confidence": "Medium"}, "geometry": {"type": "Polygon", "coordinates": [[[101.36858155700006, 3.215008407000053], [101.36858155700006, 3.233008407000053], [101.38658155700006, 3.233008407000053], [101.38658155700006, 3.215008407000053], [101.36858155700006, 3.215008407000053]]]}}, {"id": "228", "type": "Feature", "properties": {"cell_id": "KS_228", "center_lon": 101.37758155700006, "center_lat": 3.242008407000053, "population": 595.6443481445312, "avg_download_mbps": 72.9445, "avg_upload_mbps": 16.89, "avg_latency_ms": 24.5, "network_tests": 7.0, "school_count": 0, "healthcare_count": 0, "connectivity_quality": 0.4123158210055625, "connectivity_gap": 0.5876841789944375, "pop_norm": 0.04969495793272929, "edu_exposure": 0.019877983173091716, "score_education": 2.617487849078238, "health_exposure": 0.019877983173091716, "score_healthcare": 2.5008263829065003, "score_general": 6.144537191627519, "priority_general": "Low", "priority_education": "Low", "priority_healthcare": "Low", "cluster": 0, "ai_profile": "High-Impact Connectivity Gap", "data_confidence": "Medium"}, "geometry": {"type": "Polygon", "coordinates": [[[101.36858155700006, 3.233008407000053], [101.36858155700006, 3.251008407000053], [101.38658155700006, 3.251008407000053], [101.38658155700006, 3.233008407000053], [101.36858155700006, 3.233008407000053]]]}}, {"id": "229", "type": "Feature", "properties": {"cell_id": "KS_229", "center_lon": 101.37758155700006, "center_lat": 3.260008407000053, "population": 2235.595458984375, "avg_download_mbps": 123.047, "avg_upload_mbps": 17.051666666666666, "avg_latency_ms": 25.666666666666668, "network_tests": 19.0, "school_count": 0, "healthcare_count": 0, "connectivity_quality": 0.4699349084710691, "connectivity_gap": 0.5300650915289309, "pop_norm": 0.18651704265289462, "edu_exposure": 0.07460681706115785, "score_education": 9.250809731957226, "health_exposure": 0.07460681706115785, "score_healthcare": 8.838501026499065, "score_general": 21.716220944711605, "priority_general": "Low", "priority_education": "Low", "priority_healthcare": "Low", "cluster": 0, "ai_profile": "High-Impact Connectivity Gap", "data_confidence": "Medium"}, "geometry": {"type": "Polygon", "coordinates": [[[101.36858155700006, 3.251008407000053], [101.36858155700006, 3.269008407000053], [101.38658155700006, 3.269008407000053], [101.38658155700006, 3.251008407000053], [101.36858155700006, 3.251008407000053]]]}}, {"id": "230", "type": "Feature", "properties": {"cell_id": "KS_230", "center_lon": 101.37758155700006, "center_lat": 3.2780084070000526, "population": 1813.72265625, "avg_download_mbps": 16.05225, "avg_upload_mbps": 3.256, "avg_latency_ms": 29.0, "network_tests": 78.0, "school_count": 0, "healthcare_count": 0, "connectivity_quality": 0.3040329155232489, "connectivity_gap": 0.6959670844767512, "pop_norm": 0.1513199468520959, "edu_exposure": 0.060527978740838366, "score_education": 9.864760033806055, "health_exposure": 0.060527978740838366, "score_healthcare": 9.425087555715487, "score_general": 23.157465634672462, "priority_general": "Low", "priority_education": "Low", "priority_healthcare": "Low", "cluster": 0, "ai_profile": "High-Impact Connectivity Gap", "data_confidence": "High"}, "geometry": {"type": "Polygon", "coordinates": [[[101.36858155700006, 3.269008407000053], [101.36858155700006, 3.287008407000052], [101.38658155700006, 3.287008407000052], [101.38658155700006, 3.269008407000053], [101.36858155700006, 3.269008407000053]]]}}, {"id": "231", "type": "Feature", "properties": {"cell_id": "KS_231", "center_lon": 101.37758155700006, "center_lat": 3.2960084070000524, "population": 1071.09423828125, "avg_download_mbps": 102.4594, "avg_upload_mbps": 6.104, "avg_latency_ms": 24.4, "network_tests": 10.0, "school_count": 0, "healthcare_count": 0, "connectivity_quality": 0.4176770637923831, "connectivity_gap": 0.5823229362076169, "pop_norm": 0.08936202161438093, "edu_exposure": 0.03574480864575238, "score_education": 4.791668148030488, "health_exposure": 0.03574480864575238, "score_healthcare": 4.578103438740812, "score_general": 11.248412540244896, "priority_general": "Low", "priority_education": "Low", "priority_healthcare": "Low", "cluster": 0, "ai_profile": "High-Impact Connectivity Gap", "data_confidence": "Medium"}, "geometry": {"type": "Polygon", "coordinates": [[[101.36858155700006, 3.287008407000052], [101.36858155700006, 3.305008407000052], [101.38658155700006, 3.305008407000052], [101.38658155700006, 3.287008407000052], [101.36858155700006, 3.287008407000052]]]}}, {"id": "232", "type": "Feature", "properties": {"cell_id": "KS_232", "center_lon": 101.37758155700006, "center_lat": 3.314008407000052, "population": 917.8547973632812, "avg_download_mbps": 391.3348, "avg_upload_mbps": 49.1314, "avg_latency_ms": 17.4, "network_tests": 28.0, "school_count": 0, "healthcare_count": 0, "connectivity_quality": 0.8790290149534525, "connectivity_gap": 0.12097098504654746, "pop_norm": 0.07657716502374036, "edu_exposure": 0.030630866009496147, "score_education": 0.7186235107559719, "health_exposure": 0.030630866009496147, "score_healthcare": 0.6865944518933695, "score_general": 1.6869644266631412, "priority_general": "Low", "priority_education": "Low", "priority_healthcare": "Low", "cluster": 2, "ai_profile": "Well-Served Urban", "data_confidence": "High"}, "geometry": {"type": "Polygon", "coordinates": [[[101.36858155700006, 3.305008407000052], [101.36858155700006, 3.323008407000052], [101.38658155700006, 3.323008407000052], [101.38658155700006, 3.305008407000052], [101.36858155700006, 3.305008407000052]]]}}, {"id": "233", "type": "Feature", "properties": {"cell_id": "KS_233", "center_lon": 101.37758155700006, "center_lat": 3.332008407000052, "population": 115.10432434082031, "avg_download_mbps": null, "avg_upload_mbps": null, "avg_latency_ms": null, "network_tests": null, "school_count": 0, "healthcare_count": 0, "connectivity_quality": null, "connectivity_gap": null, "pop_norm": 0.009603221408564977, "edu_exposure": 0.003841288563425991, "score_education": null, "health_exposure": 0.003841288563425991, "score_healthcare": null, "score_general": null, "priority_general": "No Data", "priority_education": "No Data", "priority_healthcare": "No Data", "cluster": 1, "ai_profile": "Moderate Coverage", "data_confidence": "No Data"}, "geometry": {"type": "Polygon", "coordinates": [[[101.36858155700006, 3.323008407000052], [101.36858155700006, 3.341008407000052], [101.38658155700006, 3.341008407000052], [101.38658155700006, 3.323008407000052], [101.36858155700006, 3.323008407000052]]]}}, {"id": "234", "type": "Feature", "properties": {"cell_id": "KS_234", "center_lon": 101.37758155700006, "center_lat": 3.3500084070000518, "population": 23.145244598388672, "avg_download_mbps": null, "avg_upload_mbps": null, "avg_latency_ms": null, "network_tests": null, "school_count": 0, "healthcare_count": 0, "connectivity_quality": null, "connectivity_gap": null, "pop_norm": 0.0019310213556841505, "edu_exposure": 0.0007724085422736603, "score_education": null, "health_exposure": 0.0007724085422736603, "score_healthcare": null, "score_general": null, "priority_general": "No Data", "priority_education": "No Data", "priority_healthcare": "No Data", "cluster": 1, "ai_profile": "Moderate Coverage", "data_confidence": "No Data"}, "geometry": {"type": "Polygon", "coordinates": [[[101.36858155700006, 3.341008407000052], [101.36858155700006, 3.359008407000052], [101.38658155700006, 3.359008407000052], [101.38658155700006, 3.341008407000052], [101.36858155700006, 3.341008407000052]]]}}, {"id": "235", "type": "Feature", "properties": {"cell_id": "KS_235", "center_lon": 101.37758155700006, "center_lat": 3.3680084070000516, "population": 505.9410705566406, "avg_download_mbps": null, "avg_upload_mbps": null, "avg_latency_ms": null, "network_tests": null, "school_count": 0, "healthcare_count": 0, "connectivity_quality": null, "connectivity_gap": null, "pop_norm": 0.04221096077898396, "edu_exposure": 0.016884384311593583, "score_education": null, "health_exposure": 0.016884384311593583, "score_healthcare": null, "score_general": null, "priority_general": "No Data", "priority_education": "No Data", "priority_healthcare": "No Data", "cluster": 1, "ai_profile": "Moderate Coverage", "data_confidence": "No Data"}, "geometry": {"type": "Polygon", "coordinates": [[[101.36858155700006, 3.359008407000052], [101.36858155700006, 3.377008407000051], [101.38658155700006, 3.377008407000051], [101.38658155700006, 3.359008407000052], [101.36858155700006, 3.359008407000052]]]}}, {"id": "236", "type": "Feature", "properties": {"cell_id": "KS_236", "center_lon": 101.37758155700006, "center_lat": 3.3860084070000513, "population": 35.42334747314453, "avg_download_mbps": 64.733, "avg_upload_mbps": 4.687, "avg_latency_ms": 19.0, "network_tests": 1.0, "school_count": 0, "healthcare_count": 0, "connectivity_quality": 0.37579015581102926, "connectivity_gap": 0.6242098441889707, "pop_norm": 0.0029553906924459283, "edu_exposure": 0.0011821562769783714, "score_education": 0.012183315942537524, "health_exposure": 0.0011821562769783714, "score_healthcare": 0.011640305398595376, "score_general": 0.028600261870416237, "priority_general": "Low", "priority_education": "Low", "priority_healthcare": "Low", "cluster": 0, "ai_profile": "High-Impact Connectivity Gap", "data_confidence": "Low"}, "geometry": {"type": "Polygon", "coordinates": [[[101.36858155700006, 3.377008407000051], [101.36858155700006, 3.395008407000051], [101.38658155700006, 3.395008407000051], [101.38658155700006, 3.377008407000051], [101.36858155700006, 3.377008407000051]]]}}, {"id": "237", "type": "Feature", "properties": {"cell_id": "KS_237", "center_lon": 101.37758155700006, "center_lat": 3.404008407000051, "population": 474.80303955078125, "avg_download_mbps": 352.96, "avg_upload_mbps": 33.326, "avg_latency_ms": 22.0, "network_tests": 6.0, "school_count": 0, "healthcare_count": 0, "connectivity_quality": 0.7863690195510284, "connectivity_gap": 0.21363098044897155, "pop_norm": 0.03961309655721394, "edu_exposure": 0.015845238622885578, "score_education": 0.6423473315362046, "health_exposure": 0.015845238622885578, "score_healthcare": 0.6137179029354543, "score_general": 1.507906548623266, "priority_general": "Low", "priority_education": "Low", "priority_healthcare": "Low", "cluster": 2, "ai_profile": "Well-Served Urban", "data_confidence": "Medium"}, "geometry": {"type": "Polygon", "coordinates": [[[101.36858155700006, 3.395008407000051], [101.36858155700006, 3.413008407000051], [101.38658155700006, 3.413008407000051], [101.38658155700006, 3.395008407000051], [101.36858155700006, 3.395008407000051]]]}}, {"id": "238", "type": "Feature", "properties": {"cell_id": "KS_238", "center_lon": 101.37758155700006, "center_lat": 3.422008407000051, "population": 78.88846588134766, "avg_download_mbps": null, "avg_upload_mbps": null, "avg_latency_ms": null, "network_tests": null, "school_count": 0, "healthcare_count": 0, "connectivity_quality": null, "connectivity_gap": null, "pop_norm": 0.006581711058894928, "edu_exposure": 0.0026326844235579714, "score_education": null, "health_exposure": 0.0026326844235579714, "score_healthcare": null, "score_general": null, "priority_general": "No Data", "priority_education": "No Data", "priority_healthcare": "No Data", "cluster": 1, "ai_profile": "Moderate Coverage", "data_confidence": "No Data"}, "geometry": {"type": "Polygon", "coordinates": [[[101.36858155700006, 3.413008407000051], [101.36858155700006, 3.431008407000051], [101.38658155700006, 3.431008407000051], [101.38658155700006, 3.413008407000051], [101.36858155700006, 3.413008407000051]]]}}, {"id": "239", "type": "Feature", "properties": {"cell_id": "KS_239", "center_lon": 101.37758155700006, "center_lat": 3.4400084070000507, "population": 2.870378017425537, "avg_download_mbps": null, "avg_upload_mbps": null, "avg_latency_ms": null, "network_tests": null, "school_count": 0, "healthcare_count": 0, "connectivity_quality": null, "connectivity_gap": null, "pop_norm": 0.0002394773244660772, "edu_exposure": 9.579092978643089e-05, "score_education": null, "health_exposure": 9.579092978643089e-05, "score_healthcare": null, "score_general": null, "priority_general": "No Data", "priority_education": "No Data", "priority_healthcare": "No Data", "cluster": 1, "ai_profile": "Moderate Coverage", "data_confidence": "No Data"}, "geometry": {"type": "Polygon", "coordinates": [[[101.36858155700006, 3.431008407000051], [101.36858155700006, 3.449008407000051], [101.38658155700006, 3.449008407000051], [101.38658155700006, 3.431008407000051], [101.36858155700006, 3.431008407000051]]]}}, {"id": "240", "type": "Feature", "properties": {"cell_id": "KS_240", "center_lon": 101.37758155700006, "center_lat": 3.4580084070000505, "population": 0.0, "avg_download_mbps": null, "avg_upload_mbps": null, "avg_latency_ms": null, "network_tests": null, "school_count": 0, "healthcare_count": 0, "connectivity_quality": null, "connectivity_gap": null, "pop_norm": 0.0, "edu_exposure": 0.0, "score_education": null, "health_exposure": 0.0, "score_healthcare": null, "score_general": null, "priority_general": "No Data", "priority_education": "No Data", "priority_healthcare": "No Data", "cluster": 1, "ai_profile": "Moderate Coverage", "data_confidence": "No Data"}, "geometry": {"type": "Polygon", "coordinates": [[[101.36858155700006, 3.449008407000051], [101.36858155700006, 3.46700840700005], [101.38658155700006, 3.46700840700005], [101.38658155700006, 3.449008407000051], [101.36858155700006, 3.449008407000051]]]}}, {"id": "241", "type": "Feature", "properties": {"cell_id": "KS_241", "center_lon": 101.37758155700006, "center_lat": 3.4760084070000503, "population": 0.0, "avg_download_mbps": null, "avg_upload_mbps": null, "avg_latency_ms": null, "network_tests": null, "school_count": 0, "healthcare_count": 0, "connectivity_quality": null, "connectivity_gap": null, "pop_norm": 0.0, "edu_exposure": 0.0, "score_education": null, "health_exposure": 0.0, "score_healthcare": null, "score_general": null, "priority_general": "No Data", "priority_education": "No Data", "priority_healthcare": "No Data", "cluster": 1, "ai_profile": "Moderate Coverage", "data_confidence": "No Data"}, "geometry": {"type": "Polygon", "coordinates": [[[101.36858155700006, 3.46700840700005], [101.36858155700006, 3.48500840700005], [101.38658155700006, 3.48500840700005], [101.38658155700006, 3.46700840700005], [101.36858155700006, 3.46700840700005]]]}}, {"id": "242", "type": "Feature", "properties": {"cell_id": "KS_242", "center_lon": 101.37758155700006, "center_lat": 3.49400840700005, "population": 0.0, "avg_download_mbps": null, "avg_upload_mbps": null, "avg_latency_ms": null, "network_tests": null, "school_count": 0, "healthcare_count": 0, "connectivity_quality": null, "connectivity_gap": null, "pop_norm": 0.0, "edu_exposure": 0.0, "score_education": null, "health_exposure": 0.0, "score_healthcare": null, "score_general": null, "priority_general": "No Data", "priority_education": "No Data", "priority_healthcare": "No Data", "cluster": 1, "ai_profile": "Moderate Coverage", "data_confidence": "No Data"}, "geometry": {"type": "Polygon", "coordinates": [[[101.36858155700006, 3.48500840700005], [101.36858155700006, 3.50300840700005], [101.38658155700006, 3.50300840700005], [101.38658155700006, 3.48500840700005], [101.36858155700006, 3.48500840700005]]]}}, {"id": "243", "type": "Feature", "properties": {"cell_id": "KS_243", "center_lon": 101.37758155700006, "center_lat": 3.51200840700005, "population": 0.0, "avg_download_mbps": null, "avg_upload_mbps": null, "avg_latency_ms": null, "network_tests": null, "school_count": 0, "healthcare_count": 0, "connectivity_quality": null, "connectivity_gap": null, "pop_norm": 0.0, "edu_exposure": 0.0, "score_education": null, "health_exposure": 0.0, "score_healthcare": null, "score_general": null, "priority_general": "No Data", "priority_education": "No Data", "priority_healthcare": "No Data", "cluster": 1, "ai_profile": "Moderate Coverage", "data_confidence": "No Data"}, "geometry": {"type": "Polygon", "coordinates": [[[101.36858155700006, 3.50300840700005], [101.36858155700006, 3.52100840700005], [101.38658155700006, 3.52100840700005], [101.38658155700006, 3.50300840700005], [101.36858155700006, 3.50300840700005]]]}}, {"id": "244", "type": "Feature", "properties": {"cell_id": "KS_244", "center_lon": 101.37758155700006, "center_lat": 3.5300084070000497, "population": 0.0, "avg_download_mbps": null, "avg_upload_mbps": null, "avg_latency_ms": null, "network_tests": null, "school_count": 0, "healthcare_count": 0, "connectivity_quality": null, "connectivity_gap": null, "pop_norm": 0.0, "edu_exposure": 0.0, "score_education": null, "health_exposure": 0.0, "score_healthcare": null, "score_general": null, "priority_general": "No Data", "priority_education": "No Data", "priority_healthcare": "No Data", "cluster": 1, "ai_profile": "Moderate Coverage", "data_confidence": "No Data"}, "geometry": {"type": "Polygon", "coordinates": [[[101.36858155700006, 3.52100840700005], [101.36858155700006, 3.53900840700005], [101.38658155700006, 3.53900840700005], [101.38658155700006, 3.52100840700005], [101.36858155700006, 3.52100840700005]]]}}, {"id": "245", "type": "Feature", "properties": {"cell_id": "KS_245", "center_lon": 101.37758155700006, "center_lat": 3.5480084070000495, "population": 0.0, "avg_download_mbps": null, "avg_upload_mbps": null, "avg_latency_ms": null, "network_tests": null, "school_count": 0, "healthcare_count": 0, "connectivity_quality": null, "connectivity_gap": null, "pop_norm": 0.0, "edu_exposure": 0.0, "score_education": null, "health_exposure": 0.0, "score_healthcare": null, "score_general": null, "priority_general": "No Data", "priority_education": "No Data", "priority_healthcare": "No Data", "cluster": 1, "ai_profile": "Moderate Coverage", "data_confidence": "No Data"}, "geometry": {"type": "Polygon", "coordinates": [[[101.36858155700006, 3.53900840700005], [101.36858155700006, 3.557008407000049], [101.38658155700006, 3.557008407000049], [101.38658155700006, 3.53900840700005], [101.36858155700006, 3.53900840700005]]]}}, {"id": "246", "type": "Feature", "properties": {"cell_id": "KS_246", "center_lon": 101.37758155700006, "center_lat": 3.5660084070000493, "population": 0.0, "avg_download_mbps": null, "avg_upload_mbps": null, "avg_latency_ms": null, "network_tests": null, "school_count": 0, "healthcare_count": 0, "connectivity_quality": null, "connectivity_gap": null, "pop_norm": 0.0, "edu_exposure": 0.0, "score_education": null, "health_exposure": 0.0, "score_healthcare": null, "score_general": null, "priority_general": "No Data", "priority_education": "No Data", "priority_healthcare": "No Data", "cluster": 1, "ai_profile": "Moderate Coverage", "data_confidence": "No Data"}, "geometry": {"type": "Polygon", "coordinates": [[[101.38658155700006, 3.557008407000049], [101.36858155700006, 3.557008407000049], [101.36858155700006, 3.575008407000049], [101.37476767197808, 3.575008407000049], [101.38658155700006, 3.563464022451635], [101.38658155700006, 3.557008407000049]]]}}, {"id": "247", "type": "Feature", "properties": {"cell_id": "KS_247", "center_lon": 101.37758155700006, "center_lat": 3.584008407000049, "population": 0.0, "avg_download_mbps": null, "avg_upload_mbps": null, "avg_latency_ms": null, "network_tests": null, "school_count": 0, "healthcare_count": 0, "connectivity_quality": null, "connectivity_gap": null, "pop_norm": 0.0, "edu_exposure": 0.0, "score_education": null, "health_exposure": 0.0, "score_healthcare": null, "score_general": null, "priority_general": "No Data", "priority_education": "No Data", "priority_healthcare": "No Data", "cluster": 1, "ai_profile": "Moderate Coverage", "data_confidence": "No Data"}, "geometry": {"type": "Polygon", "coordinates": [[[101.36858155700006, 3.575008407000049], [101.36858155700006, 3.58105340320867], [101.37476767197808, 3.575008407000049], [101.36858155700006, 3.575008407000049]]]}}, {"id": "248", "type": "Feature", "properties": {"cell_id": "KS_248", "center_lon": 101.39558155700006, "center_lat": 3.1880084070000536, "population": 315.7528991699219, "avg_download_mbps": null, "avg_upload_mbps": null, "avg_latency_ms": null, "network_tests": null, "school_count": 0, "healthcare_count": 0, "connectivity_quality": null, "connectivity_gap": null, "pop_norm": 0.026343449896345073, "edu_exposure": 0.01053737995853803, "score_education": null, "health_exposure": 0.01053737995853803, "score_healthcare": null, "score_general": null, "priority_general": "No Data", "priority_education": "No Data", "priority_healthcare": "No Data", "cluster": 1, "ai_profile": "Moderate Coverage", "data_confidence": "No Data"}, "geometry": {"type": "Polygon", "coordinates": [[[101.38658155700006, 3.197008407000054], [101.40458155700006, 3.197008407000054], [101.40458155700006, 3.192988801338423], [101.40045171800006, 3.193062434000069], [101.40045171800006, 3.187121077000029], [101.38658155700006, 3.186626480130612], [101.38658155700006, 3.197008407000054]]]}}, {"id": "249", "type": "Feature", "properties": {"cell_id": "KS_249", "center_lon": 101.39558155700006, "center_lat": 3.2060084070000534, "population": 1016.0909423828125, "avg_download_mbps": 321.867, "avg_upload_mbps": 34.12566666666667, "avg_latency_ms": 17.0, "network_tests": 34.0, "school_count": 0, "healthcare_count": 0, "connectivity_quality": 0.7577809648939576, "connectivity_gap": 0.24221903510604237, "pop_norm": 0.08477306432073921, "edu_exposure": 0.03390922572829568, "score_education": 1.7917852284986033, "health_exposure": 0.03390922572829568, "score_healthcare": 1.7119253384536042, "score_general": 4.206205190138935, "priority_general": "Low", "priority_education": "Low", "priority_healthcare": "Low", "cluster": 2, "ai_profile": "Well-Served Urban", "data_confidence": "High"}, "geometry": {"type": "Polygon", "coordinates": [[[101.38658155700006, 3.197008407000054], [101.38658155700006, 3.215008407000053], [101.40458155700006, 3.215008407000053], [101.40458155700006, 3.197008407000054], [101.38658155700006, 3.197008407000054]]]}}, {"id": "250", "type": "Feature", "properties": {"cell_id": "KS_250", "center_lon": 101.39558155700006, "center_lat": 3.224008407000053, "population": 225.797607421875, "avg_download_mbps": null, "avg_upload_mbps": null, "avg_latency_ms": null, "network_tests": null, "school_count": 0, "healthcare_count": 0, "connectivity_quality": null, "connectivity_gap": null, "pop_norm": 0.0188384270531486, "edu_exposure": 0.007535370821259441, "score_education": null, "health_exposure": 0.007535370821259441, "score_healthcare": null, "score_general": null, "priority_general": "No Data", "priority_education": "No Data", "priority_healthcare": "No Data", "cluster": 1, "ai_profile": "Moderate Coverage", "data_confidence": "No Data"}, "geometry": {"type": "Polygon", "coordinates": [[[101.38658155700006, 3.215008407000053], [101.38658155700006, 3.233008407000053], [101.40458155700006, 3.233008407000053], [101.40458155700006, 3.215008407000053], [101.38658155700006, 3.215008407000053]]]}}, {"id": "251", "type": "Feature", "properties": {"cell_id": "KS_251", "center_lon": 101.39558155700006, "center_lat": 3.242008407000053, "population": 1206.905029296875, "avg_download_mbps": 71.159, "avg_upload_mbps": 5.69675, "avg_latency_ms": 24.75, "network_tests": 18.0, "school_count": 0, "healthcare_count": 0, "connectivity_quality": 0.3796575907921794, "connectivity_gap": 0.6203424092078206, "pop_norm": 0.10069279570357706, "edu_exposure": 0.040277118281430824, "score_education": 5.784502188453359, "health_exposure": 0.040277118281430824, "score_healthcare": 5.526686853564129, "score_general": 13.579084557935628, "priority_general": "Low", "priority_education": "Low", "priority_healthcare": "Low", "cluster": 0, "ai_profile": "High-Impact Connectivity Gap", "data_confidence": "Medium"}, "geometry": {"type": "Polygon", "coordinates": [[[101.38658155700006, 3.233008407000053], [101.38658155700006, 3.251008407000053], [101.40458155700006, 3.251008407000053], [101.40458155700006, 3.233008407000053], [101.38658155700006, 3.233008407000053]]]}}, {"id": "252", "type": "Feature", "properties": {"cell_id": "KS_252", "center_lon": 101.39558155700006, "center_lat": 3.260008407000053, "population": 926.3180541992188, "avg_download_mbps": 7.9595, "avg_upload_mbps": 7.9265, "avg_latency_ms": 32.5, "network_tests": 13.0, "school_count": 0, "healthcare_count": 0, "connectivity_quality": 0.30335561193632454, "connectivity_gap": 0.6966443880636755, "pop_norm": 0.0772832595140951, "edu_exposure": 0.030913303805638045, "score_education": 4.963201542277715, "health_exposure": 0.030913303805638045, "score_healthcare": 4.74199158746098, "score_general": 11.651086165235883, "priority_general": "Low", "priority_education": "Low", "priority_healthcare": "Low", "cluster": 0, "ai_profile": "High-Impact Connectivity Gap", "data_confidence": "Medium"}, "geometry": {"type": "Polygon", "coordinates": [[[101.38658155700006, 3.251008407000053], [101.38658155700006, 3.269008407000053], [101.40458155700006, 3.269008407000053], [101.40458155700006, 3.251008407000053], [101.38658155700006, 3.251008407000053]]]}}, {"id": "253", "type": "Feature", "properties": {"cell_id": "KS_253", "center_lon": 101.39558155700006, "center_lat": 3.2780084070000526, "population": 535.79931640625, "avg_download_mbps": 339.62, "avg_upload_mbps": 35.615, "avg_latency_ms": 21.333333333333332, "network_tests": 3.0, "school_count": 0, "healthcare_count": 0, "connectivity_quality": 0.7777341673198748, "connectivity_gap": 0.22226583268012523, "pop_norm": 0.04470205177323845, "edu_exposure": 0.01788082070929538, "score_education": 0.7826248570685294, "health_exposure": 0.01788082070929538, "score_healthcare": 0.7477432574002771, "score_general": 1.83720720730116, "priority_general": "Low", "priority_education": "Low", "priority_healthcare": "Low", "cluster": 2, "ai_profile": "Well-Served Urban", "data_confidence": "Low"}, "geometry": {"type": "Polygon", "coordinates": [[[101.38658155700006, 3.269008407000053], [101.38658155700006, 3.287008407000052], [101.40458155700006, 3.287008407000052], [101.40458155700006, 3.269008407000053], [101.38658155700006, 3.269008407000053]]]}}, {"id": "254", "type": "Feature", "properties": {"cell_id": "KS_254", "center_lon": 101.39558155700006, "center_lat": 3.2960084070000524, "population": 474.0301208496094, "avg_download_mbps": 374.017, "avg_upload_mbps": 56.010333333333335, "avg_latency_ms": 16.333333333333332, "network_tests": 6.0, "school_count": 0, "healthcare_count": 0, "connectivity_quality": 0.8786185507660391, "connectivity_gap": 0.12138144923396088, "pop_norm": 0.03954861149585173, "edu_exposure": 0.015819444598340695, "score_education": 0.29363113647631695, "health_exposure": 0.015819444598340695, "score_healthcare": 0.2805439930509658, "score_general": 0.6892973502566415, "priority_general": "Low", "priority_education": "Low", "priority_healthcare": "Low", "cluster": 2, "ai_profile": "Well-Served Urban", "data_confidence": "Medium"}, "geometry": {"type": "Polygon", "coordinates": [[[101.38658155700006, 3.287008407000052], [101.38658155700006, 3.305008407000052], [101.40458155700006, 3.305008407000052], [101.40458155700006, 3.287008407000052], [101.38658155700006, 3.287008407000052]]]}}, {"id": "255", "type": "Feature", "properties": {"cell_id": "KS_255", "center_lon": 101.39558155700006, "center_lat": 3.314008407000052, "population": 3678.94091796875, "avg_download_mbps": 262.07928571428573, "avg_upload_mbps": 32.74071428571429, "avg_latency_ms": 20.142857142857142, "network_tests": 59.0, "school_count": 0, "healthcare_count": 0, "connectivity_quality": 0.6807767204085726, "connectivity_gap": 0.3192232795914274, "pop_norm": 0.3069362023243636, "edu_exposure": 0.12277448092974544, "score_education": 9.166538501140796, "health_exposure": 0.12277448092974544, "score_healthcare": 8.75798576549415, "score_general": 21.51839473049704, "priority_general": "Low", "priority_education": "Low", "priority_healthcare": "Low", "cluster": 2, "ai_profile": "Well-Served Urban", "data_confidence": "High"}, "geometry": {"type": "Polygon", "coordinates": [[[101.38658155700006, 3.305008407000052], [101.38658155700006, 3.323008407000052], [101.40458155700006, 3.323008407000052], [101.40458155700006, 3.305008407000052], [101.38658155700006, 3.305008407000052]]]}}, {"id": "256", "type": "Feature", "properties": {"cell_id": "KS_256", "center_lon": 101.39558155700006, "center_lat": 3.332008407000052, "population": 2377.44580078125, "avg_download_mbps": 79.93657142857144, "avg_upload_mbps": 16.809571428571427, "avg_latency_ms": 41.285714285714285, "network_tests": 37.0, "school_count": 0, "healthcare_count": 0, "connectivity_quality": 0.40167636690369823, "connectivity_gap": 0.5983236330963018, "pop_norm": 0.1983517000122699, "edu_exposure": 0.07934068000490796, "score_education": 11.137391408434427, "health_exposure": 0.07934068000490796, "score_healthcare": 10.640997734059193, "score_general": 26.144960233888977, "priority_general": "Low", "priority_education": "Low", "priority_healthcare": "Low", "cluster": 0, "ai_profile": "High-Impact Connectivity Gap", "data_confidence": "High"}, "geometry": {"type": "Polygon", "coordinates": [[[101.38658155700006, 3.323008407000052], [101.38658155700006, 3.341008407000052], [101.40458155700006, 3.341008407000052], [101.40458155700006, 3.323008407000052], [101.38658155700006, 3.323008407000052]]]}}, {"id": "257", "type": "Feature", "properties": {"cell_id": "KS_257", "center_lon": 101.39558155700006, "center_lat": 3.3500084070000518, "population": 529.1756591796875, "avg_download_mbps": null, "avg_upload_mbps": null, "avg_latency_ms": null, "network_tests": null, "school_count": 0, "healthcare_count": 0, "connectivity_quality": null, "connectivity_gap": null, "pop_norm": 0.044149436159138855, "edu_exposure": 0.017659774463655544, "score_education": null, "health_exposure": 0.017659774463655544, "score_healthcare": null, "score_general": null, "priority_general": "No Data", "priority_education": "No Data", "priority_healthcare": "No Data", "cluster": 1, "ai_profile": "Moderate Coverage", "data_confidence": "No Data"}, "geometry": {"type": "Polygon", "coordinates": [[[101.38658155700006, 3.341008407000052], [101.38658155700006, 3.359008407000052], [101.40458155700006, 3.359008407000052], [101.40458155700006, 3.341008407000052], [101.38658155700006, 3.341008407000052]]]}}, {"id": "258", "type": "Feature", "properties": {"cell_id": "KS_258", "center_lon": 101.39558155700006, "center_lat": 3.3680084070000516, "population": 1833.01904296875, "avg_download_mbps": 166.246, "avg_upload_mbps": 28.314, "avg_latency_ms": 19.0, "network_tests": 5.0, "school_count": 0, "healthcare_count": 0, "connectivity_quality": 0.5582158069575002, "connectivity_gap": 0.44178419304249983, "pop_norm": 0.15292985573350995, "edu_exposure": 0.06117194229340398, "score_education": 6.269945102054953, "health_exposure": 0.06117194229340398, "score_healthcare": 5.990493570434805, "score_general": 14.718658916642749, "priority_general": "Low", "priority_education": "Low", "priority_healthcare": "Low", "cluster": 2, "ai_profile": "Well-Served Urban", "data_confidence": "Medium"}, "geometry": {"type": "Polygon", "coordinates": [[[101.38658155700006, 3.359008407000052], [101.38658155700006, 3.377008407000051], [101.40458155700006, 3.377008407000051], [101.40458155700006, 3.359008407000052], [101.38658155700006, 3.359008407000052]]]}}, {"id": "259", "type": "Feature", "properties": {"cell_id": "KS_259", "center_lon": 101.39558155700006, "center_lat": 3.3860084070000513, "population": 3189.417724609375, "avg_download_mbps": 187.763, "avg_upload_mbps": 31.615, "avg_latency_ms": 27.6, "network_tests": 31.0, "school_count": 0, "healthcare_count": 0, "connectivity_quality": 0.5827423897799108, "connectivity_gap": 0.4172576102200892, "pop_norm": 0.2660949946861663, "edu_exposure": 0.10643799787446653, "score_education": 10.409096005882539, "health_exposure": 0.10643799787446653, "score_healthcare": 9.94516246670822, "score_general": 24.43529109863499, "priority_general": "Low", "priority_education": "Low", "priority_healthcare": "Low", "cluster": 2, "ai_profile": "Well-Served Urban", "data_confidence": "High"}, "geometry": {"type": "Polygon", "coordinates": [[[101.38658155700006, 3.377008407000051], [101.38658155700006, 3.395008407000051], [101.40458155700006, 3.395008407000051], [101.40458155700006, 3.377008407000051], [101.38658155700006, 3.377008407000051]]]}}, {"id": "260", "type": "Feature", "properties": {"cell_id": "KS_260", "center_lon": 101.39558155700006, "center_lat": 3.404008407000051, "population": 695.6221923828125, "avg_download_mbps": 41.5755, "avg_upload_mbps": 0.334, "avg_latency_ms": 46.0, "network_tests": 3.0, "school_count": 0, "healthcare_count": 0, "connectivity_quality": 0.30709187072206595, "connectivity_gap": 0.692908129277934, "pop_norm": 0.0580361682188727, "edu_exposure": 0.02321446728754908, "score_education": 3.6657733778779065, "health_exposure": 0.02321446728754908, "score_healthcare": 3.5023898125760997, "score_general": 8.60538124919317, "priority_general": "Low", "priority_education": "Low", "priority_healthcare": "Low", "cluster": 0, "ai_profile": "High-Impact Connectivity Gap", "data_confidence": "Low"}, "geometry": {"type": "Polygon", "coordinates": [[[101.38658155700006, 3.395008407000051], [101.38658155700006, 3.413008407000051], [101.40458155700006, 3.413008407000051], [101.40458155700006, 3.395008407000051], [101.38658155700006, 3.395008407000051]]]}}, {"id": "261", "type": "Feature", "properties": {"cell_id": "KS_261", "center_lon": 101.39558155700006, "center_lat": 3.422008407000051, "population": 111.29740905761719, "avg_download_mbps": null, "avg_upload_mbps": null, "avg_latency_ms": null, "network_tests": null, "school_count": 0, "healthcare_count": 0, "connectivity_quality": null, "connectivity_gap": null, "pop_norm": 0.00928560822975859, "edu_exposure": 0.003714243291903436, "score_education": null, "health_exposure": 0.003714243291903436, "score_healthcare": null, "score_general": null, "priority_general": "No Data", "priority_education": "No Data", "priority_healthcare": "No Data", "cluster": 1, "ai_profile": "Moderate Coverage", "data_confidence": "No Data"}, "geometry": {"type": "Polygon", "coordinates": [[[101.38658155700006, 3.413008407000051], [101.38658155700006, 3.431008407000051], [101.40458155700006, 3.431008407000051], [101.40458155700006, 3.413008407000051], [101.38658155700006, 3.413008407000051]]]}}, {"id": "262", "type": "Feature", "properties": {"cell_id": "KS_262", "center_lon": 101.39558155700006, "center_lat": 3.4400084070000507, "population": 84.52799987792969, "avg_download_mbps": null, "avg_upload_mbps": null, "avg_latency_ms": null, "network_tests": null, "school_count": 0, "healthcare_count": 0, "connectivity_quality": null, "connectivity_gap": null, "pop_norm": 0.007052220693701934, "edu_exposure": 0.0028208882774807737, "score_education": null, "health_exposure": 0.0028208882774807737, "score_healthcare": null, "score_general": null, "priority_general": "No Data", "priority_education": "No Data", "priority_healthcare": "No Data", "cluster": 1, "ai_profile": "Moderate Coverage", "data_confidence": "No Data"}, "geometry": {"type": "Polygon", "coordinates": [[[101.38658155700006, 3.431008407000051], [101.38658155700006, 3.449008407000051], [101.40458155700006, 3.449008407000051], [101.40458155700006, 3.431008407000051], [101.38658155700006, 3.431008407000051]]]}}, {"id": "263", "type": "Feature", "properties": {"cell_id": "KS_263", "center_lon": 101.39558155700006, "center_lat": 3.4580084070000505, "population": 6.444248199462891, "avg_download_mbps": null, "avg_upload_mbps": null, "avg_latency_ms": null, "network_tests": null, "school_count": 0, "healthcare_count": 0, "connectivity_quality": null, "connectivity_gap": null, "pop_norm": 0.0005376474135580448, "edu_exposure": 0.00021505896542321795, "score_education": null, "health_exposure": 0.00021505896542321795, "score_healthcare": null, "score_general": null, "priority_general": "No Data", "priority_education": "No Data", "priority_healthcare": "No Data", "cluster": 1, "ai_profile": "Moderate Coverage", "data_confidence": "No Data"}, "geometry": {"type": "Polygon", "coordinates": [[[101.38658155700006, 3.449008407000051], [101.38658155700006, 3.46700840700005], [101.40458155700006, 3.46700840700005], [101.40458155700006, 3.449008407000051], [101.38658155700006, 3.449008407000051]]]}}, {"id": "264", "type": "Feature", "properties": {"cell_id": "KS_264", "center_lon": 101.39558155700006, "center_lat": 3.4760084070000503, "population": 0.0, "avg_download_mbps": null, "avg_upload_mbps": null, "avg_latency_ms": null, "network_tests": null, "school_count": 0, "healthcare_count": 0, "connectivity_quality": null, "connectivity_gap": null, "pop_norm": 0.0, "edu_exposure": 0.0, "score_education": null, "health_exposure": 0.0, "score_healthcare": null, "score_general": null, "priority_general": "No Data", "priority_education": "No Data", "priority_healthcare": "No Data", "cluster": 1, "ai_profile": "Moderate Coverage", "data_confidence": "No Data"}, "geometry": {"type": "Polygon", "coordinates": [[[101.38658155700006, 3.46700840700005], [101.38658155700006, 3.48500840700005], [101.40458155700006, 3.48500840700005], [101.40458155700006, 3.46700840700005], [101.38658155700006, 3.46700840700005]]]}}, {"id": "265", "type": "Feature", "properties": {"cell_id": "KS_265", "center_lon": 101.39558155700006, "center_lat": 3.49400840700005, "population": 0.0, "avg_download_mbps": null, "avg_upload_mbps": null, "avg_latency_ms": null, "network_tests": null, "school_count": 0, "healthcare_count": 0, "connectivity_quality": null, "connectivity_gap": null, "pop_norm": 0.0, "edu_exposure": 0.0, "score_education": null, "health_exposure": 0.0, "score_healthcare": null, "score_general": null, "priority_general": "No Data", "priority_education": "No Data", "priority_healthcare": "No Data", "cluster": 1, "ai_profile": "Moderate Coverage", "data_confidence": "No Data"}, "geometry": {"type": "Polygon", "coordinates": [[[101.38658155700006, 3.48500840700005], [101.38658155700006, 3.50300840700005], [101.40458155700006, 3.50300840700005], [101.40458155700006, 3.48500840700005], [101.38658155700006, 3.48500840700005]]]}}, {"id": "266", "type": "Feature", "properties": {"cell_id": "KS_266", "center_lon": 101.39558155700006, "center_lat": 3.51200840700005, "population": 0.0, "avg_download_mbps": null, "avg_upload_mbps": null, "avg_latency_ms": null, "network_tests": null, "school_count": 0, "healthcare_count": 0, "connectivity_quality": null, "connectivity_gap": null, "pop_norm": 0.0, "edu_exposure": 0.0, "score_education": null, "health_exposure": 0.0, "score_healthcare": null, "score_general": null, "priority_general": "No Data", "priority_education": "No Data", "priority_healthcare": "No Data", "cluster": 1, "ai_profile": "Moderate Coverage", "data_confidence": "No Data"}, "geometry": {"type": "Polygon", "coordinates": [[[101.38658155700006, 3.50300840700005], [101.38658155700006, 3.52100840700005], [101.40458155700006, 3.52100840700005], [101.40458155700006, 3.50300840700005], [101.38658155700006, 3.50300840700005]]]}}, {"id": "267", "type": "Feature", "properties": {"cell_id": "KS_267", "center_lon": 101.39558155700006, "center_lat": 3.5300084070000497, "population": 0.0, "avg_download_mbps": null, "avg_upload_mbps": null, "avg_latency_ms": null, "network_tests": null, "school_count": 0, "healthcare_count": 0, "connectivity_quality": null, "connectivity_gap": null, "pop_norm": 0.0, "edu_exposure": 0.0, "score_education": null, "health_exposure": 0.0, "score_healthcare": null, "score_general": null, "priority_general": "No Data", "priority_education": "No Data", "priority_healthcare": "No Data", "cluster": 1, "ai_profile": "Moderate Coverage", "data_confidence": "No Data"}, "geometry": {"type": "Polygon", "coordinates": [[[101.38658155700006, 3.52100840700005], [101.38658155700006, 3.53900840700005], [101.40458155700006, 3.53900840700005], [101.40458155700006, 3.52100840700005], [101.38658155700006, 3.52100840700005]]]}}, {"id": "268", "type": "Feature", "properties": {"cell_id": "KS_268", "center_lon": 101.39558155700006, "center_lat": 3.5480084070000495, "population": 0.0, "avg_download_mbps": null, "avg_upload_mbps": null, "avg_latency_ms": null, "network_tests": null, "school_count": 0, "healthcare_count": 0, "connectivity_quality": null, "connectivity_gap": null, "pop_norm": 0.0, "edu_exposure": 0.0, "score_education": null, "health_exposure": 0.0, "score_healthcare": null, "score_general": null, "priority_general": "No Data", "priority_education": "No Data", "priority_healthcare": "No Data", "cluster": 1, "ai_profile": "Moderate Coverage", "data_confidence": "No Data"}, "geometry": {"type": "Polygon", "coordinates": [[[101.40458155700006, 3.53900840700005], [101.38658155700006, 3.53900840700005], [101.38658155700006, 3.557008407000049], [101.39318787701403, 3.557008407000049], [101.40458155700006, 3.545874641694598], [101.40458155700006, 3.53900840700005]]]}}, {"id": "269", "type": "Feature", "properties": {"cell_id": "KS_269", "center_lon": 101.39558155700006, "center_lat": 3.5660084070000493, "population": 0.0, "avg_download_mbps": null, "avg_upload_mbps": null, "avg_latency_ms": null, "network_tests": null, "school_count": 0, "healthcare_count": 0, "connectivity_quality": null, "connectivity_gap": null, "pop_norm": 0.0, "edu_exposure": 0.0, "score_education": null, "health_exposure": 0.0, "score_healthcare": null, "score_general": null, "priority_general": "No Data", "priority_education": "No Data", "priority_healthcare": "No Data", "cluster": 1, "ai_profile": "Moderate Coverage", "data_confidence": "No Data"}, "geometry": {"type": "Polygon", "coordinates": [[[101.38658155700006, 3.557008407000049], [101.38658155700006, 3.563464022451635], [101.39318787701403, 3.557008407000049], [101.38658155700006, 3.557008407000049]]]}}, {"id": "270", "type": "Feature", "properties": {"cell_id": "KS_270", "center_lon": 101.41358155700006, "center_lat": 3.1880084070000536, "population": 581.4024658203125, "avg_download_mbps": null, "avg_upload_mbps": null, "avg_latency_ms": null, "network_tests": null, "school_count": 0, "healthcare_count": 0, "connectivity_quality": null, "connectivity_gap": null, "pop_norm": 0.048506749322692756, "edu_exposure": 0.019402699729077103, "score_education": null, "health_exposure": 0.019402699729077103, "score_healthcare": null, "score_general": null, "priority_general": "No Data", "priority_education": "No Data", "priority_healthcare": "No Data", "cluster": 1, "ai_profile": "Moderate Coverage", "data_confidence": "No Data"}, "geometry": {"type": "Polygon", "coordinates": [[[101.40458155700006, 3.197008407000054], [101.42258155700006, 3.197008407000054], [101.42258155700006, 3.192667871658206], [101.40458155700006, 3.192988801338423], [101.40458155700006, 3.197008407000054]]]}}, {"id": "271", "type": "Feature", "properties": {"cell_id": "KS_271", "center_lon": 101.41358155700006, "center_lat": 3.2060084070000534, "population": 1472.492919921875, "avg_download_mbps": 174.1432, "avg_upload_mbps": 25.0286, "avg_latency_ms": 34.0, "network_tests": 16.0, "school_count": 0, "healthcare_count": 0, "connectivity_quality": 0.5419343482691121, "connectivity_gap": 0.45806565173088787, "pop_norm": 0.12285094946288905, "edu_exposure": 0.04914037978515562, "score_education": 5.195054340613909, "health_exposure": 0.04914037978515562, "score_healthcare": 4.963510703675424, "score_general": 12.195359233346343, "priority_general": "Low", "priority_education": "Low", "priority_healthcare": "Low", "cluster": 2, "ai_profile": "Well-Served Urban", "data_confidence": "Medium"}, "geometry": {"type": "Polygon", "coordinates": [[[101.40458155700006, 3.197008407000054], [101.40458155700006, 3.215008407000053], [101.42258155700006, 3.215008407000053], [101.42258155700006, 3.197008407000054], [101.40458155700006, 3.197008407000054]]]}}, {"id": "272", "type": "Feature", "properties": {"cell_id": "KS_272", "center_lon": 101.41358155700006, "center_lat": 3.224008407000053, "population": 4426.81494140625, "avg_download_mbps": 165.226, "avg_upload_mbps": 30.170666666666666, "avg_latency_ms": 17.333333333333332, "network_tests": 129.0, "school_count": 0, "healthcare_count": 0, "connectivity_quality": 0.5638960068227097, "connectivity_gap": 0.4361039931772903, "pop_norm": 0.36933177150835833, "edu_exposure": 0.14773270860334334, "score_education": 15.173738299165892, "health_exposure": 0.14773270860334334, "score_healthcare": 14.497444593386005, "score_general": 35.62026060525214, "priority_general": "Low", "priority_education": "Low", "priority_healthcare": "Low", "cluster": 2, "ai_profile": "Well-Served Urban", "data_confidence": "High"}, "geometry": {"type": "Polygon", "coordinates": [[[101.40458155700006, 3.215008407000053], [101.40458155700006, 3.233008407000053], [101.42258155700006, 3.233008407000053], [101.42258155700006, 3.215008407000053], [101.40458155700006, 3.215008407000053]]]}}, {"id": "273", "type": "Feature", "properties": {"cell_id": "KS_273", "center_lon": 101.41358155700006, "center_lat": 3.242008407000053, "population": 6453.625, "avg_download_mbps": 284.5308, "avg_upload_mbps": 45.081, "avg_latency_ms": 16.0, "network_tests": 144.0, "school_count": 0, "healthcare_count": 0, "connectivity_quality": 0.7449677967939132, "connectivity_gap": 0.25503220320608677, "pop_norm": 0.5384297255361351, "edu_exposure": 0.21537189021445405, "score_education": 12.912188724509294, "health_exposure": 0.21537189021445405, "score_healthcare": 12.336692311558261, "score_general": 30.311286400431865, "priority_general": "Low", "priority_education": "Low", "priority_healthcare": "Low", "cluster": 2, "ai_profile": "Well-Served Urban", "data_confidence": "High"}, "geometry": {"type": "Polygon", "coordinates": [[[101.40458155700006, 3.233008407000053], [101.40458155700006, 3.251008407000053], [101.42258155700006, 3.251008407000053], [101.42258155700006, 3.233008407000053], [101.40458155700006, 3.233008407000053]]]}}, {"id": "274", "type": "Feature", "properties": {"cell_id": "KS_274", "center_lon": 101.41358155700006, "center_lat": 3.260008407000053, "population": 13.209810256958008, "avg_download_mbps": null, "avg_upload_mbps": null, "avg_latency_ms": null, "network_tests": null, "school_count": 0, "healthcare_count": 0, "connectivity_quality": null, "connectivity_gap": null, "pop_norm": 0.0011021022310776225, "edu_exposure": 0.00044084089243104905, "score_education": null, "health_exposure": 0.00044084089243104905, "score_healthcare": null, "score_general": null, "priority_general": "No Data", "priority_education": "No Data", "priority_healthcare": "No Data", "cluster": 1, "ai_profile": "Moderate Coverage", "data_confidence": "No Data"}, "geometry": {"type": "Polygon", "coordinates": [[[101.40458155700006, 3.251008407000053], [101.40458155700006, 3.269008407000053], [101.42258155700006, 3.269008407000053], [101.42258155700006, 3.251008407000053], [101.40458155700006, 3.251008407000053]]]}}, {"id": "275", "type": "Feature", "properties": {"cell_id": "KS_275", "center_lon": 101.41358155700006, "center_lat": 3.2780084070000526, "population": 36.89924240112305, "avg_download_mbps": 16.251, "avg_upload_mbps": 5.248, "avg_latency_ms": 22.0, "network_tests": 1.0, "school_count": 0, "healthcare_count": 0, "connectivity_quality": 0.3174058557757993, "connectivity_gap": 0.6825941442242007, "pop_norm": 0.003078525473439811, "edu_exposure": 0.0012314101893759245, "score_education": 0.0366173805469491, "health_exposure": 0.0012314101893759245, "score_healthcare": 0.03498534343797841, "score_general": 0.08595908351969644, "priority_general": "Low", "priority_education": "Low", "priority_healthcare": "Low", "cluster": 0, "ai_profile": "High-Impact Connectivity Gap", "data_confidence": "Low"}, "geometry": {"type": "Polygon", "coordinates": [[[101.40458155700006, 3.269008407000053], [101.40458155700006, 3.287008407000052], [101.42258155700006, 3.287008407000052], [101.42258155700006, 3.269008407000053], [101.40458155700006, 3.269008407000053]]]}}, {"id": "276", "type": "Feature", "properties": {"cell_id": "KS_276", "center_lon": 101.41358155700006, "center_lat": 3.2960084070000524, "population": 835.221435546875, "avg_download_mbps": null, "avg_upload_mbps": null, "avg_latency_ms": null, "network_tests": null, "school_count": 0, "healthcare_count": 0, "connectivity_quality": null, "connectivity_gap": null, "pop_norm": 0.06968301509669382, "edu_exposure": 0.02787320603867753, "score_education": null, "health_exposure": 0.02787320603867753, "score_healthcare": null, "score_general": null, "priority_general": "No Data", "priority_education": "No Data", "priority_healthcare": "No Data", "cluster": 1, "ai_profile": "Moderate Coverage", "data_confidence": "No Data"}, "geometry": {"type": "Polygon", "coordinates": [[[101.40458155700006, 3.287008407000052], [101.40458155700006, 3.305008407000052], [101.42258155700006, 3.305008407000052], [101.42258155700006, 3.287008407000052], [101.40458155700006, 3.287008407000052]]]}}, {"id": "277", "type": "Feature", "properties": {"cell_id": "KS_277", "center_lon": 101.41358155700006, "center_lat": 3.314008407000052, "population": 6207.92529296875, "avg_download_mbps": 167.05457142857145, "avg_upload_mbps": 29.66042857142857, "avg_latency_ms": 22.0, "network_tests": 170.0, "school_count": 0, "healthcare_count": 0, "connectivity_quality": 0.5594829187534269, "connectivity_gap": 0.4405170812465731, "pop_norm": 0.5179308546192248, "edu_exposure": 0.20717234184768996, "score_education": 21.562252016337343, "health_exposure": 0.20717234184768996, "score_healthcare": 20.601222174278565, "score_general": 50.61725864220814, "priority_general": "Medium", "priority_education": "Low", "priority_healthcare": "Low", "cluster": 2, "ai_profile": "Well-Served Urban", "data_confidence": "High"}, "geometry": {"type": "Polygon", "coordinates": [[[101.40458155700006, 3.305008407000052], [101.40458155700006, 3.323008407000052], [101.42258155700006, 3.323008407000052], [101.42258155700006, 3.305008407000052], [101.40458155700006, 3.305008407000052]]]}}, {"id": "278", "type": "Feature", "properties": {"cell_id": "KS_278", "center_lon": 101.41358155700006, "center_lat": 3.332008407000052, "population": 4380.3515625, "avg_download_mbps": 142.5597, "avg_upload_mbps": 14.8347, "avg_latency_ms": 23.7, "network_tests": 36.0, "school_count": 0, "healthcare_count": 0, "connectivity_quality": 0.4888838264563796, "connectivity_gap": 0.5111161735436204, "pop_norm": 0.3654553045069485, "edu_exposure": 0.14618212180277942, "score_education": 17.623153946029593, "health_exposure": 0.14618212180277942, "score_healthcare": 16.837689754232837, "score_general": 41.37024929964416, "priority_general": "Medium", "priority_education": "Low", "priority_healthcare": "Low", "cluster": 0, "ai_profile": "High-Impact Connectivity Gap", "data_confidence": "High"}, "geometry": {"type": "Polygon", "coordinates": [[[101.40458155700006, 3.323008407000052], [101.40458155700006, 3.341008407000052], [101.42258155700006, 3.341008407000052], [101.42258155700006, 3.323008407000052], [101.40458155700006, 3.323008407000052]]]}}, {"id": "279", "type": "Feature", "properties": {"cell_id": "KS_279", "center_lon": 101.41358155700006, "center_lat": 3.3500084070000518, "population": 975.4000854492188, "avg_download_mbps": 341.253, "avg_upload_mbps": 49.32625, "avg_latency_ms": 19.25, "network_tests": 27.0, "school_count": 0, "healthcare_count": 0, "connectivity_quality": 0.8190596149901029, "connectivity_gap": 0.18094038500989706, "pop_norm": 0.08137820221911647, "edu_exposure": 0.03255128088764659, "score_education": 1.2386328590832476, "health_exposure": 0.03255128088764659, "score_healthcare": 1.1834269770616634, "score_general": 2.9076832857463453, "priority_general": "Low", "priority_education": "Low", "priority_healthcare": "Low", "cluster": 2, "ai_profile": "Well-Served Urban", "data_confidence": "High"}, "geometry": {"type": "Polygon", "coordinates": [[[101.40458155700006, 3.341008407000052], [101.40458155700006, 3.359008407000052], [101.42258155700006, 3.359008407000052], [101.42258155700006, 3.341008407000052], [101.40458155700006, 3.341008407000052]]]}}, {"id": "280", "type": "Feature", "properties": {"cell_id": "KS_280", "center_lon": 101.41358155700006, "center_lat": 3.3680084070000516, "population": 3248.13916015625, "avg_download_mbps": 281.038, "avg_upload_mbps": 44.66825, "avg_latency_ms": 22.0, "network_tests": 15.0, "school_count": 0, "healthcare_count": 0, "connectivity_quality": 0.7331321727582258, "connectivity_gap": 0.26686782724177416, "pop_norm": 0.2709941585552464, "edu_exposure": 0.10839766342209856, "score_education": 6.722978817495516, "health_exposure": 0.10839766342209856, "score_healthcare": 6.423335567511848, "score_general": 15.782152875006695, "priority_general": "Low", "priority_education": "Low", "priority_healthcare": "Low", "cluster": 2, "ai_profile": "Well-Served Urban", "data_confidence": "Medium"}, "geometry": {"type": "Polygon", "coordinates": [[[101.40458155700006, 3.359008407000052], [101.40458155700006, 3.377008407000051], [101.42258155700006, 3.377008407000051], [101.42258155700006, 3.359008407000052], [101.40458155700006, 3.359008407000052]]]}}, {"id": "281", "type": "Feature", "properties": {"cell_id": "KS_281", "center_lon": 101.41358155700006, "center_lat": 3.3860084070000513, "population": 3471.46435546875, "avg_download_mbps": 245.4913333333333, "avg_upload_mbps": 36.67066666666667, "avg_latency_ms": 18.0, "network_tests": 53.0, "school_count": 0, "healthcare_count": 0, "connectivity_quality": 0.6744271464027254, "connectivity_gap": 0.3255728535972746, "pop_norm": 0.2896263108134599, "edu_exposure": 0.11585052432538397, "score_education": 8.815479853106403, "health_exposure": 0.11585052432538397, "score_healthcare": 8.422573805793528, "score_general": 20.694286637674594, "priority_general": "Low", "priority_education": "Low", "priority_healthcare": "Low", "cluster": 2, "ai_profile": "Well-Served Urban", "data_confidence": "High"}, "geometry": {"type": "Polygon", "coordinates": [[[101.40458155700006, 3.377008407000051], [101.40458155700006, 3.395008407000051], [101.42258155700006, 3.395008407000051], [101.42258155700006, 3.377008407000051], [101.40458155700006, 3.377008407000051]]]}}, {"id": "282", "type": "Feature", "properties": {"cell_id": "KS_282", "center_lon": 101.41358155700006, "center_lat": 3.404008407000051, "population": 1627.43115234375, "avg_download_mbps": 24.798, "avg_upload_mbps": 3.818, "avg_latency_ms": 25.0, "network_tests": 2.0, "school_count": 0, "healthcare_count": 0, "connectivity_quality": 0.32018905222151517, "connectivity_gap": 0.6798109477784848, "pop_norm": 0.1357775372268146, "edu_exposure": 0.054311014890725845, "score_education": 8.625852836759153, "health_exposure": 0.054311014890725845, "score_healthcare": 8.24139846793664, "score_general": 20.249138342184565, "priority_general": "Low", "priority_education": "Low", "priority_healthcare": "Low", "cluster": 0, "ai_profile": "High-Impact Connectivity Gap", "data_confidence": "Low"}, "geometry": {"type": "Polygon", "coordinates": [[[101.40458155700006, 3.395008407000051], [101.40458155700006, 3.413008407000051], [101.42258155700006, 3.413008407000051], [101.42258155700006, 3.395008407000051], [101.40458155700006, 3.395008407000051]]]}}, {"id": "283", "type": "Feature", "properties": {"cell_id": "KS_283", "center_lon": 101.41358155700006, "center_lat": 3.422008407000051, "population": 205.73422241210938, "avg_download_mbps": 61.39, "avg_upload_mbps": 30.632, "avg_latency_ms": 33.0, "network_tests": 1.0, "school_count": 0, "healthcare_count": 0, "connectivity_quality": 0.42661793115150004, "connectivity_gap": 0.5733820688485, "pop_norm": 0.017164527053670182, "edu_exposure": 0.006865810821468073, "score_education": 0.7736828168109684, "health_exposure": 0.006865810821468073, "score_healthcare": 0.7391997639888386, "score_general": 1.8162158208651302, "priority_general": "Low", "priority_education": "Low", "priority_healthcare": "Low", "cluster": 0, "ai_profile": "High-Impact Connectivity Gap", "data_confidence": "Low"}, "geometry": {"type": "Polygon", "coordinates": [[[101.40458155700006, 3.413008407000051], [101.40458155700006, 3.431008407000051], [101.42258155700006, 3.431008407000051], [101.42258155700006, 3.413008407000051], [101.40458155700006, 3.413008407000051]]]}}, {"id": "284", "type": "Feature", "properties": {"cell_id": "KS_284", "center_lon": 101.41358155700006, "center_lat": 3.4400084070000507, "population": 272.19989013671875, "avg_download_mbps": 5.587, "avg_upload_mbps": 3.204, "avg_latency_ms": 36.0, "network_tests": 1.0, "school_count": 0, "healthcare_count": 0, "connectivity_quality": 0.2839294312813815, "connectivity_gap": 0.7160705687186185, "pop_norm": 0.02270979676341275, "edu_exposure": 0.009083918705365101, "score_education": 1.3850103178636008, "health_exposure": 0.009083918705365101, "score_healthcare": 1.3232803906733552, "score_general": 3.251303501522529, "priority_general": "Low", "priority_education": "Low", "priority_healthcare": "Low", "cluster": 0, "ai_profile": "High-Impact Connectivity Gap", "data_confidence": "Low"}, "geometry": {"type": "Polygon", "coordinates": [[[101.40458155700006, 3.431008407000051], [101.40458155700006, 3.449008407000051], [101.42258155700006, 3.449008407000051], [101.42258155700006, 3.431008407000051], [101.40458155700006, 3.431008407000051]]]}}, {"id": "285", "type": "Feature", "properties": {"cell_id": "KS_285", "center_lon": 101.41358155700006, "center_lat": 3.4580084070000505, "population": 187.7463836669922, "avg_download_mbps": null, "avg_upload_mbps": null, "avg_latency_ms": null, "network_tests": null, "school_count": 0, "healthcare_count": 0, "connectivity_quality": null, "connectivity_gap": null, "pop_norm": 0.015663791098525327, "edu_exposure": 0.006265516439410131, "score_education": null, "health_exposure": 0.006265516439410131, "score_healthcare": null, "score_general": null, "priority_general": "No Data", "priority_education": "No Data", "priority_healthcare": "No Data", "cluster": 1, "ai_profile": "Moderate Coverage", "data_confidence": "No Data"}, "geometry": {"type": "Polygon", "coordinates": [[[101.40458155700006, 3.449008407000051], [101.40458155700006, 3.46700840700005], [101.42258155700006, 3.46700840700005], [101.42258155700006, 3.449008407000051], [101.40458155700006, 3.449008407000051]]]}}, {"id": "286", "type": "Feature", "properties": {"cell_id": "KS_286", "center_lon": 101.41358155700006, "center_lat": 3.4760084070000503, "population": 0.0, "avg_download_mbps": null, "avg_upload_mbps": null, "avg_latency_ms": null, "network_tests": null, "school_count": 0, "healthcare_count": 0, "connectivity_quality": null, "connectivity_gap": null, "pop_norm": 0.0, "edu_exposure": 0.0, "score_education": null, "health_exposure": 0.0, "score_healthcare": null, "score_general": null, "priority_general": "No Data", "priority_education": "No Data", "priority_healthcare": "No Data", "cluster": 1, "ai_profile": "Moderate Coverage", "data_confidence": "No Data"}, "geometry": {"type": "Polygon", "coordinates": [[[101.40458155700006, 3.46700840700005], [101.40458155700006, 3.48500840700005], [101.42258155700006, 3.48500840700005], [101.42258155700006, 3.46700840700005], [101.40458155700006, 3.46700840700005]]]}}, {"id": "287", "type": "Feature", "properties": {"cell_id": "KS_287", "center_lon": 101.41358155700006, "center_lat": 3.49400840700005, "population": 0.5464580059051514, "avg_download_mbps": null, "avg_upload_mbps": null, "avg_latency_ms": null, "network_tests": null, "school_count": 0, "healthcare_count": 0, "connectivity_quality": null, "connectivity_gap": null, "pop_norm": 4.55913125005767e-05, "edu_exposure": 1.8236525000230683e-05, "score_education": null, "health_exposure": 1.8236525000230683e-05, "score_healthcare": null, "score_general": null, "priority_general": "No Data", "priority_education": "No Data", "priority_healthcare": "No Data", "cluster": 1, "ai_profile": "Moderate Coverage", "data_confidence": "No Data"}, "geometry": {"type": "Polygon", "coordinates": [[[101.40458155700006, 3.48500840700005], [101.40458155700006, 3.50300840700005], [101.42258155700006, 3.50300840700005], [101.42258155700006, 3.48500840700005], [101.40458155700006, 3.48500840700005]]]}}, {"id": "288", "type": "Feature", "properties": {"cell_id": "KS_288", "center_lon": 101.41358155700006, "center_lat": 3.51200840700005, "population": 0.0, "avg_download_mbps": null, "avg_upload_mbps": null, "avg_latency_ms": null, "network_tests": null, "school_count": 0, "healthcare_count": 0, "connectivity_quality": null, "connectivity_gap": null, "pop_norm": 0.0, "edu_exposure": 0.0, "score_education": null, "health_exposure": 0.0, "score_healthcare": null, "score_general": null, "priority_general": "No Data", "priority_education": "No Data", "priority_healthcare": "No Data", "cluster": 1, "ai_profile": "Moderate Coverage", "data_confidence": "No Data"}, "geometry": {"type": "Polygon", "coordinates": [[[101.40458155700006, 3.50300840700005], [101.40458155700006, 3.52100840700005], [101.42258155700006, 3.52100840700005], [101.42258155700006, 3.50300840700005], [101.40458155700006, 3.50300840700005]]]}}, {"id": "289", "type": "Feature", "properties": {"cell_id": "KS_289", "center_lon": 101.41358155700006, "center_lat": 3.5300084070000497, "population": 0.0, "avg_download_mbps": null, "avg_upload_mbps": null, "avg_latency_ms": null, "network_tests": null, "school_count": 0, "healthcare_count": 0, "connectivity_quality": null, "connectivity_gap": null, "pop_norm": 0.0, "edu_exposure": 0.0, "score_education": null, "health_exposure": 0.0, "score_healthcare": null, "score_general": null, "priority_general": "No Data", "priority_education": "No Data", "priority_healthcare": "No Data", "cluster": 1, "ai_profile": "Moderate Coverage", "data_confidence": "No Data"}, "geometry": {"type": "Polygon", "coordinates": [[[101.42258155700006, 3.52100840700005], [101.40458155700006, 3.52100840700005], [101.40458155700006, 3.53900840700005], [101.41160808204998, 3.53900840700005], [101.42258155700006, 3.528285260937562], [101.42258155700006, 3.52100840700005]]]}}, {"id": "290", "type": "Feature", "properties": {"cell_id": "KS_290", "center_lon": 101.41358155700006, "center_lat": 3.5480084070000495, "population": 0.0, "avg_download_mbps": null, "avg_upload_mbps": null, "avg_latency_ms": null, "network_tests": null, "school_count": 0, "healthcare_count": 0, "connectivity_quality": null, "connectivity_gap": null, "pop_norm": 0.0, "edu_exposure": 0.0, "score_education": null, "health_exposure": 0.0, "score_healthcare": null, "score_general": null, "priority_general": "No Data", "priority_education": "No Data", "priority_healthcare": "No Data", "cluster": 1, "ai_profile": "Moderate Coverage", "data_confidence": "No Data"}, "geometry": {"type": "Polygon", "coordinates": [[[101.40458155700006, 3.53900840700005], [101.40458155700006, 3.545874641694598], [101.41160808204998, 3.53900840700005], [101.40458155700006, 3.53900840700005]]]}}, {"id": "291", "type": "Feature", "properties": {"cell_id": "KS_291", "center_lon": 101.43158155700006, "center_lat": 3.1880084070000536, "population": 458.77288818359375, "avg_download_mbps": 183.3345, "avg_upload_mbps": 33.2365, "avg_latency_ms": 18.5, "network_tests": 9.0, "school_count": 0, "healthcare_count": 0, "connectivity_quality": 0.5920368773375925, "connectivity_gap": 0.40796312266240753, "pop_norm": 0.03827569161023647, "edu_exposure": 0.01531027664409459, "score_education": 1.3234254597965576, "health_exposure": 0.01531027664409459, "score_healthcare": 1.2644403705006346, "score_general": 3.106733412699649, "priority_general": "Low", "priority_education": "Low", "priority_healthcare": "Low", "cluster": 2, "ai_profile": "Well-Served Urban", "data_confidence": "Medium"}, "geometry": {"type": "Polygon", "coordinates": [[[101.42258155700006, 3.197008407000054], [101.44058155700006, 3.197008407000054], [101.44058155700006, 3.192346941838101], [101.42647055800006, 3.192598533000023], [101.42258155700006, 3.192667871658206], [101.42258155700006, 3.197008407000054]]]}}, {"id": "292", "type": "Feature", "properties": {"cell_id": "KS_292", "center_lon": 101.43158155700006, "center_lat": 3.2060084070000534, "population": 3621.105712890625, "avg_download_mbps": 235.47566666666668, "avg_upload_mbps": 28.829083333333333, "avg_latency_ms": 16.583333333333332, "network_tests": 78.0, "school_count": 0, "healthcare_count": 0, "connectivity_quality": 0.6430810020350977, "connectivity_gap": 0.35691899796490234, "pop_norm": 0.3021109771839904, "edu_exposure": 0.12084439087359616, "score_education": 10.104287182854183, "health_exposure": 0.12084439087359616, "score_healthcare": 9.653938976734645, "score_general": 23.719754195533984, "priority_general": "Low", "priority_education": "Low", "priority_healthcare": "Low", "cluster": 2, "ai_profile": "Well-Served Urban", "data_confidence": "High"}, "geometry": {"type": "Polygon", "coordinates": [[[101.42258155700006, 3.197008407000054], [101.42258155700006, 3.215008407000053], [101.44058155700006, 3.215008407000053], [101.44058155700006, 3.197008407000054], [101.42258155700006, 3.197008407000054]]]}}, {"id": "293", "type": "Feature", "properties": {"cell_id": "KS_293", "center_lon": 101.43158155700006, "center_lat": 3.224008407000053, "population": 5147.15283203125, "avg_download_mbps": 143.27242857142858, "avg_upload_mbps": 23.010428571428573, "avg_latency_ms": 18.0, "network_tests": 162.0, "school_count": 0, "healthcare_count": 0, "connectivity_quality": 0.5181555000693225, "connectivity_gap": 0.48184449993067746, "pop_norm": 0.42942998495312734, "edu_exposure": 0.17177199398125095, "score_education": 19.539828147650482, "health_exposure": 0.17177199398125095, "score_healthcare": 18.668937762714616, "score_general": 45.86963061300534, "priority_general": "Medium", "priority_education": "Low", "priority_healthcare": "Low", "cluster": 2, "ai_profile": "Well-Served Urban", "data_confidence": "High"}, "geometry": {"type": "Polygon", "coordinates": [[[101.42258155700006, 3.215008407000053], [101.42258155700006, 3.233008407000053], [101.44058155700006, 3.233008407000053], [101.44058155700006, 3.215008407000053], [101.42258155700006, 3.215008407000053]]]}}, {"id": "294", "type": "Feature", "properties": {"cell_id": "KS_294", "center_lon": 101.43158155700006, "center_lat": 3.242008407000053, "population": 7491.46826171875, "avg_download_mbps": 100.9189, "avg_upload_mbps": 22.9387, "avg_latency_ms": 20.6, "network_tests": 394.0, "school_count": 0, "healthcare_count": 0, "connectivity_quality": 0.4656536870840566, "connectivity_gap": 0.5343463129159434, "pop_norm": 0.6250175986395078, "edu_exposure": 0.2500070394558031, "score_education": 31.638558238190072, "health_exposure": 0.2500070394558031, "score_healthcare": 30.22842730179357, "score_general": 74.2713276978507, "priority_general": "High", "priority_education": "Low", "priority_healthcare": "Low", "cluster": 2, "ai_profile": "Well-Served Urban", "data_confidence": "High"}, "geometry": {"type": "Polygon", "coordinates": [[[101.42258155700006, 3.233008407000053], [101.42258155700006, 3.251008407000053], [101.44058155700006, 3.251008407000053], [101.44058155700006, 3.233008407000053], [101.42258155700006, 3.233008407000053]]]}}, {"id": "295", "type": "Feature", "properties": {"cell_id": "KS_295", "center_lon": 101.43158155700006, "center_lat": 3.260008407000053, "population": 620.6739501953125, "avg_download_mbps": 146.76925, "avg_upload_mbps": 24.03025, "avg_latency_ms": 16.375, "network_tests": 30.0, "school_count": 0, "healthcare_count": 0, "connectivity_quality": 0.5267958534599978, "connectivity_gap": 0.4732041465400022, "pop_norm": 0.05178319233780873, "edu_exposure": 0.020713276935123495, "score_education": 2.1698542214196705, "health_exposure": 0.020713276935123495, "score_healthcare": 2.073143791631469, "score_general": 5.093719907283748, "priority_general": "Low", "priority_education": "Low", "priority_healthcare": "Low", "cluster": 0, "ai_profile": "High-Impact Connectivity Gap", "data_confidence": "High"}, "geometry": {"type": "Polygon", "coordinates": [[[101.42258155700006, 3.251008407000053], [101.42258155700006, 3.269008407000053], [101.44058155700006, 3.269008407000053], [101.44058155700006, 3.251008407000053], [101.42258155700006, 3.251008407000053]]]}}, {"id": "296", "type": "Feature", "properties": {"cell_id": "KS_296", "center_lon": 101.43158155700006, "center_lat": 3.2780084070000526, "population": 343.5208740234375, "avg_download_mbps": 40.83225, "avg_upload_mbps": 12.422, "avg_latency_ms": 25.75, "network_tests": 10.0, "school_count": 0, "healthcare_count": 0, "connectivity_quality": 0.3613609926070809, "connectivity_gap": 0.6386390073929191, "pop_norm": 0.02866014835327009, "edu_exposure": 0.011464059341308036, "score_education": 1.5794235438664779, "health_exposure": 0.011464059341308036, "score_healthcare": 1.5090286167616538, "score_general": 3.707687395774278, "priority_general": "Low", "priority_education": "Low", "priority_healthcare": "Low", "cluster": 0, "ai_profile": "High-Impact Connectivity Gap", "data_confidence": "Medium"}, "geometry": {"type": "Polygon", "coordinates": [[[101.42258155700006, 3.269008407000053], [101.42258155700006, 3.287008407000052], [101.44058155700006, 3.287008407000052], [101.44058155700006, 3.269008407000053], [101.42258155700006, 3.269008407000053]]]}}, {"id": "297", "type": "Feature", "properties": {"cell_id": "KS_297", "center_lon": 101.43158155700006, "center_lat": 3.2960084070000524, "population": 704.569580078125, "avg_download_mbps": 237.776, "avg_upload_mbps": 23.1165, "avg_latency_ms": 16.5, "network_tests": 21.0, "school_count": 0, "healthcare_count": 0, "connectivity_quality": 0.630395184483254, "connectivity_gap": 0.36960481551674595, "pop_norm": 0.05878265403127309, "edu_exposure": 0.02351306161250924, "score_education": 1.9053573977124725, "health_exposure": 0.02351306161250924, "score_healthcare": 1.820435594665103, "score_general": 4.472815183348332, "priority_general": "Low", "priority_education": "Low", "priority_healthcare": "Low", "cluster": 2, "ai_profile": "Well-Served Urban", "data_confidence": "High"}, "geometry": {"type": "Polygon", "coordinates": [[[101.44058155700006, 3.287008407000052], [101.42258155700006, 3.287008407000052], [101.42258155700006, 3.305008407000052], [101.43183968799374, 3.305008407000052], [101.43169225200006, 3.304456443000049], [101.43466754100007, 3.301857391000055], [101.43764283000007, 3.298144446000038], [101.44058155700006, 3.298411160298511], [101.44058155700006, 3.287008407000052]]]}}, {"id": "298", "type": "Feature", "properties": {"cell_id": "KS_298", "center_lon": 101.43158155700006, "center_lat": 3.314008407000052, "population": 2909.75390625, "avg_download_mbps": 122.227, "avg_upload_mbps": 26.9466, "avg_latency_ms": 23.2, "network_tests": 40.0, "school_count": 0, "healthcare_count": 0, "connectivity_quality": 0.498491959511329, "connectivity_gap": 0.5015080404886709, "pop_norm": 0.24276247800575404, "edu_exposure": 0.09710499120230162, "score_education": 11.429612811132458, "health_exposure": 0.09710499120230162, "score_healthcare": 10.920194825184002, "score_general": 26.830948242467485, "priority_general": "Low", "priority_education": "Low", "priority_healthcare": "Low", "cluster": 0, "ai_profile": "High-Impact Connectivity Gap", "data_confidence": "High"}, "geometry": {"type": "Polygon", "coordinates": [[[101.42258155700006, 3.305008407000052], [101.42258155700006, 3.323008407000052], [101.43949487338898, 3.323008407000052], [101.43615518600006, 3.317451605000031], [101.43317989700006, 3.310025819000032], [101.43183968799374, 3.305008407000052], [101.42258155700006, 3.305008407000052]]]}}, {"id": "299", "type": "Feature", "properties": {"cell_id": "KS_299", "center_lon": 101.43158155700006, "center_lat": 3.332008407000052, "population": 878.6077880859375, "avg_download_mbps": 80.5215, "avg_upload_mbps": 1.153, "avg_latency_ms": 18.5, "network_tests": 2.0, "school_count": 0, "healthcare_count": 0, "connectivity_quality": 0.3852041434109402, "connectivity_gap": 0.6147958565890598, "pop_norm": 0.07330276398040203, "edu_exposure": 0.029321105592160814, "score_education": 4.127841186391579, "health_exposure": 0.029321105592160814, "score_healthcare": 3.943863253084988, "score_general": 9.690082687431337, "priority_general": "Low", "priority_education": "Low", "priority_healthcare": "Low", "cluster": 0, "ai_profile": "High-Impact Connectivity Gap", "data_confidence": "Low"}, "geometry": {"type": "Polygon", "coordinates": [[[101.42258155700006, 3.323008407000052], [101.42258155700006, 3.341008407000052], [101.44058155700006, 3.341008407000052], [101.44058155700006, 3.32560655789865], [101.43950238600007, 3.323020907000057], [101.43949487338898, 3.323008407000052], [101.42258155700006, 3.323008407000052]]]}}, {"id": "300", "type": "Feature", "properties": {"cell_id": "KS_300", "center_lon": 101.43158155700006, "center_lat": 3.3500084070000518, "population": 1629.291748046875, "avg_download_mbps": 130.15725, "avg_upload_mbps": 10.37275, "avg_latency_ms": 18.25, "network_tests": 10.0, "school_count": 0, "healthcare_count": 0, "connectivity_quality": 0.46836501710377, "connectivity_gap": 0.53163498289623, "pop_norm": 0.13593276781950744, "edu_exposure": 0.05437310712780298, "score_education": 6.7179312979492005, "health_exposure": 0.05437310712780298, "score_healthcare": 6.418513015974843, "score_general": 15.770303852827382, "priority_general": "Low", "priority_education": "Low", "priority_healthcare": "Low", "cluster": 0, "ai_profile": "High-Impact Connectivity Gap", "data_confidence": "Medium"}, "geometry": {"type": "Polygon", "coordinates": [[[101.42258155700006, 3.341008407000052], [101.42258155700006, 3.359008407000052], [101.44058155700006, 3.359008407000052], [101.44058155700006, 3.341008407000052], [101.42258155700006, 3.341008407000052]]]}}, {"id": "301", "type": "Feature", "properties": {"cell_id": "KS_301", "center_lon": 101.43158155700006, "center_lat": 3.3680084070000516, "population": 1427.16162109375, "avg_download_mbps": 204.4586, "avg_upload_mbps": 10.317, "avg_latency_ms": 32.4, "network_tests": 28.0, "school_count": 0, "healthcare_count": 0, "connectivity_quality": 0.5392646051341863, "connectivity_gap": 0.4607353948658137, "pop_norm": 0.11906893256754358, "edu_exposure": 0.047627573027017436, "score_education": 5.060359289424561, "health_exposure": 0.047627573027017436, "score_healthcare": 4.834819012602287, "score_general": 11.879163400058104, "priority_general": "Low", "priority_education": "Low", "priority_healthcare": "Low", "cluster": 0, "ai_profile": "High-Impact Connectivity Gap", "data_confidence": "High"}, "geometry": {"type": "Polygon", "coordinates": [[[101.42258155700006, 3.359008407000052], [101.42258155700006, 3.377008407000051], [101.44058155700006, 3.377008407000051], [101.44058155700006, 3.359008407000052], [101.42258155700006, 3.359008407000052]]]}}, {"id": "302", "type": "Feature", "properties": {"cell_id": "KS_302", "center_lon": 101.43158155700006, "center_lat": 3.3860084070000513, "population": 2312.4833984375, "avg_download_mbps": 432.6212, "avg_upload_mbps": 54.1964, "avg_latency_ms": 15.4, "network_tests": 19.0, "school_count": 0, "healthcare_count": 0, "connectivity_quality": 0.9431369031700386, "connectivity_gap": 0.05686309682996138, "pop_norm": 0.1929318486164864, "edu_exposure": 0.07717273944659457, "score_education": 0.8811767577847187, "health_exposure": 0.07717273944659457, "score_healthcare": 0.8419026986689047, "score_general": 2.0685572093534934, "priority_general": "Low", "priority_education": "Low", "priority_healthcare": "Low", "cluster": 2, "ai_profile": "Well-Served Urban", "data_confidence": "Medium"}, "geometry": {"type": "Polygon", "coordinates": [[[101.42258155700006, 3.377008407000051], [101.42258155700006, 3.395008407000051], [101.44058155700006, 3.395008407000051], [101.44058155700006, 3.377008407000051], [101.42258155700006, 3.377008407000051]]]}}, {"id": "303", "type": "Feature", "properties": {"cell_id": "KS_303", "center_lon": 101.43158155700006, "center_lat": 3.404008407000051, "population": 501.35479736328125, "avg_download_mbps": 255.13375, "avg_upload_mbps": 28.1215, "avg_latency_ms": 17.5, "network_tests": 5.0, "school_count": 0, "healthcare_count": 0, "connectivity_quality": 0.6630932806536649, "connectivity_gap": 0.3369067193463351, "pop_norm": 0.041828325311826474, "edu_exposure": 0.01673133012473059, "score_education": 1.1784179708632854, "health_exposure": 0.01673133012473059, "score_healthcare": 1.1258958671628048, "score_general": 2.7663291930090863, "priority_general": "Low", "priority_education": "Low", "priority_healthcare": "Low", "cluster": 2, "ai_profile": "Well-Served Urban", "data_confidence": "Medium"}, "geometry": {"type": "Polygon", "coordinates": [[[101.42258155700006, 3.395008407000051], [101.42258155700006, 3.413008407000051], [101.44058155700006, 3.413008407000051], [101.44058155700006, 3.395008407000051], [101.42258155700006, 3.395008407000051]]]}}, {"id": "304", "type": "Feature", "properties": {"cell_id": "KS_304", "center_lon": 101.43158155700006, "center_lat": 3.422008407000051, "population": 1534.87255859375, "avg_download_mbps": 162.594, "avg_upload_mbps": 29.7415, "avg_latency_ms": 20.0, "network_tests": 40.0, "school_count": 0, "healthcare_count": 0, "connectivity_quality": 0.5567105951475766, "connectivity_gap": 0.4432894048524234, "pop_norm": 0.1280553193680417, "edu_exposure": 0.051222127747216684, "score_education": 5.241881572455456, "health_exposure": 0.051222127747216684, "score_healthcare": 5.0082508452080985, "score_general": 12.305285882187396, "priority_general": "Low", "priority_education": "Low", "priority_healthcare": "Low", "cluster": 2, "ai_profile": "Well-Served Urban", "data_confidence": "High"}, "geometry": {"type": "Polygon", "coordinates": [[[101.42258155700006, 3.413008407000051], [101.42258155700006, 3.431008407000051], [101.44058155700006, 3.431008407000051], [101.44058155700006, 3.413008407000051], [101.42258155700006, 3.413008407000051]]]}}, {"id": "305", "type": "Feature", "properties": {"cell_id": "KS_305", "center_lon": 101.43158155700006, "center_lat": 3.4400084070000507, "population": 67.91889190673828, "avg_download_mbps": null, "avg_upload_mbps": null, "avg_latency_ms": null, "network_tests": null, "school_count": 0, "healthcare_count": 0, "connectivity_quality": null, "connectivity_gap": null, "pop_norm": 0.005666513057090166, "edu_exposure": 0.0022666052228360665, "score_education": null, "health_exposure": 0.0022666052228360665, "score_healthcare": null, "score_general": null, "priority_general": "No Data", "priority_education": "No Data", "priority_healthcare": "No Data", "cluster": 1, "ai_profile": "Moderate Coverage", "data_confidence": "No Data"}, "geometry": {"type": "Polygon", "coordinates": [[[101.42258155700006, 3.431008407000051], [101.42258155700006, 3.449008407000051], [101.44058155700006, 3.449008407000051], [101.44058155700006, 3.431008407000051], [101.42258155700006, 3.431008407000051]]]}}, {"id": "306", "type": "Feature", "properties": {"cell_id": "KS_306", "center_lon": 101.43158155700006, "center_lat": 3.4580084070000505, "population": 77.39602661132812, "avg_download_mbps": null, "avg_upload_mbps": null, "avg_latency_ms": null, "network_tests": null, "school_count": 0, "healthcare_count": 0, "connectivity_quality": null, "connectivity_gap": null, "pop_norm": 0.00645719597372404, "edu_exposure": 0.002582878389489616, "score_education": null, "health_exposure": 0.002582878389489616, "score_healthcare": null, "score_general": null, "priority_general": "No Data", "priority_education": "No Data", "priority_healthcare": "No Data", "cluster": 1, "ai_profile": "Moderate Coverage", "data_confidence": "No Data"}, "geometry": {"type": "Polygon", "coordinates": [[[101.42258155700006, 3.449008407000051], [101.42258155700006, 3.46700840700005], [101.44058155700006, 3.46700840700005], [101.44058155700006, 3.449008407000051], [101.42258155700006, 3.449008407000051]]]}}, {"id": "307", "type": "Feature", "properties": {"cell_id": "KS_307", "center_lon": 101.43158155700006, "center_lat": 3.4760084070000503, "population": 8.931191444396973, "avg_download_mbps": null, "avg_upload_mbps": null, "avg_latency_ms": null, "network_tests": null, "school_count": 0, "healthcare_count": 0, "connectivity_quality": null, "connectivity_gap": null, "pop_norm": 0.0007451345496705092, "edu_exposure": 0.0002980538198682037, "score_education": null, "health_exposure": 0.0002980538198682037, "score_healthcare": null, "score_general": null, "priority_general": "No Data", "priority_education": "No Data", "priority_healthcare": "No Data", "cluster": 1, "ai_profile": "Moderate Coverage", "data_confidence": "No Data"}, "geometry": {"type": "Polygon", "coordinates": [[[101.42258155700006, 3.46700840700005], [101.42258155700006, 3.48500840700005], [101.44058155700006, 3.48500840700005], [101.44058155700006, 3.46700840700005], [101.42258155700006, 3.46700840700005]]]}}, {"id": "308", "type": "Feature", "properties": {"cell_id": "KS_308", "center_lon": 101.43158155700006, "center_lat": 3.49400840700005, "population": 0.0, "avg_download_mbps": null, "avg_upload_mbps": null, "avg_latency_ms": null, "network_tests": null, "school_count": 0, "healthcare_count": 0, "connectivity_quality": null, "connectivity_gap": null, "pop_norm": 0.0, "edu_exposure": 0.0, "score_education": null, "health_exposure": 0.0, "score_healthcare": null, "score_general": null, "priority_general": "No Data", "priority_education": "No Data", "priority_healthcare": "No Data", "cluster": 1, "ai_profile": "Moderate Coverage", "data_confidence": "No Data"}, "geometry": {"type": "Polygon", "coordinates": [[[101.42258155700006, 3.48500840700005], [101.42258155700006, 3.50300840700005], [101.44058155700006, 3.50300840700005], [101.44058155700006, 3.48500840700005], [101.42258155700006, 3.48500840700005]]]}}, {"id": "309", "type": "Feature", "properties": {"cell_id": "KS_309", "center_lon": 101.43158155700006, "center_lat": 3.51200840700005, "population": 0.0, "avg_download_mbps": null, "avg_upload_mbps": null, "avg_latency_ms": null, "network_tests": null, "school_count": 0, "healthcare_count": 0, "connectivity_quality": null, "connectivity_gap": null, "pop_norm": 0.0, "edu_exposure": 0.0, "score_education": null, "health_exposure": 0.0, "score_healthcare": null, "score_general": null, "priority_general": "No Data", "priority_education": "No Data", "priority_healthcare": "No Data", "cluster": 1, "ai_profile": "Moderate Coverage", "data_confidence": "No Data"}, "geometry": {"type": "Polygon", "coordinates": [[[101.44058155700006, 3.50300840700005], [101.42258155700006, 3.50300840700005], [101.42258155700006, 3.52100840700005], [101.43002828708593, 3.52100840700005], [101.44058155700006, 3.510695880180526], [101.44058155700006, 3.50300840700005]]]}}, {"id": "310", "type": "Feature", "properties": {"cell_id": "KS_310", "center_lon": 101.43158155700006, "center_lat": 3.5300084070000497, "population": 0.0, "avg_download_mbps": null, "avg_upload_mbps": null, "avg_latency_ms": null, "network_tests": null, "school_count": 0, "healthcare_count": 0, "connectivity_quality": null, "connectivity_gap": null, "pop_norm": 0.0, "edu_exposure": 0.0, "score_education": null, "health_exposure": 0.0, "score_healthcare": null, "score_general": null, "priority_general": "No Data", "priority_education": "No Data", "priority_healthcare": "No Data", "cluster": 1, "ai_profile": "Moderate Coverage", "data_confidence": "No Data"}, "geometry": {"type": "Polygon", "coordinates": [[[101.42258155700006, 3.52100840700005], [101.42258155700006, 3.528285260937562], [101.43002828708593, 3.52100840700005], [101.42258155700006, 3.52100840700005]]]}}, {"id": "311", "type": "Feature", "properties": {"cell_id": "KS_311", "center_lon": 101.44958155700006, "center_lat": 3.1880084070000536, "population": 362.2979736328125, "avg_download_mbps": 11.339, "avg_upload_mbps": 2.111, "avg_latency_ms": 18.0, "network_tests": 1.0, "school_count": 0, "healthcare_count": 0, "connectivity_quality": 0.30761009152819674, "connectivity_gap": 0.6923899084718033, "pop_norm": 0.030226732806045153, "edu_exposure": 0.012090693122418061, "score_education": 1.8294014701984207, "health_exposure": 0.012090693122418061, "score_healthcare": 1.7478650237903743, "score_general": 4.294509094287019, "priority_general": "Low", "priority_education": "Low", "priority_healthcare": "Low", "cluster": 0, "ai_profile": "High-Impact Connectivity Gap", "data_confidence": "Low"}, "geometry": {"type": "Polygon", "coordinates": [[[101.44058155700006, 3.197008407000054], [101.45858155700006, 3.197008407000054], [101.45858155700006, 3.192026011979443], [101.44058155700006, 3.192346941838101], [101.44058155700006, 3.197008407000054]]]}}, {"id": "312", "type": "Feature", "properties": {"cell_id": "KS_312", "center_lon": 101.44958155700006, "center_lat": 3.2060084070000534, "population": 2772.55224609375, "avg_download_mbps": 118.12644444444443, "avg_upload_mbps": 22.34277777777778, "avg_latency_ms": 26.88888888888889, "network_tests": 281.0, "school_count": 0, "healthcare_count": 0, "connectivity_quality": 0.4771611539004935, "connectivity_gap": 0.5228388460995065, "pop_norm": 0.2313156628869593, "edu_exposure": 0.09252626515478372, "score_education": 11.352813864607523, "health_exposure": 0.09252626515478372, "score_healthcare": 10.846818808666248, "score_general": 26.650663171281202, "priority_general": "Low", "priority_education": "Low", "priority_healthcare": "Low", "cluster": 0, "ai_profile": "High-Impact Connectivity Gap", "data_confidence": "High"}, "geometry": {"type": "Polygon", "coordinates": [[[101.44058155700006, 3.197008407000054], [101.44058155700006, 3.215008407000053], [101.45858155700006, 3.215008407000053], [101.45858155700006, 3.197008407000054], [101.44058155700006, 3.197008407000054]]]}}, {"id": "313", "type": "Feature", "properties": {"cell_id": "KS_313", "center_lon": 101.44958155700006, "center_lat": 3.224008407000053, "population": 1046.88232421875, "avg_download_mbps": 82.45722222222223, "avg_upload_mbps": 16.417777777777776, "avg_latency_ms": 24.555555555555557, "network_tests": 307.0, "school_count": 0, "healthcare_count": 0, "connectivity_quality": 0.42207810800394474, "connectivity_gap": 0.5779218919960553, "pop_norm": 0.08734200739859115, "edu_exposure": 0.03493680295943646, "score_education": 4.643054596354633, "health_exposure": 0.03493680295943646, "score_healthcare": 4.436113594921939, "score_general": 10.899543109667128, "priority_general": "Low", "priority_education": "Low", "priority_healthcare": "Low", "cluster": 0, "ai_profile": "High-Impact Connectivity Gap", "data_confidence": "High"}, "geometry": {"type": "Polygon", "coordinates": [[[101.44058155700006, 3.215008407000053], [101.44058155700006, 3.233008407000053], [101.45858155700006, 3.233008407000053], [101.45858155700006, 3.215008407000053], [101.44058155700006, 3.215008407000053]]]}}, {"id": "314", "type": "Feature", "properties": {"cell_id": "KS_314", "center_lon": 101.44958155700006, "center_lat": 3.242008407000053, "population": 3903.9599609375, "avg_download_mbps": 85.42911111111111, "avg_upload_mbps": 17.22855555555556, "avg_latency_ms": 26.555555555555557, "network_tests": 198.0, "school_count": 0, "healthcare_count": 0, "connectivity_quality": 0.4255270790934476, "connectivity_gap": 0.5744729209065524, "pop_norm": 0.3257096732877474, "edu_exposure": 0.13028386931509897, "score_education": 17.653746153801947, "health_exposure": 0.13028386931509897, "score_healthcare": 16.866918466922147, "score_general": 41.44206432583327, "priority_general": "Medium", "priority_education": "Low", "priority_healthcare": "Low", "cluster": 0, "ai_profile": "High-Impact Connectivity Gap", "data_confidence": "High"}, "geometry": {"type": "Polygon", "coordinates": [[[101.44058155700006, 3.233008407000053], [101.44058155700006, 3.251008407000053], [101.45858155700006, 3.251008407000053], [101.45858155700006, 3.233008407000053], [101.44058155700006, 3.233008407000053]]]}}, {"id": "315", "type": "Feature", "properties": {"cell_id": "KS_315", "center_lon": 101.44958155700006, "center_lat": 3.260008407000053, "population": 4354.60009765625, "avg_download_mbps": 132.96844444444443, "avg_upload_mbps": 22.480888888888888, "avg_latency_ms": 30.22222222222222, "network_tests": 161.0, "school_count": 0, "healthcare_count": 0, "connectivity_quality": 0.4911665707736884, "connectivity_gap": 0.5088334292263116, "pop_norm": 0.3633068446649258, "edu_exposure": 0.14532273786597033, "score_education": 17.439617271300044, "health_exposure": 0.14532273786597033, "score_healthcare": 16.662333311391578, "score_general": 40.93939804495715, "priority_general": "Medium", "priority_education": "Low", "priority_healthcare": "Low", "cluster": 2, "ai_profile": "Well-Served Urban", "data_confidence": "High"}, "geometry": {"type": "Polygon", "coordinates": [[[101.44058155700006, 3.251008407000053], [101.44058155700006, 3.269008407000053], [101.45858155700006, 3.269008407000053], [101.45858155700006, 3.251008407000053], [101.44058155700006, 3.251008407000053]]]}}, {"id": "316", "type": "Feature", "properties": {"cell_id": "KS_316", "center_lon": 101.44958155700006, "center_lat": 3.2780084070000526, "population": 1635.28369140625, "avg_download_mbps": 66.36166666666666, "avg_upload_mbps": 14.204666666666668, "avg_latency_ms": 23.666666666666668, "network_tests": 4.0, "school_count": 0, "healthcare_count": 0, "connectivity_quality": 0.3982871090910116, "connectivity_gap": 0.6017128909089884, "pop_norm": 0.13643267917450813, "edu_exposure": 0.054573071669803255, "score_education": 7.653653737217672, "health_exposure": 0.054573071669803255, "score_healthcare": 7.312530294421538, "score_general": 17.966906725750093, "priority_general": "Low", "priority_education": "Low", "priority_healthcare": "Low", "cluster": 0, "ai_profile": "High-Impact Connectivity Gap", "data_confidence": "Low"}, "geometry": {"type": "Polygon", "coordinates": [[[101.44058155700006, 3.269008407000053], [101.44058155700006, 3.287008407000052], [101.45858155700006, 3.287008407000052], [101.45858155700006, 3.269008407000053], [101.44058155700006, 3.269008407000053]]]}}, {"id": "317", "type": "Feature", "properties": {"cell_id": "KS_317", "center_lon": 101.44958155700006, "center_lat": 3.2960084070000524, "population": 121.72369384765625, "avg_download_mbps": 290.612, "avg_upload_mbps": 74.2225, "avg_latency_ms": 16.0, "network_tests": 18.0, "school_count": 0, "healthcare_count": 0, "connectivity_quality": 0.8309446315175506, "connectivity_gap": 0.1690553684824494, "pop_norm": 0.01015547929568856, "edu_exposure": 0.004062191718275424, "score_education": 0.0, "health_exposure": 0.004062191718275424, "score_healthcare": 0.0, "score_general": 0.0, "priority_general": "Low", "priority_education": "Low", "priority_healthcare": "Low", "cluster": 2, "ai_profile": "Well-Served Urban", "data_confidence": "Medium"}, "geometry": {"type": "Polygon", "coordinates": [[[101.45858155700006, 3.287008407000052], [101.44058155700006, 3.287008407000052], [101.44058155700006, 3.298411160298511], [101.45858155700006, 3.30004481234327], [101.45858155700006, 3.287008407000052]]]}}, {"id": "318", "type": "Feature", "properties": {"cell_id": "KS_318", "center_lon": 101.44958155700006, "center_lat": 3.332008407000052, "population": 24.563188552856445, "avg_download_mbps": null, "avg_upload_mbps": null, "avg_latency_ms": null, "network_tests": null, "school_count": 0, "healthcare_count": 0, "connectivity_quality": null, "connectivity_gap": null, "pop_norm": 0.002049321252909308, "edu_exposure": 0.0008197285011637232, "score_education": null, "health_exposure": 0.0008197285011637232, "score_healthcare": null, "score_general": null, "priority_general": "No Data", "priority_education": "No Data", "priority_healthcare": "No Data", "cluster": 1, "ai_profile": "Moderate Coverage", "data_confidence": "No Data"}, "geometry": {"type": "Polygon", "coordinates": [[[101.44058155700006, 3.341008407000052], [101.44571475874923, 3.341008407000052], [101.44545296400008, 3.337872227000048], [101.44396531900009, 3.33193172600005], [101.44136194100008, 3.327476327000056], [101.44058155700006, 3.32560655789865], [101.44058155700006, 3.341008407000052]]]}}, {"id": "319", "type": "Feature", "properties": {"cell_id": "KS_319", "center_lon": 101.44958155700006, "center_lat": 3.3500084070000518, "population": 53.08636474609375, "avg_download_mbps": null, "avg_upload_mbps": null, "avg_latency_ms": null, "network_tests": null, "school_count": 0, "healthcare_count": 0, "connectivity_quality": null, "connectivity_gap": null, "pop_norm": 0.004429026601321028, "edu_exposure": 0.0017716106405284112, "score_education": null, "health_exposure": 0.0017716106405284112, "score_healthcare": null, "score_general": null, "priority_general": "No Data", "priority_education": "No Data", "priority_healthcare": "No Data", "cluster": 1, "ai_profile": "Moderate Coverage", "data_confidence": "No Data"}, "geometry": {"type": "Polygon", "coordinates": [[[101.44058155700006, 3.341008407000052], [101.44058155700006, 3.359008407000052], [101.44430810142457, 3.359008407000052], [101.44433723000009, 3.355693514000052], [101.44694060800003, 3.355693514000052], [101.44571475874923, 3.341008407000052], [101.44058155700006, 3.341008407000052]]]}}, {"id": "320", "type": "Feature", "properties": {"cell_id": "KS_320", "center_lon": 101.44958155700006, "center_lat": 3.3680084070000516, "population": 2.770360231399536, "avg_download_mbps": null, "avg_upload_mbps": null, "avg_latency_ms": null, "network_tests": null, "school_count": 0, "healthcare_count": 0, "connectivity_quality": null, "connectivity_gap": null, "pop_norm": 0.00023113278181311682, "edu_exposure": 9.245311272524673e-05, "score_education": null, "health_exposure": 9.245311272524673e-05, "score_healthcare": null, "score_general": null, "priority_general": "No Data", "priority_education": "No Data", "priority_healthcare": "No Data", "cluster": 1, "ai_profile": "Moderate Coverage", "data_confidence": "No Data"}, "geometry": {"type": "Polygon", "coordinates": [[[101.44058155700006, 3.359008407000052], [101.44058155700006, 3.377008407000051], [101.44414993210832, 3.377008407000051], [101.44430810142457, 3.359008407000052], [101.44058155700006, 3.359008407000052]]]}}, {"id": "321", "type": "Feature", "properties": {"cell_id": "KS_321", "center_lon": 101.44958155700006, "center_lat": 3.3860084070000513, "population": 150.79551696777344, "avg_download_mbps": null, "avg_upload_mbps": null, "avg_latency_ms": null, "network_tests": null, "school_count": 0, "healthcare_count": 0, "connectivity_quality": null, "connectivity_gap": null, "pop_norm": 0.012580958579563865, "edu_exposure": 0.005032383431825546, "score_education": null, "health_exposure": 0.005032383431825546, "score_healthcare": null, "score_general": null, "priority_general": "No Data", "priority_education": "No Data", "priority_healthcare": "No Data", "cluster": 1, "ai_profile": "Moderate Coverage", "data_confidence": "No Data"}, "geometry": {"type": "Polygon", "coordinates": [[[101.44058155700006, 3.377008407000051], [101.44058155700006, 3.395008407000051], [101.44399176279205, 3.395008407000051], [101.44414993210832, 3.377008407000051], [101.44058155700006, 3.377008407000051]]]}}, {"id": "322", "type": "Feature", "properties": {"cell_id": "KS_322", "center_lon": 101.44958155700006, "center_lat": 3.404008407000051, "population": 450.89483642578125, "avg_download_mbps": null, "avg_upload_mbps": null, "avg_latency_ms": null, "network_tests": null, "school_count": 0, "healthcare_count": 0, "connectivity_quality": null, "connectivity_gap": null, "pop_norm": 0.037618421123383206, "edu_exposure": 0.015047368449353282, "score_education": null, "health_exposure": 0.015047368449353282, "score_healthcare": null, "score_general": null, "priority_general": "No Data", "priority_education": "No Data", "priority_healthcare": "No Data", "cluster": 1, "ai_profile": "Moderate Coverage", "data_confidence": "No Data"}, "geometry": {"type": "Polygon", "coordinates": [[[101.44058155700006, 3.395008407000051], [101.44058155700006, 3.413008407000051], [101.45858155700006, 3.413008407000051], [101.45858155700006, 3.400690756380335], [101.45623838600005, 3.401730332000056], [101.44880016400003, 3.400616563000028], [101.44582487500008, 3.399502794000057], [101.44396531900009, 3.398017766000066], [101.44399176279205, 3.395008407000051], [101.44058155700006, 3.395008407000051]]]}}, {"id": "323", "type": "Feature", "properties": {"cell_id": "KS_323", "center_lon": 101.44958155700006, "center_lat": 3.422008407000051, "population": 2860.40869140625, "avg_download_mbps": 188.4098, "avg_upload_mbps": 26.2138, "avg_latency_ms": 19.0, "network_tests": 247.0, "school_count": 0, "healthcare_count": 0, "connectivity_quality": 0.5783976778820124, "connectivity_gap": 0.42160232211798765, "pop_norm": 0.2386455777388743, "edu_exposure": 0.09545823109554973, "score_education": 9.417197510900005, "health_exposure": 0.09545823109554973, "score_healthcare": 8.997472900053264, "score_general": 22.10681526831324, "priority_general": "Low", "priority_education": "Low", "priority_healthcare": "Low", "cluster": 2, "ai_profile": "Well-Served Urban", "data_confidence": "High"}, "geometry": {"type": "Polygon", "coordinates": [[[101.44058155700006, 3.413008407000051], [101.44058155700006, 3.431008407000051], [101.45858155700006, 3.431008407000051], [101.45858155700006, 3.413008407000051], [101.44058155700006, 3.413008407000051]]]}}, {"id": "324", "type": "Feature", "properties": {"cell_id": "KS_324", "center_lon": 101.44958155700006, "center_lat": 3.4400084070000507, "population": 141.217529296875, "avg_download_mbps": null, "avg_upload_mbps": null, "avg_latency_ms": null, "network_tests": null, "school_count": 0, "healthcare_count": 0, "connectivity_quality": null, "connectivity_gap": null, "pop_norm": 0.01178186144069535, "edu_exposure": 0.00471274457627814, "score_education": null, "health_exposure": 0.00471274457627814, "score_healthcare": null, "score_general": null, "priority_general": "No Data", "priority_education": "No Data", "priority_healthcare": "No Data", "cluster": 1, "ai_profile": "Moderate Coverage", "data_confidence": "No Data"}, "geometry": {"type": "Polygon", "coordinates": [[[101.44058155700006, 3.431008407000051], [101.44058155700006, 3.449008407000051], [101.45858155700006, 3.449008407000051], [101.45858155700006, 3.431008407000051], [101.44058155700006, 3.431008407000051]]]}}, {"id": "325", "type": "Feature", "properties": {"cell_id": "KS_325", "center_lon": 101.44958155700006, "center_lat": 3.4580084070000505, "population": 179.02978515625, "avg_download_mbps": null, "avg_upload_mbps": null, "avg_latency_ms": null, "network_tests": null, "school_count": 0, "healthcare_count": 0, "connectivity_quality": null, "connectivity_gap": null, "pop_norm": 0.014936560163392345, "edu_exposure": 0.005974624065356938, "score_education": null, "health_exposure": 0.005974624065356938, "score_healthcare": null, "score_general": null, "priority_general": "No Data", "priority_education": "No Data", "priority_healthcare": "No Data", "cluster": 1, "ai_profile": "Moderate Coverage", "data_confidence": "No Data"}, "geometry": {"type": "Polygon", "coordinates": [[[101.44058155700006, 3.449008407000051], [101.44058155700006, 3.46700840700005], [101.45858155700006, 3.46700840700005], [101.45858155700006, 3.449008407000051], [101.44058155700006, 3.449008407000051]]]}}, {"id": "326", "type": "Feature", "properties": {"cell_id": "KS_326", "center_lon": 101.44958155700006, "center_lat": 3.4760084070000503, "population": 30.614391326904297, "avg_download_mbps": null, "avg_upload_mbps": null, "avg_latency_ms": null, "network_tests": null, "school_count": 0, "healthcare_count": 0, "connectivity_quality": null, "connectivity_gap": null, "pop_norm": 0.0025541766556936474, "edu_exposure": 0.001021670662277459, "score_education": null, "health_exposure": 0.001021670662277459, "score_healthcare": null, "score_general": null, "priority_general": "No Data", "priority_education": "No Data", "priority_healthcare": "No Data", "cluster": 1, "ai_profile": "Moderate Coverage", "data_confidence": "No Data"}, "geometry": {"type": "Polygon", "coordinates": [[[101.44058155700006, 3.46700840700005], [101.44058155700006, 3.48500840700005], [101.45858155700006, 3.48500840700005], [101.45858155700006, 3.46700840700005], [101.44058155700006, 3.46700840700005]]]}}, {"id": "327", "type": "Feature", "properties": {"cell_id": "KS_327", "center_lon": 101.44958155700006, "center_lat": 3.49400840700005, "population": 23.199459075927734, "avg_download_mbps": null, "avg_upload_mbps": null, "avg_latency_ms": null, "network_tests": null, "school_count": 0, "healthcare_count": 0, "connectivity_quality": null, "connectivity_gap": null, "pop_norm": 0.0019355445013986045, "edu_exposure": 0.0007742178005594419, "score_education": null, "health_exposure": 0.0007742178005594419, "score_healthcare": null, "score_general": null, "priority_general": "No Data", "priority_education": "No Data", "priority_healthcare": "No Data", "cluster": 1, "ai_profile": "Moderate Coverage", "data_confidence": "No Data"}, "geometry": {"type": "Polygon", "coordinates": [[[101.45858155700006, 3.48500840700005], [101.44058155700006, 3.48500840700005], [101.44058155700006, 3.50300840700005], [101.44844849212188, 3.50300840700005], [101.45858155700006, 3.49310649942349], [101.45858155700006, 3.48500840700005]]]}}, {"id": "328", "type": "Feature", "properties": {"cell_id": "KS_328", "center_lon": 101.44958155700006, "center_lat": 3.51200840700005, "population": 0.0, "avg_download_mbps": null, "avg_upload_mbps": null, "avg_latency_ms": null, "network_tests": null, "school_count": 0, "healthcare_count": 0, "connectivity_quality": null, "connectivity_gap": null, "pop_norm": 0.0, "edu_exposure": 0.0, "score_education": null, "health_exposure": 0.0, "score_healthcare": null, "score_general": null, "priority_general": "No Data", "priority_education": "No Data", "priority_healthcare": "No Data", "cluster": 1, "ai_profile": "Moderate Coverage", "data_confidence": "No Data"}, "geometry": {"type": "Polygon", "coordinates": [[[101.44058155700006, 3.50300840700005], [101.44058155700006, 3.510695880180526], [101.44844849212188, 3.50300840700005], [101.44058155700006, 3.50300840700005]]]}}, {"id": "329", "type": "Feature", "properties": {"cell_id": "KS_329", "center_lon": 101.46758155700006, "center_lat": 3.1880084070000536, "population": 165.95848083496094, "avg_download_mbps": 4.749, "avg_upload_mbps": 6.975, "avg_latency_ms": 14.0, "network_tests": 1.0, "school_count": 0, "healthcare_count": 0, "connectivity_quality": 0.3175129439480122, "connectivity_gap": 0.6824870560519878, "pop_norm": 0.01384601356390586, "edu_exposure": 0.005538405425562345, "score_education": 0.7363453792539363, "health_exposure": 0.005538405425562345, "score_healthcare": 0.7035264564907228, "score_general": 1.7285664077876084, "priority_general": "Low", "priority_education": "Low", "priority_healthcare": "Low", "cluster": 0, "ai_profile": "High-Impact Connectivity Gap", "data_confidence": "Low"}, "geometry": {"type": "MultiPolygon", "coordinates": [[[[101.47658155700006, 3.197008407000054], [101.47658155700006, 3.193415749961901], [101.47418272392943, 3.197008407000054], [101.47658155700006, 3.197008407000054]]], [[[101.45858155700006, 3.197008407000054], [101.47376600593039, 3.197008407000054], [101.46888336500007, 3.194919101000039], [101.46293278700006, 3.191948432000061], [101.45858155700006, 3.192026011979443], [101.45858155700006, 3.197008407000054]]]]}}, {"id": "330", "type": "Feature", "properties": {"cell_id": "KS_330", "center_lon": 101.46758155700006, "center_lat": 3.2060084070000534, "population": 9448.548828125, "avg_download_mbps": 178.66491666666664, "avg_upload_mbps": 33.311083333333336, "avg_latency_ms": 17.583333333333332, "network_tests": 342.0, "school_count": 0, "healthcare_count": 0, "connectivity_quality": 0.5878037988644913, "connectivity_gap": 0.4121962011355087, "pop_norm": 0.7882979801649638, "edu_exposure": 0.3153191920659855, "score_education": 30.777516059527223, "health_exposure": 0.3153191920659855, "score_healthcare": 29.405761783803236, "score_general": 72.25003629349249, "priority_general": "High", "priority_education": "Low", "priority_healthcare": "Low", "cluster": 2, "ai_profile": "Well-Served Urban", "data_confidence": "High"}, "geometry": {"type": "Polygon", "coordinates": [[[101.45858155700006, 3.197008407000054], [101.45858155700006, 3.215008407000053], [101.47658155700006, 3.215008407000053], [101.47658155700006, 3.197008407000054], [101.47418272392943, 3.197008407000054], [101.47409012000008, 3.197147097000027], [101.47376600593039, 3.197008407000054], [101.45858155700006, 3.197008407000054]]]}}, {"id": "331", "type": "Feature", "properties": {"cell_id": "KS_331", "center_lon": 101.46758155700006, "center_lat": 3.224008407000053, "population": 2442.568359375, "avg_download_mbps": 46.24285714285714, "avg_upload_mbps": 6.477285714285714, "avg_latency_ms": 26.857142857142858, "network_tests": 54.0, "school_count": 0, "healthcare_count": 0, "connectivity_quality": 0.3503588768136547, "connectivity_gap": 0.6496411231863453, "pop_norm": 0.20378491333808968, "edu_exposure": 0.08151396533523587, "score_education": 12.442754843805712, "health_exposure": 0.08151396533523587, "score_healthcare": 11.8881811047891, "score_general": 29.209293151443532, "priority_general": "Low", "priority_education": "Low", "priority_healthcare": "Low", "cluster": 0, "ai_profile": "High-Impact Connectivity Gap", "data_confidence": "High"}, "geometry": {"type": "Polygon", "coordinates": [[[101.45858155700006, 3.215008407000053], [101.45858155700006, 3.233008407000053], [101.47658155700006, 3.233008407000053], [101.47658155700006, 3.215008407000053], [101.45858155700006, 3.215008407000053]]]}}, {"id": "332", "type": "Feature", "properties": {"cell_id": "KS_332", "center_lon": 101.46758155700006, "center_lat": 3.242008407000053, "population": 3230.472412109375, "avg_download_mbps": 76.05457142857142, "avg_upload_mbps": 16.61342857142857, "avg_latency_ms": 26.142857142857142, "network_tests": 303.0, "school_count": 0, "healthcare_count": 0, "connectivity_quality": 0.4133782052056896, "connectivity_gap": 0.5866217947943104, "pop_norm": 0.2695202113857107, "edu_exposure": 0.10780808455428428, "score_education": 14.891819468673436, "health_exposure": 0.10780808455428428, "score_healthcare": 14.228090888694709, "score_general": 34.958457823783235, "priority_general": "Low", "priority_education": "Low", "priority_healthcare": "Low", "cluster": 0, "ai_profile": "High-Impact Connectivity Gap", "data_confidence": "High"}, "geometry": {"type": "Polygon", "coordinates": [[[101.45858155700006, 3.233008407000053], [101.45858155700006, 3.251008407000053], [101.47658155700006, 3.251008407000053], [101.47658155700006, 3.233008407000053], [101.45858155700006, 3.233008407000053]]]}}, {"id": "333", "type": "Feature", "properties": {"cell_id": "KS_333", "center_lon": 101.46758155700006, "center_lat": 3.260008407000053, "population": 2406.77197265625, "avg_download_mbps": 105.3595, "avg_upload_mbps": 23.673, "avg_latency_ms": 58.833333333333336, "network_tests": 37.0, "school_count": 0, "healthcare_count": 0, "connectivity_quality": 0.4304990336000578, "connectivity_gap": 0.5695009663999422, "pop_norm": 0.20079839976220606, "edu_exposure": 0.08031935990488243, "score_education": 10.725684510559411, "health_exposure": 0.08031935990488243, "score_healthcare": 10.247640617771903, "score_general": 25.17848073449665, "priority_general": "Low", "priority_education": "Low", "priority_healthcare": "Low", "cluster": 0, "ai_profile": "High-Impact Connectivity Gap", "data_confidence": "High"}, "geometry": {"type": "Polygon", "coordinates": [[[101.45858155700006, 3.251008407000053], [101.45858155700006, 3.269008407000053], [101.47658155700006, 3.269008407000053], [101.47658155700006, 3.251008407000053], [101.45858155700006, 3.251008407000053]]]}}, {"id": "334", "type": "Feature", "properties": {"cell_id": "KS_334", "center_lon": 101.46758155700006, "center_lat": 3.2780084070000526, "population": 519.1614379882812, "avg_download_mbps": 70.76266666666668, "avg_upload_mbps": 17.629333333333335, "avg_latency_ms": 22.166666666666668, "network_tests": 119.0, "school_count": 0, "healthcare_count": 0, "connectivity_quality": 0.4143537133987246, "connectivity_gap": 0.5856462866012754, "pop_norm": 0.043313943801348155, "edu_exposure": 0.017325577520539263, "score_education": 2.2519959760841166, "health_exposure": 0.017325577520539263, "score_healthcare": 2.1516244872631294, "score_general": 5.2865471888694, "priority_general": "Low", "priority_education": "Low", "priority_healthcare": "Low", "cluster": 0, "ai_profile": "High-Impact Connectivity Gap", "data_confidence": "High"}, "geometry": {"type": "Polygon", "coordinates": [[[101.47658155700006, 3.269008407000053], [101.45858155700006, 3.269008407000053], [101.45858155700006, 3.287008407000052], [101.46240840421085, 3.287008407000052], [101.46256087500007, 3.277723006000031], [101.47446203100009, 3.275123883000049], [101.47658155700006, 3.275123883000049], [101.47658155700006, 3.269008407000053]]]}}, {"id": "335", "type": "Feature", "properties": {"cell_id": "KS_335", "center_lon": 101.46758155700006, "center_lat": 3.2960084070000524, "population": 54.75446319580078, "avg_download_mbps": null, "avg_upload_mbps": null, "avg_latency_ms": null, "network_tests": null, "school_count": 0, "healthcare_count": 0, "connectivity_quality": null, "connectivity_gap": null, "pop_norm": 0.004568197035060671, "edu_exposure": 0.0018272788140242685, "score_education": null, "health_exposure": 0.0018272788140242685, "score_healthcare": null, "score_general": null, "priority_general": "No Data", "priority_education": "No Data", "priority_healthcare": "No Data", "cluster": 1, "ai_profile": "Moderate Coverage", "data_confidence": "No Data"}, "geometry": {"type": "Polygon", "coordinates": [[[101.45858155700006, 3.287008407000052], [101.45858155700006, 3.30004481234327], [101.46218896400006, 3.300372215000039], [101.46240840421085, 3.287008407000052], [101.45858155700006, 3.287008407000052]]]}}, {"id": "336", "type": "Feature", "properties": {"cell_id": "KS_336", "center_lon": 101.46758155700006, "center_lat": 3.404008407000051, "population": 5.067331314086914, "avg_download_mbps": null, "avg_upload_mbps": null, "avg_latency_ms": null, "network_tests": null, "school_count": 0, "healthcare_count": 0, "connectivity_quality": null, "connectivity_gap": null, "pop_norm": 0.00042277042881240853, "edu_exposure": 0.00016910817152496343, "score_education": null, "health_exposure": 0.00016910817152496343, "score_healthcare": null, "score_general": null, "priority_general": "No Data", "priority_education": "No Data", "priority_healthcare": "No Data", "cluster": 1, "ai_profile": "Moderate Coverage", "data_confidence": "No Data"}, "geometry": {"type": "Polygon", "coordinates": [[[101.45858155700006, 3.413008407000051], [101.45986762844716, 3.413008407000051], [101.45960259600008, 3.40101508500004], [101.45958558600006, 3.400245307000034], [101.45858155700006, 3.400690756380335], [101.45858155700006, 3.413008407000051]]]}}, {"id": "337", "type": "Feature", "properties": {"cell_id": "KS_337", "center_lon": 101.46758155700006, "center_lat": 3.422008407000051, "population": 5.745280742645264, "avg_download_mbps": null, "avg_upload_mbps": null, "avg_latency_ms": null, "network_tests": null, "school_count": 0, "healthcare_count": 0, "connectivity_quality": null, "connectivity_gap": null, "pop_norm": 0.0004793321479618868, "edu_exposure": 0.00019173285918475471, "score_education": null, "health_exposure": 0.00019173285918475471, "score_healthcare": null, "score_general": null, "priority_general": "No Data", "priority_education": "No Data", "priority_healthcare": "No Data", "cluster": 1, "ai_profile": "Moderate Coverage", "data_confidence": "No Data"}, "geometry": {"type": "Polygon", "coordinates": [[[101.45858155700006, 3.413008407000051], [101.45858155700006, 3.431008407000051], [101.46026539847678, 3.431008407000051], [101.45986762844716, 3.413008407000051], [101.45858155700006, 3.413008407000051]]]}}, {"id": "338", "type": "Feature", "properties": {"cell_id": "KS_338", "center_lon": 101.46758155700006, "center_lat": 3.4400084070000507, "population": 40.241146087646484, "avg_download_mbps": null, "avg_upload_mbps": null, "avg_latency_ms": null, "network_tests": null, "school_count": 0, "healthcare_count": 0, "connectivity_quality": null, "connectivity_gap": null, "pop_norm": 0.0033573424615206205, "edu_exposure": 0.0013429369846082483, "score_education": null, "health_exposure": 0.0013429369846082483, "score_healthcare": null, "score_general": null, "priority_general": "No Data", "priority_education": "No Data", "priority_healthcare": "No Data", "cluster": 1, "ai_profile": "Moderate Coverage", "data_confidence": "No Data"}, "geometry": {"type": "Polygon", "coordinates": [[[101.45858155700006, 3.431008407000051], [101.45858155700006, 3.449008407000051], [101.46066316850641, 3.449008407000051], [101.46026539847678, 3.431008407000051], [101.45858155700006, 3.431008407000051]]]}}, {"id": "339", "type": "Feature", "properties": {"cell_id": "KS_339", "center_lon": 101.46758155700006, "center_lat": 3.4580084070000505, "population": 48.039878845214844, "avg_download_mbps": null, "avg_upload_mbps": null, "avg_latency_ms": null, "network_tests": null, "school_count": 0, "healthcare_count": 0, "connectivity_quality": null, "connectivity_gap": null, "pop_norm": 0.004007995317580153, "edu_exposure": 0.0016031981270320612, "score_education": null, "health_exposure": 0.0016031981270320612, "score_healthcare": null, "score_general": null, "priority_general": "No Data", "priority_education": "No Data", "priority_healthcare": "No Data", "cluster": 1, "ai_profile": "Moderate Coverage", "data_confidence": "No Data"}, "geometry": {"type": "Polygon", "coordinates": [[[101.45858155700006, 3.449008407000051], [101.45858155700006, 3.46700840700005], [101.46459190328252, 3.46700840700005], [101.46070132000006, 3.450734849000071], [101.46066316850641, 3.449008407000051], [101.45858155700006, 3.449008407000051]]]}}, {"id": "340", "type": "Feature", "properties": {"cell_id": "KS_340", "center_lon": 101.46758155700006, "center_lat": 3.4760084070000503, "population": 1.1268960237503052, "avg_download_mbps": null, "avg_upload_mbps": null, "avg_latency_ms": null, "network_tests": null, "school_count": 0, "healthcare_count": 0, "connectivity_quality": null, "connectivity_gap": null, "pop_norm": 9.401759736204673e-05, "edu_exposure": 3.760703894481869e-05, "score_education": null, "health_exposure": 3.760703894481869e-05, "score_healthcare": null, "score_general": null, "priority_general": "No Data", "priority_education": "No Data", "priority_healthcare": "No Data", "cluster": 1, "ai_profile": "Moderate Coverage", "data_confidence": "No Data"}, "geometry": {"type": "Polygon", "coordinates": [[[101.45858155700006, 3.46700840700005], [101.45858155700006, 3.48500840700005], [101.46686869715782, 3.48500840700005], [101.46851145300008, 3.483403126000042], [101.46459190328252, 3.46700840700005], [101.45858155700006, 3.46700840700005]]]}}, {"id": "341", "type": "Feature", "properties": {"cell_id": "KS_341", "center_lon": 101.46758155700006, "center_lat": 3.49400840700005, "population": 0.0, "avg_download_mbps": null, "avg_upload_mbps": null, "avg_latency_ms": null, "network_tests": null, "school_count": 0, "healthcare_count": 0, "connectivity_quality": null, "connectivity_gap": null, "pop_norm": 0.0, "edu_exposure": 0.0, "score_education": null, "health_exposure": 0.0, "score_healthcare": null, "score_general": null, "priority_general": "No Data", "priority_education": "No Data", "priority_healthcare": "No Data", "cluster": 1, "ai_profile": "Moderate Coverage", "data_confidence": "No Data"}, "geometry": {"type": "Polygon", "coordinates": [[[101.45858155700006, 3.48500840700005], [101.45858155700006, 3.49310649942349], [101.46686869715782, 3.48500840700005], [101.45858155700006, 3.48500840700005]]]}}, {"id": "342", "type": "Feature", "properties": {"cell_id": "KS_342", "center_lon": 101.48558155700006, "center_lat": 3.1880084070000536, "population": 706.6744995117188, "avg_download_mbps": null, "avg_upload_mbps": null, "avg_latency_ms": null, "network_tests": null, "school_count": 0, "healthcare_count": 0, "connectivity_quality": null, "connectivity_gap": null, "pop_norm": 0.058958268696349785, "edu_exposure": 0.023583307478539914, "score_education": null, "health_exposure": 0.023583307478539914, "score_healthcare": null, "score_general": null, "priority_general": "No Data", "priority_education": "No Data", "priority_healthcare": "No Data", "cluster": 1, "ai_profile": "Moderate Coverage", "data_confidence": "No Data"}, "geometry": {"type": "Polygon", "coordinates": [[[101.47658155700006, 3.197008407000054], [101.49171974969437, 3.197008407000054], [101.49156994300006, 3.184893059000046], [101.48710700900006, 3.191948432000061], [101.48338789800005, 3.192691100000047], [101.47706540900003, 3.192691100000047], [101.47658155700006, 3.193415749961901], [101.47658155700006, 3.197008407000054]]]}}, {"id": "343", "type": "Feature", "properties": {"cell_id": "KS_343", "center_lon": 101.48558155700006, "center_lat": 3.2060084070000534, "population": 11986.01171875, "avg_download_mbps": 163.43975, "avg_upload_mbps": 26.932583333333337, "avg_latency_ms": 19.25, "network_tests": 459.0, "school_count": 0, "healthcare_count": 0, "connectivity_quality": 0.5509247781440776, "connectivity_gap": 0.4490752218559224, "pop_norm": 0.9999999999999165, "edu_exposure": 0.3999999999999666, "score_education": 42.59861674507056, "health_exposure": 0.3999999999999666, "score_healthcare": 40.69999586393907, "score_general": 99.99999999776466, "priority_general": "High", "priority_education": "Medium", "priority_healthcare": "Medium", "cluster": 2, "ai_profile": "Well-Served Urban", "data_confidence": "High"}, "geometry": {"type": "Polygon", "coordinates": [[[101.47658155700006, 3.197008407000054], [101.47658155700006, 3.215008407000053], [101.49194232031286, 3.215008407000053], [101.49171974969437, 3.197008407000054], [101.47658155700006, 3.197008407000054]]]}}, {"id": "344", "type": "Feature", "properties": {"cell_id": "KS_344", "center_lon": 101.48558155700006, "center_lat": 3.224008407000053, "population": 4677.4296875, "avg_download_mbps": 82.199125, "avg_upload_mbps": 14.458875, "avg_latency_ms": 35.5, "network_tests": 135.0, "school_count": 0, "healthcare_count": 0, "connectivity_quality": 0.40435894880384127, "connectivity_gap": 0.5956410511961587, "pop_norm": 0.39024070702205277, "edu_exposure": 0.15609628280882112, "score_education": 21.970375643021764, "health_exposure": 0.15609628280882112, "score_healthcare": 20.99115572581704, "score_general": 51.575326433746305, "priority_general": "Medium", "priority_education": "Low", "priority_healthcare": "Low", "cluster": 0, "ai_profile": "High-Impact Connectivity Gap", "data_confidence": "High"}, "geometry": {"type": "Polygon", "coordinates": [[[101.47658155700006, 3.215008407000053], [101.47658155700006, 3.233008407000053], [101.49216489377329, 3.233008407000053], [101.49210031700005, 3.227786106000053], [101.49194232031286, 3.215008407000053], [101.47658155700006, 3.215008407000053]]]}}, {"id": "345", "type": "Feature", "properties": {"cell_id": "KS_345", "center_lon": 101.48558155700006, "center_lat": 3.242008407000053, "population": 5019.0126953125, "avg_download_mbps": 118.25711111111112, "avg_upload_mbps": 20.090777777777777, "avg_latency_ms": 37.77777777777778, "network_tests": 180.0, "school_count": 0, "healthcare_count": 0, "connectivity_quality": 0.45916385901138, "connectivity_gap": 0.54083614098862, "pop_norm": 0.41873917805876343, "edu_exposure": 0.1674956712235054, "score_education": 21.4015061015805, "health_exposure": 0.1674956712235054, "score_healthcare": 20.447640706952974, "score_general": 50.23990856130007, "priority_general": "Medium", "priority_education": "Low", "priority_healthcare": "Low", "cluster": 0, "ai_profile": "High-Impact Connectivity Gap", "data_confidence": "High"}, "geometry": {"type": "Polygon", "coordinates": [[[101.47658155700006, 3.233008407000053], [101.47658155700006, 3.251008407000053], [101.49238747418724, 3.251008407000053], [101.49216489377329, 3.233008407000053], [101.47658155700006, 3.233008407000053]]]}}, {"id": "346", "type": "Feature", "properties": {"cell_id": "KS_346", "center_lon": 101.48558155700006, "center_lat": 3.260008407000053, "population": 514.430419921875, "avg_download_mbps": 43.485, "avg_upload_mbps": 18.3695, "avg_latency_ms": 284.0, "network_tests": 3.0, "school_count": 0, "healthcare_count": 0, "connectivity_quality": 0.09466990327988985, "connectivity_gap": 0.9053300967201101, "pop_norm": 0.042919232184388444, "edu_exposure": 0.01716769287375538, "score_education": 3.536493486145093, "health_exposure": 0.01716769287375538, "score_healthcare": 3.3788719272347905, "score_general": 8.301897470591642, "priority_general": "Low", "priority_education": "Low", "priority_healthcare": "Low", "cluster": 1, "ai_profile": "Moderate Coverage", "data_confidence": "Low"}, "geometry": {"type": "Polygon", "coordinates": [[[101.47658155700006, 3.251008407000053], [101.47658155700006, 3.269008407000053], [101.4926100546012, 3.269008407000053], [101.49238747418724, 3.251008407000053], [101.47658155700006, 3.251008407000053]]]}}, {"id": "347", "type": "Feature", "properties": {"cell_id": "KS_347", "center_lon": 101.48558155700006, "center_lat": 3.2780084070000526, "population": 105.12033081054688, "avg_download_mbps": 116.72, "avg_upload_mbps": 31.0755, "avg_latency_ms": 22.75, "network_tests": 149.0, "school_count": 0, "healthcare_count": 0, "connectivity_quality": 0.503739102002524, "connectivity_gap": 0.49626089799747597, "pop_norm": 0.008770250962302656, "edu_exposure": 0.0035081003849210626, "score_education": 0.25095855304686054, "health_exposure": 0.0035081003849210626, "score_healthcare": 0.2397733271986891, "score_general": 0.5891237139062535, "priority_general": "Low", "priority_education": "Low", "priority_healthcare": "Low", "cluster": 0, "ai_profile": "High-Impact Connectivity Gap", "data_confidence": "High"}, "geometry": {"type": "Polygon", "coordinates": [[[101.47658155700006, 3.269008407000053], [101.47658155700006, 3.275123883000049], [101.49268567600006, 3.275123883000049], [101.4926100546012, 3.269008407000053], [101.47658155700006, 3.269008407000053]]]}}]}